Workbook

Sheet Key
A1: Replace the piece notation with your own lettering scheme
A2: =HYPERLINK("https://www.speedsolving.com/wiki/index.php/Speffz","Speffz") -> Speffz
A4: PIECE TYPE | B4: BUFFER | C4: LETTERING SCHEME
A5: Corners | B5: UFR | C5: UBL | D5: URB | E5: UFR | F5: ULF | G5: LUB | H5: LFU | I5: LDF | J5: LBD | K5: FUL | L5: FRU | M5: FDR | N5: FLD | O5: RUF | P5: RBU | Q5: RDB | R5: RFD | S5: BUR | T5: BLU | U5: BDL | V5: BRD | W5: DFL | X5: DRF | Y5: DBR | Z5: DLB
A6: Edges | B6: UF | C6: UB | D6: UR | E6: UF | F6: UL | G6: LU | H6: LF | I6: LD | J6: LB | K6: FU | L6: FR | M6: FD | N6: FL | O6: RU | P6: RB | Q6: RD | R6: RF | S6: BU | T6: BL | U6: BD | V6: BR | W6: DF | X6: DR | Y6: DB | Z6: DL
A7: Wings | B7: UFr | C7: UBl | D7: URb | E7: UFr | F7: ULf | G7: LUb | H7: LFu | I7: LDf | J7: LBd | K7: FUl | L7: FRu | M7: FDr | N7: FLd | O7: RUf | P7: RBu | Q7: RDb | R7: RFd | S7: BUr | T7: BLu | U7: BDl | V7: BRd | W7: DFl | X7: DRf | Y7: DBr | Z7: DLb
A8: X-centers | B8: Ufr | C8: Ubl | D8: Urb | E8: Ufr | F8: Ulf | G8: Lub | H8: Lfu | I8: Ldf | J8: Lbd | K8: Ful | L8: Fru | M8: Fdr | N8: Fld | O8: Ruf | P8: Rbu | Q8: Rdb | R8: Rfd | S8: Bur | T8: Blu | U8: Bdl | V8: Brd | W8: Dfl | X8: Drf | Y8: Dbr | Z8: Dlb
A9: T-centers | B9: Uf | C9: Ub | D9: Ur | E9: Uf | F9: Ul | G9: Lu | H9: Lf | I9: Ld | J9: Lb | K9: Fu | L9: Fr | M9: Fd | N9: Fl | O9: Ru | P9: Rb | Q9: Rd | R9: Rf | S9: Bu | T9: Bl | U9: Bd | V9: Br | W9: Df | X9: Dr | Y9: Db | Z9: Dl
A10: Obliques | B10: Ufr (U3fr, Uf3r) | C10: Ubl | D10: Urb | E10: Ufr | F10: Ulf | G10: Lub | H10: Lfu | I10: Ldf | J10: Lbd | K10: Ful | L10: Fru | M10: Fdr | N10: Fld | O10: Ruf | P10: Rbu | Q10: Rdb | R10: Rfd | S10: Bur | T10: Blu | U10: Bdl | V10: Brd | W10: Dfl | X10: Drf | Y10: Dbr | Z10: Dlb

Sheet Corners
B1: =Key!C5 -> UBL | C1: =Key!D5 -> URB | D1: =Key!E5 -> UFR | E1: =Key!F5 -> ULF | F1: =Key!G5 -> LUB | G1: =Key!H5 -> LFU | H1: =Key!I5 -> LDF | I1: =Key!J5 -> LBD | ... Y1: =Key!Z5 -> DLB
A2: {=TRANSPOSE(B1:Y1)} -> UBL
A3: URB | B3: [l':[U, R' D2 R]]
A4: UFR
A5: ULF | B5: [R' D' U2:[R' D R, U]] | C5: [l:[U', R D2 R']]
A6: LUB | B6: [U2, R' D R D' R' D R] | C6: [R:[U, R D R']] | E6: [U' R:[R D R', U2]]
A7: LFU | B7: [l D R':[R D' R' D, F2]] | C7: [R':[R' D' R, U']] | E7: [R' D R D' R' D R, U'] | F7: [L, U' R' U]
A8: LDF | B8: [R' D R, U2] | C8: [R' D R, U] | E8: [R' D R, U'] | F8: [U R':[U', R' D R]] | G8: [U' R' U, L']
A9: LBD | B9: [U':[R D' R', U2]] | C9: [U', R D' R'] | E9: [U':[R D' R', U']] | F9: [R D':[R D R', U]] | G9: [U' R' U, L2] | H9: [z':[R U' R', D]]
A10: FUL | B10: [l' UD':[R D R', U2]] | C10: [R:[U2, R D R']] | E10: [U', R' D R D' R' D R]] | F10: [l' U':[R D' R', U2]] | G10: [R' D R D' R' D R, U'] | H10: [D R':[F2, R D' R' D]] | I10: [R DU:[R' D R, U2]]
A11: FRU
A12: FDR | B12: [DU':[R D R', U2]] | C12: [D':[R' D R, U]] | E12: [D':[R' D R, U']] | F12: [U' R':[R U R U' R', F]] | G12: [R, U L U'] | H12: [U:[D, R U' R']] | I12: [U R U':[R D' R', U']] | J12: [R':[R D' R' D, F2]]
A13: FLD | B13: [D'U':[R D' R', U2]] | C13: [D:[R' D' R, U]] | E13: [D:[R' D' R, U']] | F13: [R U:[R' D R, U]] | G13: [D R' U':[D', R U R']] | H13: [R U R':[R U' R' U R U' R', D]] | I13: [D2:[R U R', D']] | J13: [R U:[R' D R, U2]] | L13: [U L' U', R]
A14: RUF
A15: RBU | B15: [R' UD R:[R U' R', D']] | C15: [R' D R D' R' D R, U] | E15: [U' R':[U2, R' D' R]] | F15: [R:[R2' D R2 D' R2', U]] | G15: [U' R' DU:[R D R', U2]] | H15: [U R U:[R' D R, U2]] | I15: [U R:[R D' R', U2]] | J15: [R':[R2 D' R2' D R2, U']] | L15: [U' R' U:[R D R', U2]] | M15: [UD' R:[R D' R', U2]]
A16: RDB | B16: [U':[R D R', U2]] | C16: [U', R D R'] | E16: [U':[R D R', U']] | F16: [U' R:[R U' R', D’]] | G16: [R' U’:[R' D' R, U2]] | H16: [UD:[R U' R', D2]] | I16: [R D':[R' U' R, D2]] | J16: [R D'U:[R' D R, U2]] | L16: [U:[R U' R', D']] | M16: [R D:[D, R' U' R]] | O16: [U' R' U':[R D' R', U2]]
A17: RFD | B17: [R' D' R, U2] | C17: [R' D' R, U] | E17: [R' D' R, U'] | F17: [U R' U’:[U’, R D R']] | G17: [R' U':[D', R U R']] | H17: [U R' D:[R U' R', D2]] | I17: [D2, R U R'] | J17: [l':[R' D' R, U2]] | L17: [R':[R U' R' U R U' R', D']] | M17: [D, R U R'] | O17: [U' R' DU’:[R D' R', U2]] | P17: [R D’:[R’ D R, U]]
A18: BUR | B18: [R' UD:[R D R', U2]] | C18: [U, R' D R D' R' D R] | E18: [U' R:[R D R', U]] | F18: [U R':[U', R' D' R]] | G18: [R', U L U'] | H18: [R' U:[D, R U' R']] | I18: [U' L U, R] | J18: [R D'U:[R' D' R, U2]] | L18: [D' R' U:[R U' R', D]] | M18: [R', U L' U'] | O18: [R' D R D' R' D R, U] | P18: [U' R U:[R' U' R, D]] | Q18: [R' U:[R U' R', D’]]
A19: BLU | B19: [R' D R D' R' D R, U2] | C19: [R':[R' D' R, U2]] | E19: [U' R':[U', R' D' R]] | F19: [U2, R' D R D' R' D R] | G19: [l U' l', F] | H19: [R' D:[R' U R, D]] | I19: [U2 R:[R D' R', U]] | J19: [R2 F U':[R D R', U2]] | L19: [U' R' U':[U', R D R']] | M19: [D R':[D, R' U R]] | O19: [U R:[U2, R D R']] | P19: [R' U:[U, R' D' R]] | Q19: [R':[D, R' U R]] | R19: [R, U' L' U]
A20: BDL | B20: [D'U':[R D R', U2]] | C20: [D:[R' D R, U]] | E20: [D:[R' D R, U']] | F20: [U D R':[U', R' D R]] | G20: [l U2 l', F] | H20: [U D:[R U' R', D]] | I20: [U' R:[R' U R U' R' U R, D']] | J20: [D' R DU:[R' D R, U2]] | L20: [U'D:[R' U' R, D2]] | M20: [D' R D':[R' U' R, D2]] | O20: [U' R' U’:[R D' R', U2]] | P20: [UD':[R U' R', D']] | Q20: [U R' D':[R U' R', D’]] | R20: [D R' U:[D, R U' R’]] | S20: [R' D’:[R' U R, D2]]
A21: BRD | B21: [U'D:[R D' R', U2]] | C21: [D:[U', R D' R']] | E21: [D':[R' D' R, U']] | F21: [R U:[R' D' R, U]] | G21: [D' R' U':[D’, R U R']] | H21: [R' D:[R' U' R, D]] | I21: [D2:[R U R', D]] | J21: [R U:[R' D' R, U2]] | L21: [D R D:[R' U' R, D2]] | M21: [D:[R U R', D2]] | O21: [UD R:[R D' R', U2]] | P21: [R U R':[R U' R' U R U' R', D']] | Q21: [R U R', D'] | R21: [R' D':[R' D R, U]] | S21: [D' R':[R' U R, D]] | T21: [R' D:[R' U' R, D2]]
A22: DFL | B22: [R D R' U'D:[R D' R', U2]] | C22: [F2, l U l'] | E22: [R' U' R:[F2, R' U R U']] | F22: [R D':[R D' R, U]] | G22: [U' R' U:[R U' R', D]] | H22: [R U R':[D R U' R' U R U' R']] | I22: [l' D R':[F2, R D' R' D]] | J22: [R UD:[R' D' R, U2]] | L22: [U' R' U D’:[R U' R', D2]] | M22: [U R U' R':[D, R U R' U' R U R']] | O22: [U' R':[U2, R' D R]] | P22: [U' R':[R' D R, U]] | Q22: [R D:[U, R' D' R]] | R22: [D' R U':[D', R' U R]] | S22: [U' R':[R' D R, U']] | T22: [l U'D':[R D R', U2]] | U22: [R U:[R U R', D]]
A23: DRF | B23: [R2:[U, R2 D R2 D' R2]] | C23: [R' D R U' R D' R', U] | E23: [R' D R U' R D' R', U'] | F23: [U2 R':[D, R’ U R]] | G23: [U' D' R' U:[R U' R', D]] | H23: [U D R D':[R' D R, U’]] | I23: [D2 R:[R D' R', U']] | J23: [D' R UD:[R' D' R, U2]] | L23: [R':[D', R U' R' U R U' R']] | M23: [L' U:[F2, U' L U L']] | O23: [U'D' R':[R' D R, U2]] | P23: [DU R:[D2, R U' R']] | Q23: [R':[R U' R' U R U' R', D']] | R23: [U R' U':[R U R’, D']] | S23: [U'D' R':[R' D R, U']] | T23: [U'D' R’:[R’ D R, U]] | U23: [D' R D:[U, R' D' R]] | V23: [D, R2 U R2' U' R2
A24: DBR | B24: [R D' R':[R' D R, U2]] | C24: [U', R D' R' U R' D R] | E24: [R D' R':[U', R' D R]] | F24: [D R:[R D' R’, U]] | G24: [R2, U L U'] | H24: [U R:[D, R U' R']] | I24: [R D' R’:[R’ D R, U]] | J24: [D R:[R D' R', U2]] | L24: [U R D’:[U', R' D R]] | M24: [D R:[R D' R', U’]] | O24: [U R D'U’:[R' D R, U2]] | P24: [R U R':[D', R U' R' U R U' R']] | Q24: [D R U'D:[R' U R, D2]] | R24: [D R U':[R' U R, D']] | S24: [U R:[D', R U' R']] | T24: [U R:[R U' R', D2]] | U24: [R U R':[R U' R' U R U' R', D']] | V24: [R U' R':[D2, R' U R]] | W24: [R2 U R2' U' R2, D']
A25: DLB | B25: [R' U' D' R:[R U' R', D]] | C25: [l' U' l, B2] | E25: [R' D' R:[R U' R', D]] | F25: [R:[R D' R', U]] | G25: [U'D R' U:[R U' R', D]] | H25: [U D' R:[D2, R U' R']] | I25: [U' R:[D', R' U R U' R' U R]] | J25: [R:[R D' R', U2]] | L25: [R' D' R:[R U R', D]] | M25: [D R D:[U, R' D' R]] | O25: [U'D R':[R' D R, U2]] | P25: [U' R' D':[U', R D R']] | Q25: [R:[R D' R', U']] | R25: [R U':[R' U R, D']] | S25: [U'D R’:[R’ D R, U']] | T25: [U' R:[R' U R U' R' U R, D']] | U25: [R U'D:[R' U R, D2]] | V25: [R U' D2:[R' U R, D]] | W25: [R2:[D', R2' U' R2 U R2']] | X25: [R U' R':[R' U R, D']]

Sheet Edges
B1: =Key!C6 -> UB | C1: =Key!D6 -> UR | D1: =Key!E6 -> UF | E1: =Key!F6 -> UL | F1: =Key!G6 -> LU | G1: =Key!H6 -> LF | H1: =Key!I6 -> LD | I1: =Key!J6 -> LB | ... Z1: =Key!AA6
A2: {=TRANSPOSE(B1:Y1)} -> UB
A3: UR | B3: [R2 U':[S, R2]]
A4: UF
A5: UL | B5: [L2 U:[S', L2]] | C5: [M2 U:[M, U2]]
A6: LU | B6: [U' M U':[M', U2]] | C6: [S', L F' L'] | E6: [L' U' L U, l U2 L']
A7: LF | B7: [U':[R' E R, U2]] | C7: [U', R' E R] | E7: [U':[R' E R, U']] | F7: [S:[R' E R, U']]
A8: LD | B8: [M D M', U2] | C8: [M D M', U] | E8: [U, L' E' L] | F8: [S' D':[M, D2]] | G8: [L, D M D']
A9: LB | B9: [U':[R E' R', U2]] | C9: [U', R E' R'] | E9: [U':[R E' R', U']] | F9: [S:[U', R E' R']] | G9: [E' L' U L:[E, L2]] | H9: [D M D', L']
A10: FU
A11: FR | B11: [R' U':[S, R2]] | C11: [M U M' U', R] | E11: [R:[U perm]] | F11: [F R U':[M', U2]] | G11: [E, R U' R'] | H11: [M' u' L:[E, L2]] | I11: [R:[R E' R', U']]
A12: FD | B12: [U M U:[M', U2]] | C12: [M', R U' R' U] | E12: [M', L' U L U'] | F12: [l':[M', U' L U]] | G12: [D' L D, M] | H12: [l':[M', U' L' U]] | I12: [D' L' D, M] | K12: [M', U' R U]
A13: FL | B13: [L U:[S', L2]] | C13: [L':[Lefty U perm]] | E13: [M U' M' U, L'] | F13: [L UE L':[E', L2]] | G13: [L':[L' U' L U, l U2 L']] | H13: [L f' L:[S, L2]] | I13: [E, L' U L] | K13: [R' U' R:[E, R2]] | L13: [U L' U', M']
A14: RU | B14: [U M U:[M', U2]] | C14: [R U R' U', r' U2 R] | E14: [S, R' F R] | F14: [M U:[M', U2]] | G14: [L'M U:[M', U2]] | H14: [L F' L:[S', L2]] | I14: [l U:[M', U2]] | K14: [R' U'E' R':[E, R2]] | L14: [r:[U R' U', M']] | M14: [F' L' U':[M', U2]]
A15: RB | B15: [U:[L' E L, U2]] | C15: [U: [L' E L, U]] | E15: [U, L' E L] | F15: [r' U:[M' U2]] | G15: [r U R':[E, R2]] | H15: [L F':[E, L2]] | I15: [F:[R2, E']] | K15: [R U' R', E']] | L15: [M, D R D'] | M15: [L':[U, L' E L]] | N15: [S':[U, L' E L]]
A16: RD | B16: [M D' M', U2] | C16: [U', R E' R'] | E16: [M D' M', U'] | F16: [R' F R:[S, R2]] | G16: [M' U R':[E, R2]] | H16: [R' F R':[S', R2]] | I16: [R' F:[R2, E']] | K16: [R' f R':[S', R2]] | L16: [r:[U R U', M']] | M16: [M' u R:[E', R2]] | N16: [S D:[M, D2]] | O16: [R, D' M D]
A17: RF | B17: [U:[L E' L', U2]] | C17: [U:[L E' L', U]] | E17: [U, L E' L'] | F17: [RM U:[M', U2]] | G17: [R'M' U R:[E, R2]] | H17: [M' U' L':[E', L2]] | I17: [l' U' L':[E', L2]] | K17: [R:[R U R' U', r' U2 R]] | L17: [M, D R' D']] | M17: [L' U L, E'] | N17: [S':[U, L E' L']] | O17: [E R U' R:[E', R2]] | P17: [D' M D, R']
A18: BU | B18: [U':[S, R' F' R][U':[M', U2]]] | C18: [M, R' U' R U] | E18: [M, L U L' U'] | F18: [L' U' L U, M'] | G18: [U' L' U, M'] | H18: [U' L2 U, M'] | I18: [U' L U, M']] | K18: [M, U' R U] | L18: [U':[S, R' F' R]] | M18: [M, U L' U'] | N18: [R U R' U', M'] | O18: [U R' U', M'] | P18: [U R2 U', M'] | Q18: [U R U', M']
A19: BL | B19: [L' U:[S', L2]] | C19: [L: lefty U perm] | E19: [U' L: Lefty U perm] | F19: [U' l U:[M', U2]] | G19: [E', L U L'] | H19: [S' U' R':[E', R2]] | I19: [L:[L' U' L U, l U2 L']] | K19: [L' U L:[E', L2]] | L19: [U L U', M']] | M19: [U' L:[S', L2]] | N19: [M':[U, R E' R']] | O19: [E, L U L'] | P19: [L:[U', M D' M'] | Q19: [L:[L E' L', U]] | R19: [U L U', M]
A20: BD | B20: [U M' U:[M', U2]] | C20: (U M U M)*2 | E20: (U' M U' M')*2 | F20: [M':(U M' U M)*2] | G20: [l':(U M' U M)*2] | H20: (M D M' D)*2 | I20: [LM':(U M' U M)*2] | K20: [U':[U' M U, R]] | L20: [U' M' U:[M U2 M, U']] | M20: [U:[U M U', L']] | N20: [M':(U' M' U' M)*2] | O20: [R'M':(U' M' U' M)*2] | P20: (M D' M' D')*2 | Q20: [r:(U' M' U' M)*2] | R20: [U':[R B R', S]] | S20: [U:[U M U', L]]
A21: BR | B21: [R U':[S, R2]] | C21: [U R': U perm] | E21: [R': U perm] | F21: [l':[E, L U' L']] | G21: [R':[R' E R, U']] | H21: [R':[U, M D M']] | I21: [E, R' U R] | K21: [U R':[S, R2]] | L21: [U' R' U, M'] | M21: [R U' R':[E, R2]] | N21: [U r' U:[M', U2]] | O21: [R':[R U R' U', r' U2 R]] | P21: [S U L:[E, L2]] | Q21: [E, R' U' R] | R21: [U' R' U, M] | S21: [L' U L':[E, L2]] | T21: [U':[R', U' M U]]
A22: DF | B22: [U2, M'] | C22: (R2 f2 R2 U')*2 | E22: (L2 f2 L2 U)*2 | F22: [L' F':[E', L2]] | G22: [L2 F':[L2, E']] | H22: [L F':[L2, E']] | I22: [F':[L2, E']] | K22: [U R U:[M', U2]] | L22: [U2, M'][U':[S, R' F' R] | M22: [U' L' U':[M', U2]] | N22: [R F:[E', L2]] | O22: [F:[R2, E]] | P22: [R' F:[R2, E]] | Q22: [R2 F:[R2, E]] | R22: [U:[S, R' F' R]] | S22: [U' L U':[M' U2]] | T22: [D':[R F R', S']] | U22: [U R' U:[M', U2]]
A23: DR | B23: [U:[S', U2]] | C23: [U R2: U perm] | E23: [R2: U perm] | F23: [r:[U', L E' L']] | G23: [F', L S L'] | H23: [L' F' L, S] | I23: [u' r':[E', R2]] | K23: [R2 U R':U perm] | L23: [U' R2 U, M'] | M23: [U' R':[E, R2]] | N23: [R' F R, S'] | O23: [u' R:[E', R2]] | P23: [R2:[R U R' U', r' U2 R]] | Q23: [U'E' R:[E, R2]] | R23: [U' R2 U, M] | S23: [U' R:[E', R2]] | T23: [U' S' U:[M, U2]] | U23: [R' U R': U perm] | V23: [M' U2 M, D']
A24: DB | B24: [M, U2] | C24: [M2, R U' R' U] | E24: [M2, L' U L U'] | F24: [D:[S, L F' L']] | G24: [M:[U' L' U, M2]] | H24: [U:[S', L B' L']] | I24: [M:[U' L U, M2]] | K24: [M2, U' R U] | L24: [D:[R F R', S']] | M24: [M2, U L' U'] | N24: [D':[R' F R, S']] | O24: [M:[U R' U', M2]] | P24: [U':[R' B R, S]] | Q24: [M:[U R U', M2]] | R24: [U:[S, R B R']] | S24: [M2, U L U'] | T24: [M U:[U':[M', U2]][S, R' F' R]] | U24: [M2, U' R' U] | V24: [D2, M] | W24: [M2, U' R2 U]
A25: DL | B25: [U':[S, U2]] | C25: [L2: Lefty U perm] | E25: [U' L2: Lefty U perm] | F25: [L':[E, L' U L]] | G25: [UE L:[E', L2]] | H25: [L2:[L' U' L U, l U2 L']] | I25: [u L':[E, L2]] | K25: [U L:[E', L2]] | L25: [U' L2 U, M'] | M25: [L2 U' L:Lefty U perm] | N25: [l':[U, R' E R]] | O25: [u L:[E', L2]] | P25: [R F R', S'] | Q25: [F, R' S' R] | R25: [U L2 U', M] | S25: [L U' L: lefty U perm] | T25: [U S U':[M, U2]] | U25: [U L':[E, L2]] | V25: [M' U2 M, D] | W25: [D:[M, D2]] | X25: [U L2 U', M2]

Sheet CE parity (WIP)
B1: =Key!C6 -> UB | C1: =Key!D6 -> UR | D1: =Key!E6 -> UF | E1: =Key!F6 -> UL | F1: =Key!G6 -> LU | G1: =Key!H6 -> LF | H1: =Key!I6 -> LD | I1: =Key!J6 -> LB | ... Y1: =Key!Z6 -> DL
A2: =Key!C5 -> UBL | B2: N perm | C2: [L' U' L U: Jb perm] | E2: [z R2: V perm] | F2: [R'M' U' R U': Jb perm] | G2: [y' R U R': Rb perm] | H2: [z S R2: V perm]
A3: =Key!D5 -> URB | B3: F perm
A4: =Key!E5 -> UFR
A5: =Key!F5 -> ULF | B5: [U': T perm] | E5: [U': Jb perm] | F5: [S U: Ja perm]
A6: =Key!G5 -> LUB | F6: [b': Jb perm]
A7: =Key!H5 -> LFU
A8: =Key!I5 -> LDF
A9: =Key!J5 -> LBD
A10: =Key!K5 -> FUL | C10: [L2 U' L U: Jb perm]
A11: =Key!L5 -> FRU
A12: =Key!M5 -> FDR | B12: [U M' U': Jb perm] | C12: [U R U': Jb perm]
A13: =Key!N5 -> FLD | C13: [L' U: Ja perm]
A14: =Key!O5 -> RUF
A15: =Key!P5 -> RBU
A16: =Key!Q5 -> RDB | C16: [R D R': Jb perm]
A17: =Key!R5 -> RFD
A18: =Key!S5 -> BUR
A19: =Key!T5 -> BLU
A20: =Key!U5 -> BDL
A21: =Key!V5 -> BRD
A22: =Key!W5 -> DFL
A23: =Key!X5 -> DRF
A24: =Key!Y5 -> DBR
A25: =Key!Z5 -> DLB

Sheet Wings
B1: =Key!C7 -> UBl | C1: =Key!D7 -> URb | D1: =Key!E7 -> UFr | E1: =Key!F7 -> ULf | F1: =Key!G7 -> LUb | G1: =Key!H7 -> LFu | H1: =Key!I7 -> LDf | I1: =Key!J7 -> LBd | ... Y1: =Key!Z7 -> DLb
A2: {=TRANSPOSE(B1:Y1)} -> UBl
A3: URb | B3: [Rw' U:[U r U', R]]
A4: UFr | B4: parity | C4: [R B: parity]
A5: ULf | B5: [Lw' U:[L, U l U']] | C5: [Rw' U:[U R U', r2]] | D5: [L' B': parity]
A6: LUb | B6: [x' U:[U r2 U', L']] | C6: [U':[R U R' U', r]] | D6: [L2 D x: parity] | E6: [U Rw2:[U, l' D2 l]]
A7: LFu | B7: [U':[R' u' R, U2]] | C7: [U', R' u' R] | D7: [L D x: parity] | E7: [U':[R' u' R, U']] | F7: [L:[L, D r' D']]
A8: LDf | B8: [r' D r, U2]] | C8: [r' D r, U] | D8: [D x: parity] | E8: [r' D r, U'] | F8: [L2, D r' D'] | G8: [L, D r' D']
A9: LBd | B9: [U':[R d' R', U2]] | C9: [U', R d' R'] | D9: [L' D x: parity] | E9: [U':[R d' R', U']] | F9: [x':[L', U r2 U']] | G9: [z R':[r' D' r, U2]] | H9: [D r' D', L']
A10: FUl | B10: [Lw':[U2, r' D2 r]] | C10: [r' l':[U', l' D2 l]] | D10: parity | E10: [l2:[r' D2 r, U']] | F10: [Rw2:[U', l D2 l']] | G10: [Rw2 U:[L', U r' U']] | H10: [l':[l' D' l, U2]] | I10: [Lw':[r' D r, U2]]
A11: FRu | B11: [l' U':[R, U' l U]] | C11: [r':[U r U', R]] | D11: [R2 B: parity] | E11: [U, L' u2 L] | F11: [z' D:[r, U L' U' | G11: [u', R U' R'] | H11: [D:[U' R U, r]] | I11: [R:[R d' R', U']] | J11: [Lw2 U':[R, U' l U]]
A12: FDr | B12: [U2, l' D2 l] | C12: [R:[r, U' R' U]] | D12: [x: parity] | E12: [r, L' U L U'] | F12: [x:[U' L U, r]] | G12: [r:[r, U' L' U]] | H12: [x:[r, U' L' U]] | I12: [r:[r, U' L U]] | J12: [l':[U2, l' D2 l]] | K12: [r, U' R U]
A13: FLd | B13: [l' U:[L', U l U']] | C13: [U', R d2 R'] | D13: [L2 B': parity] | E13: [x' L':[U' r U, L']] | F13: [F':[L', U l2 U']] | G13: [Dw2 R':[R' u' R, U']] | H13: [D:[U L' U', r]] | I13: [L' U L, d] | J13: [Lw2 U:[L, U l U']] | K13: [R:[U', R u2 R']] | L13: [U L' U', r]
A14: RUf | B14: [x U:[R, U l2 U']] | C14: [Fw':[R' u' R, U2]] | D14: [R2 D' x: parity] | E14: [U':[R U' R' U, r']] | F14: [Rw' U':[r, U' R U]] | G14: [F' U:[l', U L' U']] | H14: [D x:[r, U R' U']] | I14: [x' U':[r, U' R U]] | J14: [Rw' U':[U' r2 U, R]] | K14: [F:[U' r2 U, R]] | L14: [Rw:[r, U R' U']] | M14: [r:[R' d R, U]]
A15: RBu | B15: [U:[L' u' L, U2]] | C15: [U:[L' u' L, U]] | D15: [B: parity] | E15: [U, L' u' L] | F15: [r' U:[U R' U', r2]] | G15: [u':[R U' R', u2]] | H15: [D:[r, D R D']] | I15: [Rw' U:[U L U', r]] | J15: [Dw' Lw':[r' D r, U2]] | K15: [R U' R', d'] | L15: [r', D R D'] | M15: [L':[U, L' u' L]] | N15: [R:[R, D' r' D]]
A16: RDb | B16: [U2, l' D l] | C16: [r' D' r, U] | D16: [D' x: parity] | E16: [r' D' r, U'] | F16: [Rw' U:[r2, U R' U']] | G16: [D' r:[r, U' L' U]] | H16: [y':[r U r', D2]] | I16: [x' U':[r, U' R' U]] | J16: [l':[U2, l' D l]] | K16: [D':[r, U' R U]] | L16: [Rw:[U R U', r]] | M16: [D':[r, U L' U']] | N16: [R2, D' r' D] | O16: [R, D' r' D]
A17: RFd | B17: [U:[L d' L', U2]] | C17: [U:[L d' L', U]] | D17: [R' D' x: parity] | E17: [U, L d' L'] | F17: [F U':[l', U' R U]] | G17: [Rw:[U, R u2 R']] | H17: [y':[R', U r U']] | I17: [d:[L' U L, d2]] | J17: [Lw2 U':[U' r' U, R']] | K17: [Dw2 R:[U', R d' R']] | L17: [r', D R' D'] | M17: [L' U L, d'] | N17: [R2:[D' r' D, R]] | O17: [Uw' L:[U2, L d' L']] | P17: [D' r' D, R']
A18: BUr | B18: [Rw':[l' D2 l, U2]] | C18: [R':[r', U' R U]] | D18: parity | E18: [r', L' U L U'] | F18: [L' U' L U, r] | G18: [U' L' U, r] | H18: [U' L2 U, r] | I18: [U' L U, r] | J18: [Rw:[U2, l D2 l']] | K18: [r', U' R U] | L18: [D Rw:[r', U R U']] | M18: [r', U L' U'] | N18: [R U R' U', r] | O18: [U R' U', r] | P18: [R:[U R U', r]] | Q18: [U R U', r]
A19: BLu | B19: [l' U:[L, U l U']] | C19: [U', R' u2 R] | D19: [B': parity] | E19: [x':[L', U' r U]] | F19: [L2 D:[U L' U', r]] | G19: [u, L U L'] | H19: [D:[U L U', r]] | I19: [z Rw':[U2, r' D' r]] | J19: [x' l:[D2, l U l']] | K19: [R U' R', u2] | L19: [U L' U', r] | M19: [z' Lw:[D, r U2 r']] | N19: [x' R':[r U' r', D']] | O19: [u', L U L'] | P19: [D':[U L U', r]] | Q19: [L:[L d' L', U]] | R19: [U L U', r']
A20: BDl | B20: [r' D2 r, U2] | C20: [r' D2 r, U] | D20: [B2: parity] | E20: [r' D2 r, U'] | F20: [x U':[U' l' U, L]] | G20: [x':[r U2 r', D']] | H20: [D', l U2 l'] | I20: [F2 l2:[U L U', l]] | J20: [D' l':[U2, l' D l]] | K20: [U':[U' r' U, R]] | L20: [D2, l U2 l'] | M20: [U:[U r' U', L']] | N20: [x' R':[r U2 r', D']] | O20: [R:[D, l U2 l']] | P20: [D, l U2 l'] | Q20: [x':[D', r U2 r']] | R20: [x':[U2, l' D2 l]] | S20: [U:[U r' U', L]]
A21: BRd | B21: [r' U:[U r U', R']] | C21: [r':[U r U', R']] | D21: [B: parity] | E21: [U, L d2 L'] | F21: [Rw:[U, r D r']] | G21: [R':[U', R' u' R]] | H21: [D:[U' R' U, r]] | I21: [d', R' U' R] | J21: [Rw:[U2, l D' l']] | K21: [Rw':[R2, U' r2 U]] | L21: [U' R' U, r] | M21: [L' U L, d2] | N21: [x D:[r', U R' U']] | O21: [z x':[r':[r' D' r, U2]] | P21: [D':[U' R' U, r]] | Q21: [d, R' U' R] | R21: [U' R' U, r'] | S21: [Rw' U':[U' L U, r2]] | T21: [U':[R, U' r' U]]
A22: DFl | B22: [Rw U2 l' U2 Rw', U2]] | C22: [Lw:[r' D2 r, U]] | D22: [x: parity] | E22: [Lw U:[U l U', L']] | F22: [r:[r D2 r', U]] | G22: [Uw':[U' l2 U, R]] | H22: [l:[D', l U2 l']] | I22: [Rw U':[U' l' U, L]] | J22: [r:[r D2 r', U2]] | K22: [U':[U' l2 U, R]] | L22: [l:[D2, l U2 l']] | M22: [U:[U l2 U', L']] | N22: [r:[r D2 r', U']] | O22: [R' r:[r D2 r', U']] | P22: [l:[D, l U2 l']] | Q22: [Rw:[r D2 r', U']] | R22: [x:[l D2 l', U2]] | S22: [U:[U l2 U', L]] | T22: [x:[U2, r D2 r']] | U22: [U':[R', U' l2 U]]
A23: DRf | B23: [Rw' U:[U r U', R']] | C23: [R2, D r2 D'] | D23: [R' B: parity] | E23: [Rw' U':[r, U' R' U]] | F23: [r:[r D r', U]] | G23: [R:[u', R U' R']] | H23: [R2:[U, r' D r]] | I23: [R':[R' U' R, d']] | J23: [r:[r D r', U2]] | K23: [R', D r2 D'] | L23: [R:[U' R U, r]] | M23: [D:[U L' U', r2]] | N23: [R:[u, R U' R']] | O23: [R D':[U' R U, r]] | P23: [D' l:[D2, l U2 l']] | Q23: [R' D':[U' R' U, r]] | R23: [R':[U' R' U, r']] | S23: [R:[u2, R U' R']] | T23: [R U':[R, U' r' U]] | U23: [R, D r2 D'] | V23: [U':[R2, U' l2 U]]
A24: DBr | B24: [U2, Lw U2 r' U2 Lw'] | C24: [r2, R U' R' U] | D24: [B2: parity] | E24: [r2, L' U L U'] | F24: [D' r:[r D' r', U]] | G24: [r:[U' L' U, r2]] | H24: [x:[U' L' U, r2]] | I24: [r:[U' L U, r2]] | J24: [D r:[r D' r', U2]] | K24: [r2, U' R U] | L24: [U' Rw:[U' R' U, r]] | M24: [r2, U L' U'] | N24: [Rw':[U R U', r2]] | O24: [r':[U R' U', r2]] | P24: [Rw:[U R U', r2]] | Q24: [r':[U R U', r2]] | R24: [D' R':[U' R' U, r']] | S24: [r2, U L U'] | T24: [U r:[r U' r', D2]] | U24: [U' R' U, r2] | V24: [z2:[Rw U2 l' U2 Rw', U2]] | W24: [R:[r2, U' R U]]
A25: DLb | B25: [Lw' U:[L', U l U']] | C25: [D':[r2, R U' R' U]] | D25: [L B': parity] | E25: [L2, D' r2 D] | F25: [L':[d, L' U L]] | G25: [y:[U' r2 U, L]] | H25: [D l:[D2, l U2 l']] | I25: [Dw':[r2, U' R' U]] | J25: [r:[r D' r', U2]] | K25: [L:[u2, L U L']] | L25: [x:[r', U L' U']] | M25: [L, D r2 D'] | N25: [F2:[D, l' U l]] | O25: [L:[u', L U L']] | P25: [L2:[U', r' D' r]] | Q25: [L':[d', L' U L]] | R25: [U L2 U', r'] | S25: [L', D' r2 D] | T25: [U:[L2, U l U']] | U25: [L':[d2, L' U L]] | V25: [U:[L2, U l2 U']] | W25: [Rw F:[r D' r', U2]] | X25: [L':[U L' U', r2]]
A27: PARITY ALGS | B27: l' U2 l U2 l U2 r' U2 l U2 l' U2 x U2 l2 U2 r x'
B28: r U2 r' U2 r' U2 l U2 r' U2 r U2 x U2 r2 U2 l' x'
B29: l' U2 l' U2 x U2 l' U2 r x' U2 r' U2 l2
B30: r2 B2 U2 l U2 r' U2 r U2 x U2 r U2 l' D2 r2 x'

Sheet T-centers
B1: =Key!C9 -> Ub | C1: =Key!D9 -> Ur | D1: =Key!E9 -> Uf | E1: =Key!F9 -> Ul | F1: =Key!G9 -> Lu | G1: =Key!H9 -> Lf | H1: =Key!I9 -> Ld | I1: =Key!J9 -> Lb | ... Y1: =Key!Z9 -> Dl
A2: {=TRANSPOSE(B1:Y1)} -> Ub
A3: Ur | B3: [Fw':[U, r' E r]]
A4: Uf
A5: Ul | B5: [Fw:[U', l E' l']] | C5: [Fw:[U2, l E' l']]
A6: Lu | B6: [U2, M u' M'] | C6: [U':[U', M u' M']] | E6: [U:[U, M u' M']]
A7: Lf | B7: [U':[r' E' r, U2]] | C7: [U', r' E r] | E7: [U, l' E' l] | F7: [z:[r E r', U']]
A8: Ld | B8: [M d M', U2] | C8: [M d M', U] | E8: [M d M', U'] | F8: [z:[r E r', U2]] | G8: [z:[U, l E' l']]
A9: Lb | B9: [U':[r E' r', U2]] | C9: [U', r E' r'] | E9: [U, l E l'] | F9: [z:[r E r', U']] | G9: [z U:[l E' l', U2]] | H9: [z:[L E' L', U']]
A10: Fu | B10: [U2, u' M u M'] | C10: [Rw' U':[U' M' U, r]] | E10: [Lw U:[U M' U', l']] | F10: [Uw':[M' U' M', u]] | G10: [z r:[U', r E r']] | H10: [z r:[U2, r E r']] | I10: [F':[E, l' U l]]
A11: Fr | B11: [U:[l' E2 l, U2]] | C11: [U:[l' E2 l, U]] | E11: [U, l' E2 l] | F11: [Uw':[r, U' M' U]] | G11: [E, r U' r'] | H11: [Dw:[U' r U, M']] | I11: [r:[r E' r', U']] | J11: [U':[U' M' U, r]]
A12: Fd | B12: [d M d' M', U2] | C12: [M', Rw U' Rw' U] | E12: [M', Lw' U Lw U'] | F12: [z:[l' U2 l, E']] | G12: [M', 3Uw' r 3Uw] | H12: [U:[d, M' U' M]] | I12: [z:[l' U' l, E']] | J12: [Uw M':[M' u M, U']] | K12: [M', U' r U]
A13: Fl | B13: [U':[r E2 r', U2]] | C13: [U', r E2 r'] | E13: [U':[r E2 r, U']] | F13: [l':[U', M' u M]] | G13: [l':[U, l' E' l]] | H13: [l':[M d M', U']] | I13: [E, l' U l] | J13: [U:[l', U M' U']] | K13: [r:[U', r E2 r']] | L13: [U l' U', M']
A14: Ru | B14: [U2, M u M'] | C14: [U':[U', M u M']] | E14: [U:[U, M u M']] | F14: [Uw:[u2, M' U M]] | G14: [y:[U M' U', l]] | H14: [Uw' M:[U, M d M']] | I14: [3Uw U:[M', U r' U'] | J14: [U:[M' U M, u]] | K14: [R:[r U' r', E']] | L14: [z':[E, r U2 r']] | M14: [Uw:[U M' U', l']]
A15: Rb | B15: [U:[l' E l, U2]] | C15: [U:[l' E l, U]] | E15: [U, l' E l] | F15: [3Uw U':[U' r U, M]] | G15: [E:[r U' r', E2]] | H15: [z' r:[E, r U r']] | I15: [x d':[M U2 M', d2]] | J15: [F:[r U' r', E']] | K15: [r U' r', E'] | L15: [z':[E, r U r']] | M15: [l':[U, l' E l]] | N15: [z':[l' E' l, U']]
A16: Rd | B16: [M d' M', U2] | C16: [M d' M', U] | E16: [M d' M', U'] | F16: [x' z':[U l' U', M2]] | G16: [y:[U' M' U, l]] | H16: [y':[M' U M, d2]] | I16: [z l':[l' U' l, E']] | J16: [U M':[U, M' d M]] | K16: [Dw':[M', U' r U]] | L16: [U:[M' U' M, d']] | M16: [Dw':[M', U l' U']] | N16: [z':[U2, r' E r]] | O16: [z':[U, r' E r]]
A17: Rf | B17: [U:[l E' l', U2]] | C17: [U:[l E' l', U]] | E17: [U, l E' l'] | F17: [y':[r', U' M' U]] | G17: [R y:[U M' U', l]] | H17: [z' r:[E, r U' r']] | I17: [E:[l' U l, E2]] | J17: [R U:[M' U M, u]] | K17: [r:[U', r E r']] | L17: [z':[E, r U' r']] | M17: [l' U l, E'] | N17: [z':[l' E' l, U]] | O17: [z' U:[r' E r, U2]] | P17: [z':[r' E' r, U']]
A18: Bu | B18: [U2, u M u M'] | C18: [M:[Rw U' Rw' U]] | E18: [M, Lw U Lw' U'] | F18: [y':[M' U' M, u']] | G18: [M, 3Uw' r 3Uw] | H18: [L':[M, 3Uw' r 3Uw]] | I18: [z:[r' U r, E]] | J18: [U:[M' U M, u2]] | K18: [M, U' r U] | L18: [F':[M, U' r U]] | M18: [M, U l' U'] | N18: [Uw:[M' U M, u]] | O18: [z':[l U' l', E']] | P18: [z':[l U2 l', E']] | Q18: [M, 3Uw' r' 3Uw]
A19: Bl | B19: [U':[r' E2 r, U2]] | C19: [U', r' E2 r] | E19: [U':[r' E2 r, U']] | F19: [l:[U', M' u M]] | G19: [E', l U l'] | H19: [l:[U', M d M']] | I19: [l:[l E l', U]] | J19: [U:[l, U M' U']] | K19: [r U' r', E2] | L19: [U l U', M'] | M19: [x':[l2, U' M' U]] | N19: [Uw:[l, U M' U']] | O19: [E, l U l'] | P19: [l:[U', M d' M']] | Q19: [l:[l E' l', U]] | R19: [U l U', M]
A20: Bd | B20: [d' M d' M', U2] | C20: [Rw' U':[U' M U, r]] | E20: [Lw U:[U M U', l']] | F20: [z l:[U2, l E' l']] | G20: [3Uw':[U' M' U, r']] | H20: [U:[d', M U M']] | I20: [z:[U', l E' l']] | J20: [U' x:[M2, U r U']] | K20: [U':[U' M U, r]] | L20: [U':[M' U M, d2]] | M20: [U:[U M U', l']] | N20: [z' r':[U2, r' E r]] | O20: [z' r':[U, r' E r]] | P20: [U:[d, M U M']] | Q20: [z' r':[U', r' E r]] | R20: [Uw' M:[M u' M', U']] | S20: [U:[U M U', l]]
A21: Br | B21: [U:[l E2 l', U2]] | C21: [U:[l E2 l', U]] | E21: [U, l E2 l'] | F21: [Rw':[U, M' u M]] | G21: [r':[r' E r, U']] | H21: [r':[U, M d M']] | I21: [E', r' U' r] | J21: [U':[U' M' U, r']] | K21: [x:[U M U', r2]] | L21: [U' r' U, M'] | M21: [l' U l, E2] | N21: [Uw U:[U r' U', M']] | O21: [r':[r' E' r, U']] | P21: [Dw':[U' r' U, M']] | Q21: [E, r' U' r] | R21: [U' r' U, M] | S21: [r':[r' E2 r, U']] | T21: [U':[r', U' M U]]
A22: Df | B22: [M d2 M', U2] | C22: [M d2 M', U] | E22: [M d2 M', U'] | F22: [U M':[u', M' U M]] | G22: [D r:[E, r U' r']] | H22: [y':[r2, U M' U']] | I22: [D r':[E', r' U' r]] | J22: [U' x:[M', U r' U']] | K22: [U':[U' M2 U, r]] | L22: [D:[U' r2 U, M']] | M22: [U:[U M2 U', l']] | N22: [y':[r2, U M U']] | O22: [D r:[E', r U' r']] | P22: [y:[l2, U' M' U]] | Q22: [D' l':[E', l' U l]] | R22: [y:[l2, Uw M' Uw']] | S22: [U:[U M2 U', l]] | T22: [U' x':[U r U', M]] | U22: [U':[U' M2 U, r']]
A23: Dr | B23: [D':[M d2 M', U2]] | C23: [r2, D M2 D'] | E23: [D:[D l2 D', M2]] | F23: [Uw':[r2, u' M' u]] | G23: [r:[E, r U' r']] | H23: [M:[M D M', d]] | I23: [r':[E', r' U' r]] | J23: [U':[r2, U' M' U]] | K23: [x:[r, U M U']] | L23: [U' r2 U, M'] | M23: [r':[E2, r' U' r]] | N23: [Uw':[r2, U M U']] | O23: [r:[E', r U' r']] | P23: [M:[M D M', d']] | Q23: [r':[E, r' U' r]] | R23: [U' r2 U, M] | S23: [r:[E2, r U' r']] | T23: [U':[r2, U' M U]] | U23: [x':[r', U M' U']] | V23: [U':[r2, U' M2 U]]
A24: Db | B24: [U2, M' d2 M] | C24: [M2, Rw U' Rw' U] | E24: [M2, Lw' U Lw U'] | F24: [y U' [U' r2 U, M]] | G24: [M2, 3Uw l 3Uw'] | H24: [y':[U:[M', U l2 U']] | I24: [z E':[r' U r, E2]] | J24: [F:[M2, U' r U]] | K24: [M2, U' r U] | L24: [D':[U' r2 U, M']] | M24: [M2, U l' U'] | N24: [y U:[U r2 U', M']] | O24: [z' E':[r U r', E2]] | P24: [y' U:[M, U r2 U']] | Q24: [M2, 3Uw' r' 3Uw] | R24: [Uw M:[u', M U' M']] | S24: [M2, U l U'] | T24: [D' U':[U' M U, r2]] | U24: [M2, U' r' U] | V24: [M' u2 M, D2] | W24: [M2, U' r2 U]
A25: Dl | B25: [D:[M d2 M', U2]] | C25: [D':[D' r2 D, M2]] | E25: [l2, D' M2 D] | F25: [Uw:[l2, U' M U]] | G25: [y':[U' M2 U, r]] | H25: [M:[M D' M', d]] | I25: [l':[E, l' U l]] | J25: [U:[l2, U M' U']] | K25: [l:[E2, l U l']] | L25: [U l2 U', M'] | M25: [x:[U' M U, l']] | N25: [Uw:[l2, U M' U']] | O25: [l:[E, l U l']] | P25: [M:[M D' M', d']] | Q25: [l':[E', l' U l]] | R25: [U l2 U', M'] | S25: [x':[U' M' U, l]] | T25: [U:[l2, U M U']] | U25: [l':[E2, l' U l]] | V25: [U:[l2, U r2 U']] | W25: [D':[M' u2 M, D2]] | X25: [U l2 U', M2]

Sheet X-centers
B1: =Key!C8 -> Ubl | C1: =Key!D8 -> Urb | D1: =Key!E8 -> Ufr | E1: =Key!F8 -> Ulf | F1: =Key!G8 -> Lub | G1: =Key!H8 -> Lfu | H1: =Key!I8 -> Ldf | I1: =Key!J8 -> Lbd | ... Y1: =Key!Z8 -> Dlb
A2: {=TRANSPOSE(B1:Y1)} -> Ubl
A3: Urb | B3: [x r':[U, r' d2 r]]
A4: Ufr
A5: Ulf | B5: [x' l':[l' d2 l, U]] | C5: [x' r:[U', r d2 r']]
A6: Lub | B6: [U2, l u' l'] | C6: [r u r', U] | E6: [r u r', U']
A7: Lfu | B7: [U2':[r' u' r, U2]] | C7: [U', r' u' r] | E7: [U, l' u l] | F7: [u:[U l U', r']]
A8: Ldf | B8: [r' d r, U2] | C8: [r' d r, U] | E8: [r' d r, U'] | F8: [z:[U2, l d' l']] | G8: [U':[r' u' r, U2]]
A9: Lbd | B9: [U':[r d' r', U2]] | C9: [U', r d' r'] | E9: [U':[r d' r', U']] | F9: [z:[r d r', U]] | G9: [z U:[l d' l', U2]] | H9: [U, r' d r]
A10: Ful | B10: [r u2 r', U2] | C10: [r u2 r', U] | E10: [r u2 r', U'] | F10: [u', l' U2 l] | G10: [L':[u', l' U2 l]] | H10: [l':[l' d' l, U2]] | I10: [L:[u', l' U2 l]]
A11: Fru | B11: [U:[l' u2 l, U2]] | C11: [U:[l' u2 l, U]] | E11: [U, l' u2 l] | F11: [F':[u', l' U2 l]] | G11: [U:[u', r U2 r']] | H11: [U2 r U:[r' d r, U]] | I11: [U2 r:[r d' r', U]] | J11: [z r:[r d' r', U']]
A12: Fdr | B12: [U2, l' d2 l] | C12: [U':[U', l' d2 l]] | E12: [U:[U, l' d2 l]] | F12: [U r:[r u r', U']] | G12: [r, Uw l Uw'] | H12: [U:[d, r U' r']] | I12: [U r U':[r D' r', U']] | J12: [l':[U2, l' d2 l]] | K12: [U x:[r' u2 r, U']]
A13: Fld | B13: [U':[r d2 r', U2]] | C13: [U', r d2 r'] | E13: [U':[r d2 r', U']] | F13: [F:[u', l' U2 l]] | G13: [l':[l' u l, U2]] | H13: [l':[U', r' d r]] | I13: [d, L' U L] | J13: [u2:[U l' U', r']] | K13: [U2 r:[U, r d2 r']] | L13: [U l' U', r]
A14: Ruf | B14: [U2, l u l'] | C14: [r u' r', U] | E14: [r u' r, U'] | F14: [u':[l' U2 l, u2]] | G14: [L' u':[l' U2 l, u2]] | H14: [z' r:[u', r U2 r']] | I14: [z r':[d, r' U r]] | J14: [l' U2 l, u] | K14: [F':[l' U2 l, u]] | L14: [z':[u', r U2 r']] | M14: [r':[l' U l, d']]
A15: Rbu | B15: [U':[r' u r, U2]] | C15: [U', r' u r] | E15: [U', l' u' l] | F15: [L u:[l U2 L', u2]] | G15: [u:[l U2 l', u2]] | H15: [z' r:[u', r U r']] | I15: [Uw r:[r d' r', U2]] | J15: [U2:[Uw r Uw', l']] | K15: [U2:[r U r', u]] | L15: [z':[u', r U r']] | M15: [l':[U, l' u' l]] | N15: [z' U:[U, r' u' r]]
A16: Rdb | B16: [U2, l' d l] | C16: [r' d' r, U] | E16: [U:[U, l' d l]] | F16: [z l':[l' U2 l, d']] | G16: [x' Uw:[r U r', d]] | H16: [y:[d2, r U' r']] | I16: [x' z U:[U l' U', r2]] | J16: [l':[U2, l' d l]] | K16: [U R':[r U2 r', u]] | L16: [U:[r U' r', d']] | M16: [R:[l' U l, d']] | N16: [z':[U2, r' u' r]] | O16: [z':[U, r' u' r]]
A17: Rfd | B17: [U:[ l d' l', U2]] | C17: [U', r d r'] | E17: [U, l d' l'] | F17: [L' d:[l' U l, d2]] | G17: [u l:[U, l d' l']] | H17: [z' U2 r:[u', r U r']] | I17: [d:[l' U l, d2]] | J17: [l' U:[l d' l', U2]] | K17: [U r:[U2, r d r']] | L17: [U:[r U' r', d']] | M17: [l' U l, d'] | N17: [z' U':[U', r' u' r]] | O17: [z' U:[r' u' r, U2]] | P17: [z':[r' u' r, U']]
A18: Bur | B18: [U2, l u2 l'] | C18: [U':[U', l u2 l']] | E18: [U:[U, l u2 l']] | F18: [u':[l' U2 l, u']] | G18: [Uw l Uw', r'] | H18: [z:[r' U2 r', d]] | I18: [z:[d, r' U r]] | J18: [r', U l' U'] | K18: [F':[l' U2 l, u2]] | L18: [F:[r', U l' U']] | M18: [r', U l' U'] | N18: [Uw' U':[r' U r, u]] | O18: [z' u':[u', r U r']] | P18: [z':[l U2 l', u]] | Q18: [z':[l U l', u]]
A19: Blu | B19: [U':[r' u2 r, U2]] | C19: [U', r' u2 r] | E19: [U':[r' u2 r, U']] | F19: [L:[u, l U2 l']] | G19: [u, l U2 l'] | H19: [l:[U', r' d r]] | I19: [l:[l d l', U]] | J19: [x U':[U' r' U, l2]] | K19: [U2:[r U r', u2]] | L19: [U l U', r] | M19: [x:[U' r' U, l2]] | N19: [U:[l, Uw' r' Uw]] | O19: [u', l U l'] | P19: [Dw':[U l U', r]] | Q19: [l:[l d' l', U]] | R19: [U l U', r']
A20: Bdl | B20: [r' d2 r, U2] | C20: [r' d2 r, U] | E20: [r' d2 r, U'] | F20: [l:[l u' l', U2]] | G20: [x':[r U2 r', d]] | H20: [d', l U2 l'] | I20: [Lw:[l u' l', U2]] | J20: [Uw':[l u l', U']] | K20: [U':[U' l U, r]] | L20: [d2, l U2 l'] | M20: [x' U':[l2, U' r U]] | N20: [l:[l u l', U2]] | O20: [U2:[l, Uw r Uw']] | P20: [d, l U2 l']] | Q20: [x':[r U2 r', d']] | R20: [l:[U2, l u2 l']] | S20: [x':[U, l' d2 l]]
A21: Brd | B21: [U:[l d2 l', U2]] | C21: [U:[l d2 l', U]] | E21: [U, l d2 l'] | F21: [U':[r', Uw' l' Uw]] | G21: [U2 r':[r' u' r, U]] | H21: [Rw' U2:[r U' r', d]] | I21: [U2:[d', r' U r]] | J21: [U':[r', U' l' U]] | K21: [Uw r':[r' u' r, U2]] | L21: [F:[l' U l, d2]] | M21: [l' U l, d2] | N21: [U x':[l' U2 l, d']] | O21: [Uw' l:[U2, l d2 l']] | P21: [R U2:[d, r' U r]] | Q21: [U2:[d, r' U r]] | R21: [Uw':[r', Uw' l' Uw]] | S21: [l:[U, l d2 l']] | T21: [U':[U' l U, r']]
A22: Dfl | B22: [r' U l:[l U' l', d2]] | C22: [x':[d2, r U r']] | E22: [U' x':[r U r', d2]] | F22: [l':[u', l' U2 l]] | G22: [Uw':[U' l2 U, r]] | H22: [l:[d', l U2 l']] | I22: [D' l':[l' U l, d]] | J22: [r:[r D2 r', u2]] | K22: [U':[U' l2 U, r]] | L22: [l:[d2, l U2 l']] | M22: [x:[u2, r' U' r]] | N22: [l':[u, l' U2 l]] | O22: [U2:[l2, Uw r Uw']] | P22: [Dw':[U l2 U', r]] | Q22: [Lw2 U':[l d' l', U2]] | R22: [x':[l U2 l', d2]] | S22: [x':[d2, r U' r']] | T22: [x':[r U2 r', d2]] | U22: [U':[r', U' l2 U]]
A23: Drf | B23: [l' U':[r2, U' l U]] | C23: [D' x':[d2, r U r']] | E23: [U x':[d2, l' U' l]] | F23: [D' l':[u', l' U2 l]] | G23: [U2 r:[u', r U r']] | H23: [U r2 U:[r' d r, U2]] | I23: [U2 r':[r' U r, d']] | J23: [U':[r2, U' l' U]] | K23: [D' U':[U' l2 U, r]] | L23: [D2:[U l2 U', r]] | M23: [U2 r':[d2, r' U r]] | N23: [Uw U:[U r2 U', l']] | O23: [U2 r:[u, r U r']] | P23: [D' l:[d, l U2 l']] | Q23: [U2 r':[d, r' U r]] | R23: [U x':[d2, l' U l]] | S23: [D:[r2, U l U']] | T23: [U':[U' l U, r2]] | U23: [D' U':[r', U' l2 U]] | V23: [U':[r2, U' l2 U]]
A24: Dbr | B24: [r d' r':[r' d r, U2]] | C24: [D x:[r' U' r, d2]] | E24: [U x:[l U l', d2]] | F24: [U2 r':[r' U2 r, u]] | G24: [r2, Uw l Uw'] | H24: [U r:[r U' r', d]] | I24: [z d:[r' U r, d2]] | J24: [D r:[r D' r', U2]] | K24: [F2:[r2, U l' U']] | L24: [D:[U l2 U', r]] | M24: [r2, U l' U'] | N24: [z' u:[r U2 r', u2]] | O24: [U Rw:[d', r U' r']] | P24: [U r:[r U' r', d']] | Q24: [d':[r2, U l' U']] | R24: [D:[U l2 U', r']] | S24: [r2, U l U'] | T24: [U r:[r U' r', d2]] | U24: [y r':[r' U2 r, d]] | V24: [Lw U r:[d2, r U' r']] | W24: [U x':[d2, r' U' r]]
A25: Dlb | B25: [r' U':[U' r U, l2]] | C25: [x:[r' U' r, d2]] | E25: [U' x:[d2, r' U' r]] | F25: [D l':[u', l' U2 l]] | G25: [D':[r2, Uw l Uw']] | H25: [y r:[d2, r U' r']] | I25: [l':[d, l' U l]] | J25: [r:[r D' r', U2]] | K25: [x U:[r', U L' U']] | L25: [U l2 U', r] | M25: [x:[U' r' U, l']] | N25: [u':[U l2 U', r']] | O25: [l:[u', l U l']] | P25: [d':[U l2 U', r]] | Q25: [l':[d', l' U l]] | R25: [U l2 U', r']] | S25: [x':[l, U' r U]] | T25: [r':[r' D' r, d2]] | U25: [l':[l' U l, d2]] | V25: [x':[d2, l U l']] | W25: [Lw D:[U l U', r2]] | X25: [U l2 U', r2]

Sheet Obliques
B1: =Key!C10 -> Ubl | C1: =Key!D10 -> Urb | D1: =Key!E10 -> Ufr | E1: =Key!F10 -> Ulf | F1: =Key!G10 -> Lub | G1: =Key!H10 -> Lfu | H1: =Key!I10 -> Ldf | I1: =Key!J10 -> Lbd | ... Y1: =Key!Z10 -> Dlb
A2: {=TRANSPOSE(B1:Y1)} -> Ubl
A3: Urb
A4: Ufr
A5: Ulf
A6: Lub
A7: Lfu | E7: Hello
A8: Ldf
A9: Lbd | D9: qeferfhq8erfhae8hqrie8efg0n3uhevrbnujqiojw35svd6ebrf7tngnbvsxgbycdtyuihnydsftgyhu
A10: Ful
A11: Fru | E11: hbguserhgueaiboeigrhjbnoqiuegbsfuebhtgrsnigortiyonrt,m
A12: Fdr
A13: Fld
A14: Ruf
A15: Rbu
A16: Rdb
A17: Rfd
A18: Bur
A19: Blu
A20: Bdl
A21: Brd
A22: Dfl
A23: Drf
... A25: Dlb
