Workbook

Sheet Info
A1: Main edge buffer | B1: UF | D1: Legend
A2: Main corner buffer | B2: UFR | D2: Don't know the alg very well
A3: Other buffers | B3: UBL
A4: Edge algs | B4: 220 | D4: Medium
A5: Corner algs | B5: 324 | D5: Good
A6: Edge flip algs | B6: 24 (out of 66) | D6: Unoptimized
A7: Corner twist algs | B7: 28 | D7: Same corner/edge
A8: Parity algs | B8: 21 | D8: Alg is the same as another alg
A9: Avg memo time | B9: ~10 sec
A10: Avg execution time | B10: ~18 sec
A11: Solve order | B11: CEEC | D11: <- All algs are listed without inverses
A12: Parity method | B12: UF/UR swap + parity alg for the last corner
A13: Memo method | B13: Corners with words, edges with audio, flips/twists visually
A14: Memo language | B14: Russian | D14: HUGE thanks to Daniel, Ishaan, Jack and Max for helping me with many of the algs in this list!
A16: Method for solving triple twists
A17: • 1. Memorize the position of the U/D stickers of the twisted corners. • 2. Execute U/D face position for corner 1 and U/D sticker position for corner 2 • 3. Execute U/D face position for corner 2 and U/D sticker position for corner 1 • E.g: If UFR, UBL and DFL are twisted clockwise we execute UFR-UBL-LDF and then UFR-DFL-LUB

Sheet UF
A1: UF-y-x | C1: =A3 -> А | D1: =A4 -> Б | E1: =A5 -> Г | F1: =A6 -> Д | G1: =A7 -> Е | H1: =A8 -> З | I1: =A9 -> И | J1: =A10 -> К | K1: =A11 -> Л | L1: =A12 -> М | M1: =A13 -> Н | N1: =A14 -> О | O1: =A15 -> П | P1: =A16 -> Р | Q1: =A17 -> С | R1: =A18 -> Т | S1: =A19 -> У | T1: =A20 -> Ф | U1: =A21 -> Х | V1: =A22 -> В/Я | W1: =A23 -> Ч | X1: =A24 -> Ш
C2: =B3 -> UB | D2: =B4 -> UR | E2: =B5 -> UL | F2: =B6 -> BU | G2: =B7 -> RU | H2: =B8 -> LU | I2: =B9 -> BL | J2: =B10 -> BR | K2: =B11 -> RB | L2: =B12 -> RF | M2: =B13 -> FR | N2: =B14 -> FL | O2: =B15 -> LF | P2: =B16 -> LB | Q2: =B17 -> BD | R2: =B18 -> RD | S2: =B19 -> FD | T2: =B20 -> LD | U2: =B21 -> DB | V2: =B22 -> DR | W2: =B23 -> DF | X2: =B24 -> DL
A3: А | B3: UB | D3: U, U-perm | E3: U', U-perm | G3: U M U M' U2 M U M' U' | H3: U' M U' M' U2 M U' M' U | I3: Rw' F E' Rw2 E' Rw2' F' Rw | J3: R U' S R2' S' R2 U R' | K3: U L' E L U2 L' E' L U | L3: U L E' L' U2 L E L' U | M3: R' U' S R2 S' R2' U R | N3: Rw B E Rw2' E Rw2 B' Rw' | O3: U' R' E R U2 R' E' R U' | P3: U' R E' R' U2 R E R' U' | Q3: U' M' U' M' U2 M U' M U | R3: U' (R' E' R, U2) | S3: U M U' M U2 M' U' M' U' | T3: U (L' E' L, U2) | U3: M U2 M' U2 | V3: U (F B') R2 (F' B) U | W3: U2 M' U2 M | X3: U' (F' B) L2 (F B') U'
A4: Б | B4: UR | C4: R2' U' FB' R2 F'B U' R2 | E4: U-perm | F4: R' (M, U' R U) | H4: (S', L F' L') | I4: (U', R' E2 R) | J4: R U R U R U' R' U' R' U' | K4: U (L' E L, U) | L4: U (L E' L', U) | M4: Lw U M' U' R U (Rw' R) U' (R2 x) | N4: (U', R E2 R') | O4: (U', R' E R) | P4: (U', R E' R') | Q4: U M U M' U M U M' | R4: (U', R' E' R) | S4: Rw U' R' U M U' R U R' | T4: U (L' E' L, U) | U4: U2 M' U2 M' U M U2 M U | V4: R' U Lw' E' Lw2 E' Lw' U' R | W4: (M U2 M, U) | X4: U' L' U' L U L U L U' L'
A5: Г | B5: UL | F5: L (M, U L' U') | G5: (S, R' F R) | I5: L' U' L' U' L' U L U L U | J5: (U, L E2 L') | K5: (U, L' E L) | L5: (U, L E' L') | M5: (U, L' E2 L) | N5: Rw' U' M' U L' U' (Rw' R) U (L2 x) | O5: U' R' E R U' R' E' R U2 | P5: U' R E' R' U' R E R' U2 | Q5: U' M U' M' U' M U' M' | R5: U' (R E R', U') | S5: Lw' U L U' M U L' U' L | T5: (U, L' E' L) | U5: U2 M' U2 M' U' M U2 M U' | V5: U R U R' U' R' U' R' U R | W5: (M U2 M, U') | X5: L U' Rw E Rw2' E Rw U L'
A6: Д | B6: BU | G6: R (M', U R' U') | H6: L' (M', U' L U) | I6: (U L U', M) | J6: (U' R' U, M) | K6: (M', U R' U') | L6: (M', U R U') | M6: (U' R U, M) | N6: (U L' U', M) | O6: (M', U' L' U) | P6: (M', U' L U) | Q6: U' x' R U R' E R U' R' E' (U x) | R6: R (M', U R U') | S6: U' (R' F' R, S) | T6: L' (M', U' L' U) | U6: U x' (E, R U R') | V6: R' (U' R' U, M) | W6: U (S, R' F' R) | X6: L U L U' M U L' U' Lw'
A7: Е | B7: RU | H7: M U' M' U2 M U' M' | I7: M' U R E' R' U' R E Rw' | J7: U Rw' U M' U2 M U Rw U' | K7: S' (U, L' E L) | L7: S' (U, L E' L') | M7: R U2 R' S' R U' R' S R U' R' | N7: M' U Rw' E Rw U' Rw' E' R | O7: ML' U' M' U2 M U' M'L | P7: Lw U' M' U2 M U' Lw' | Q7: M' U' M' U' M U' M' U' M2 | R7: F' R E R2' E' R' F | S7: Rw (M', U R' U') | T7: Rw U' L' E L2 E' L' U Rw' | U7: Rw' R2 U R' U' Rw M'R' U R U' Rw' | V7: (R' F R, S') | W7: R F R2' E R2 E' F' R' | X7: Lw' U R' E R U' R' E' (R2 x')
A8: З | B8: LU | I8: U' Lw U M' U2 M U Lw' U | J8: M' U' L' E L U L' E' Lw | K8: Rw' U M' U2 M U Rw | L8: Rw' R2 U M' U2 M U Rw R2' | M8: M' U' Lw E' Lw' U Lw E L' | N8: L' U2 L S L' U L S' L' U L | O8: S (U', R' E R) | P8: S (U', R E' R') | Q8: M' U M' U M U M' U M2 | R8: Lw' U R E' R2' E R U' Lw | S8: Lw' (M', U' L' U) | T8: x U Rw' E' Rw2 E' Rw' U' x' | U8: Lw L2' U' L U Lw' M'L U' L' U Lw | V8: Rw U' L E' L' U L E (L2 x') | W8: L' F E' L2 E L2 F' L | X8: (L F' L', S)
A9: И | B9: BL | C9: Rw' F' E' Rw2 E' Rw2' F Rw | J9: R U' R E' R2' E R U R' | K9: (L U L', E) | L9: z U R U M' U' R U M U2 z' | M9: R' U' R E' R2' E R U R | N9: U' Rw' E' Rw2 E' Rw U | O9: (L U L', E') | Q9: U2 M U' L U M' U' L' U' | R9: D' (M', U L U') | S9: (M', U L U') | T9: D (M', U L U') | U9: (M2, U L U') | V9: U' R E' R2' E R U | W9: U' L U' M' U2 M U' L' U | X9: U' L' U' L' U L U L U L'
A10: К | B10: BR | C10: R U S R2' S' R2 U' R' | L10: (R' U' R, E) | M10: U Lw' E' Lw2 E' Lw' U' | N10: R U' R E R2' E' R U R' | O10: R' U' R' E R U R' E' R2 | P10: (R' U' R, E') | Q10: U2 M U R' U' M' U R' U | R10: D' (M', U' R' U) | S10: (M', U' R' U) | T10: D (M', U' R' U) | U10: (M2, U' R' U) | V10: U R U R U' R' U' R' U' R | W10: U R' U' M' U2 M U' R U' | X10: U L' E L2 E' L' U'
A11: Л | B11: RB | L11: Lw' U' Lw E R2' E' R F R | M11: (E', R U' R') | N11: L2 E L U L' E' L U' L | O11: E' R U' R' E2 R U R' E' | P11: Uw Lw' E' Lw2 E' Lw' Uw' | Q11: z' R' U R' E R U' R' E' R2 z | R11: (R, U' S U). | S11: M' (M', U R' U') | T11: S (L' E L, U) | U11: M U R' U' M2 U R U' M | V11: Uw' R E' R2' E R Uw | W11: F R2 E R2' E' F' | X11: Uw L E' L2 E L Uw'
A12: М | B12: RF | H12: Rw' R2 U' M' U2 M U' Rw R2' | K12: Lw' U' Lw' E' Lw2 E' Lw' U Lw | N12: (E', L' U L) | O12: (E' U') Rw E Rw2' E Rw (E U) | P12: E' L' U L E2 L U' E' | Q12: U M (U', L E' L') | R12: (R', U' S U) | S12: M' (M', U R U') | T12: S (L E' L', U) | U12: M U R U' M2 U R' U' M | V12: (U' E') R' E R2 E' R' (U E) | W12: R2' F R2 E R2' E' F' R2 | X12: (F, R' S' R)
A13: Н | B13: FR | C13: R' U S R2 S' R2' U' R | N13: R' U' R E R2' E' R' U R | O13: (R U' R', E) | P13: R U' R E' R' U R E R2' | Q13: U2 M U R U' M' U R' U | R13: D' (M', U' R U) | S13: (M', U' R U) | T13: R U R' S R U R' S' R U2 R' | U13: (M2, U' R U) | V13: U R' U' R' U R U R U R' U2 | W13: U R U M' U2 M U R' U' | X13: U L E' L2' E L U'
A14: О | B14: FL | C14: Rw B' E Rw2' E Rw2 B Rw' | P14: (L' U L, E) | Q14: U2 M U' L' U M' U' L U' | R14: L' U' L S' L' U' L S L' U2 L | S14: (M', U L' U') | T14: D (M', U L' U') | U14: (M2, U L' U') | V14: U' R' E R2 E' R' U | W14: U' L' U' M' U2 M U' L U | X14: U' L U L U' L' U' L' U' L U2
A15: П | B15: LF | L15: (E U) Lw' E Lw2 E Lw' (E' U') | P15: Rw U Rw E Rw2' E Rw U' Rw' | Q15: U' M (U, R' E R) | R15: S' (R' E R, U') | S15: M' (M', U' L' U) | T15: (L, U S' U') | U15: M U' L' U M2 U' L U M | V15: R E R U' R' E' R U R2 | W15: L2 F' L2' E' L2 E F L2' | X15: (U E) L E' L2 E L (U' E')
A16: Р | B16: LB | K16: Uw' Rw E Rw2' E Rw Uw | L16: Lw' U' L' E' L2 E L' U Lw | O16: Rw U Rw' E' Rw2 E' Rw' U' Rw' | Q16: z L U' L E' L' U L E L2' z' | R16: S' (R E' R', U') | S16: M' (M', U' L U) | T16: (L', U S' U') | U16: M U' L U M2 U' L' U M | V16: Uw' R' E R2 E' R' Uw | W16: F' Rw2 E Rw2' E F | X16: Uw L' E L2 E' L' Uw'
A17: С | B17: BD | C17: U M' U' M' U2 M U' M U' | R17: D M D M' D M D M' | S17: U M U M' U2 M' U' M U | T17: D' M D' M' D' M D' M' | V17: D' R' F R2 E R2' E' F' R D | W17: D' (Lw D Lw', S') | X17: D L F' L2' E' L2 E F L' D'
A18: Т | B18: RD | G18: x U' Lw' E Lw2 E Lw' U x' | S18: U' (R' F' R, S') | T18: Lw' U R E R2' E' R U' Lw | U18: U' (S, R' B R) | W18: R' F R2 E R2' E' F' R | X18: (Lw D Lw', S')
A19: У | B19: FD | C19: U' M U' M U2 M' U' M' U | G19: Rw U R' U' M' U R U' Rw2' R | H19: Lw' U' L U M' U' L' U Lw2 L' | T19: U (S, L F L') | U19: D (Lw D Lw', S') | V19: R (U' R U, M') | X19: L' (U L' U', M')
A20: Ф | B20: LD | U20: U (S', L B' L') | V20: (Rw' D' Rw, S) | W20: L F' L2' E' L2 E F L'
A21: Х | B21: DB | G21: Rw U R' U' Rw M'R' U R U' M'R' | H21: Lw' U' L U Lw' M'L U' L' U M'L | V21: S' Rw U R' U' Rw (M' R') U R U' (R' M') S | W21: M Uw2 M Uw2 | X21: S Lw' U' L U Lw' (M' L) U' L' U (L M') S'
A22: В/Я | B22: DR | D22: R U Lw' E' Lw2 E' Lw' U' R' | U22: Rw M' U' R U R' Rw M' U' R' U R' | W22: R' F' R S' R' F2 R S R' F' R | X22: U L2' S L2 S' U'
A23: Ч | B23: DF | P23: F Rw2 E Rw2' E F' | X23: Lw' U R' E R U2 R' E' R U Lw
A24: Ш | B24: DL | E24: L' U' Rw E Rw2' E Rw U L | U24: S Lw L2' U' L U Lw' (M' L) U' L' U Lw S' | V24: U' R2 S' R2' S U

Sheet UFR
A1: UFR-y-x | C1: =A3 -> А | D1: =A4 -> Б | E1: =A5 -> Г | F1: =A6 -> Д | G1: =A7 -> Е | H1: =A8 -> З | I1: =A9 -> К | J1: =A10 -> Л | K1: =A11 -> М | L1: =A12 -> Н | M1: =A13 -> О | N1: =A14 -> П | O1: =A15 -> Р | P1: =A16 -> С | Q1: =A17 -> Т | R1: =A18 -> У | S1: =A19 -> И/Ф | T1: =A20 -> Х | U1: =A21 -> В | V1: =A22 -> Ч | W1: =A23 -> Ш
C2: =B3 -> UBL | D2: =B4 -> UBR | E2: =B5 -> UFL | F2: =B6 -> BUL | G2: =B7 -> BUR | H2: =B8 -> RUB | I2: =B9 -> FUL | J2: =B10 -> LUF | K2: =B11 -> LUB | L2: =B12 -> BDL | M2: =B13 -> BDR | N2: =B14 -> RDB | O2: =B15 -> RDF | P2: =B16 -> FDR | Q2: =B17 -> FDL | R2: =B18 -> LDF | S2: =B19 -> LDB | T2: =B20 -> DBL | U2: =B21 -> DBR | V2: =B22 -> DFR | W2: =B23 -> DFL
A3: А | B3: UBL | D3: R' B' R (R D R', U') | E3: U' R F R' (R' D' R , U) | G3: R' UD (R D R', U2) | H3: R' UD R (R U' R', D') | I3: Lw' UD' (R D R', U2) | J3: x' D F2 D' R D R' F2 R D' Lw' | L3: U'D' (R D R', U2) | M3: U'D (R D' R', U2) | N3: U' (R D R', U2) | O3: (R' D' R, U2) | P3: U'D (R D R', U2) | Q3: U'D' (R D' R', U2) | R3: (R' D R, U2) | S3: U' (R D' R', U2) | T3: R' U'D' R (R U' R', D) | U3: R D' R2' D R U2 R' D' R U2 R D R' | V3: R2 (U, R2 D R2 D' R2) | W3: R D R' U'D (R D' R', U2)
A4: Б | B4: UBR | E4: R F R' (R' D' R , U) | F4: R' (R' D' R, U2) | I4: R (U2, R D R') | J4: R' (R' D' R, U') | K4: R U R' (U, R' D' R) | L4: D (R' D R, U) | M4: D' (R' D' R, U) | N4: (U', R D R') | O4: (R' D' R, U) | P4: D' (R' D R, U) | Q4: D (R' D' R, U) | R4: (R' D R, U) | S4: (U', R D' R') | T4: x (R' U' R, D2) | U4: (U', R D' R' U R' D R) | V4: (R' D R U' R D' R', U) | W4: x' (D2, R U R')
A5: Г | B5: UFL | F5: U' R' (U', R' D' R) | G5: U' R (R D R', U) | H5: U' R' (U2, R' D' R) | K5: R U R' (U2, R' D' R) | L5: D (R' D R, U') | M5: D' (R' D' R, U') | N5: U' (R D R', U') | O5: (R' D' R, U') | P5: D' (R' D R, U') | Q5: D (R' D' R, U') | R5: (R' D R, U') | S5: U' (R D' R', U') | T5: R' D' R (R U' R', D) | U5: R D' R2' D R U' R' D' R U R D R' | V5: (R' D R U' R D' R', U') | W5: D (R' D R U' R D' R', U')
A6: Д | B6: BUL | G6: (U' L' U, R) | H6: U R (R D R', U2) | I6: R U R' U'D (R D R', U2) | J6: x' (D, R U' R') | L6: R' D' (R' U R, D2) | M6: D' R' (R' U R, D) | N6: R' U (U, R' D' R) | O6: R' (R' U R, D) | P6: R (R, U' L' U) | Q6: Rw U R U' Rw2' D R' D' Rw | R6: R' D (D, R' U R) | S6: D Rw U R U' Rw2' D R' D' Rw D' | T6: U'D R' (R' D R, U') | U6: U R (D', R U' R') | V6: UD R (D', R U' R') | W6: U' R' (R' D R, U')
A7: Е | B7: BUR | I7: R U'D' (R' D' R, U2). | J7: (U L U', R') | K7: (F' L F, R') | L7: D R' U (D, R U' R') | M7: R' D' (R' D R, U) | N7: U' R U (D, R' U' R) | O7: R' U (D', R U' R') | P7: D' R' U (D, R U' R') | Q7: (U L' U', R') | R7: R' U (D, R U' R') | S7: (R, U' L U) | T7: R U' (R' U R, D') | U7: UD' R' U' (R U R', D') | V7: U R' U' (R U R', D') | W7: UD R' U' (R U R', D')
A8: З | B8: RUB | I8: R D' R2 D R2 U' R2' D' R2 D R2' U R | J8: F R (R D' R' U R' D R, U') | K8: R U (R D' R' U R' D R, U') | L8: UD R U' (R' D R, U2) | M8: UD R (U2, R D' R') | N8: U R U' (R' D' R, U2) | O8: R (U', R D' R' U R' D R) | P8: UD' R U' (R' D R, U2) | Q8: U R U'D (R' D' R, U2) | R8: U R U' (R' D R, U2) | S8: U R (U2, R D' R') | T8: U'D R' (R' D R, U2) | U8: R' (R' D R U' R D' R', U) | V8: U'D' R' (R' D R, U2) | W8: U' R' (R' D R, U2)
A9: К | B9: FUL | K9: Lw' U' (R D' R', U2) | L9: D' R UD' (R' D R, U2) | M9: R U (R' D' R, U2) | N9: R UD' (R' D R, U2) | O9: Lw' (R' D' R, U2) | P9: R' (R D' R' D, F2) | Q9: R U (R' D R, U2) | R9: R' D F2 D' R D R' F2 R D' | S9: D' R U (R' D' R, U2) | T9: R (R D' R', U2) | U9: D R (R D' R', U2) | V9: D' R UD (R' D' R, U2) | W9: R UD (R' D' R, U2)
A10: Л | B10: LUF | K10: (U' R' U, L) | L10: x' (R U2 R', D) | M10: F (D', R U R') | N10: R' U' (R' D' R, U2) | O10: R' U' (D', R U R') | P10: F (D, R U R') | Q10: D R' U' (D', R U R') | R10: R' U' (D, R U R') | S10: U' R U' (D', R' U R) | T10: U'D R' U (R U' R', D) | U10: R U' R' (D, R' U R) | V10: U'D' R' U (R U' R', D) | W10: U' R' U (R U' R', D)
A11: М | B11: LUB | L11: UD R' (U', R' D R) | M11: R U (R' D' R, U) | N11: U' R (R U' R', D') | O11: U R' U' (U', R D R') | P11: R U' R' F R U R' U' R' F' R U | Q11: R U (R' D R, U) | R11: U R' (U', R' D R) | S11: U R' U' (U', R D' R') | T11: R (R D' R', U) | U11: D R (R D' R', U) | V11: U R' D' (U', R' D' R) | W11: D' R (R D' R', U)
A12: Н | B12: BDL | M12: R' D (R' U' R, D2) | N12: U' (D', R' U' R) | O12: U R' D' (R U' R', D') | P12: U (D2, R U' R') | Q12: D' R D (R' U' R, D2) | R12: U (D, L' U' L) | U12: U R (R U' R', D2) | V12: UD R (D, R U' R') | W12: x' (D2, R U2 R')
A13: О | B13: BDR | O13: (D', R U R') | P13: R U R' U' (D', R U R') | Q13: D' (R U R', D2) | R13: R' D (D, R' U' R) | S13: D' (R U R', D') | T13: R U'D (R' U R, D2) | V13: D' R D (U, R' D' R) | W13: R U (R U R', D)
A14: П | B14: RDB | O14: R D' (R' D R, U) | P14: U (D', R U' R') | Q14: R D (R' U' R, D) | R14: UD' (R U' R', D2) | S14: R D (R' U' R, D2) | T14: UD' R' D r2 U' R U r2 U' | V14: UD R (D2, R U' R') | W14: U' R' (R' D R, U)
A15: Р | B15: RDF | Q15: (R U R', D) | R15: U R' D' (R U' R', D2) | S15: (R U R', D2) | T15: R (R D' R', U') | U15: R (R' D R U' R D' R', U) | W15: R D (U, R' D' R)
A16: С | B16: FDR | Q16: (U L' U', R) | R16: U (R U' R', D) | S16: U R U' (U', R D' R') | T16: UD' R (D, R U' R') | U16: U R D' (U', R' D R ) | W16: R (R' U R U', F2)
A17: Т | B17: FDL | S17: D (R U R', D) | T17: Lw' D (R' D' R, U') | U17: D R (R D' R', U') | V17: R U' R' (R' D R, U2)
A18: У | B18: LDF | S18: R' D R (D, R U R') | T18: UD' R (D2, R U' R') | U18: U R (D, R U' R') | V18: UD R D' (R' D R, U’)
A19: И/Ф | B19: LDB | U19: R D' R' (R' D R, U) | V19: R U'D R' (R' D R, U2) | W19: Lw' D R' F2 R D' R' D F2 D' (R2 x')
A20: Х | B20: DBL | U20: R U' R' (D', R' U R) | V20: R2 (R2 U' R2 U R2, D') | W20: (Rw D Rw', F2)
A21: В | B21: DBR | V21: (D', R2' U R2 U' R2') | W21: R U' R' (R' U R, D2)
A22: Ч | B22: DFR | W22: (R2' U R2 U' R2', D)
A23: Ш | B23: DFL

Sheet Parity (UFR)
A1: Corner | C1: Algorithm
A2: =UFR!A3 -> А | B2: UBL | C2: R' U2' R' F' R2 U' R' F' U' F R U R' F U2' R
A3: =UFR!A4 -> Б | B3: UBR | C3: J-perm
A4: =UFR!A5 -> Г | B4: UFL | C4: U, J-perm
A5: =UFR!A6 -> Д | B5: BUL | C5: L, J-perm
A6: =UFR!A7 -> Е | B6: BUR | C6: U R' F R U R' U' R' F' R2 U' R' U2 R U
A7: =UFR!A8 -> З | B7: RUB | C7: U R' U R U' x' U L' U L U2 R U' R' U
A8: =UFR!A9 -> К | B8: FUL | C8: L U' L' U x' U' R U' R' U2 L' U L U' F'
A9: =UFR!A10 -> Л | B9: LUF | C9: L' U R' U' R U R' F' R U R' U' R' F R2 U2 L
A10: =UFR!A11 -> М | B10: LUB | C10: U R' U' R U R' F' R U R' U' R' F R2 U2
A11: =UFR!A12 -> Н | B11: BDL | C11: U' L U, J-perm
A12: =UFR!A13 -> О | B12: BDR | C12: D' U2 R' F R2 U' R' U' R U R' F' R U R' UD
A13: =UFR!A14 -> П | B13: RDB | C13: UD' R U' R U R' F' R U R' U' R' F R2 U' R2' U'D
... A22: =UFR!A23 -> Ш | B22: DFL | C22: z R' U' R' D R2 U' R U R2' U'D' R U2 R

Sheet UBL
A1: UBL-y-x | C1: =A3 -> Б | D1: =A4 -> – | E1: =A5 -> Г | F1: =A6 -> Е | G1: =A7 -> З | H1: =A8 -> – | I1: =A9 -> – | J1: =A10 -> К | K1: =A11 -> Л | L1: =A12 -> Н | M1: =A13 -> О | N1: =A14 -> П | O1: =A15 -> Р | P1: =A16 -> С | Q1: =A17 -> Т | R1: =A18 -> У | S1: =A19 -> И | T1: =A20 -> Х | U1: =A21 -> В | V1: =A22 -> Ч | W1: =A23 -> Ш
C2: =B3 -> UBR | D2: =B4 -> UFR | E2: =B5 -> UFL | F2: =B6 -> BUR | G2: =B7 -> RUB | H2: =B8 -> RUF | I2: =B9 -> FUR | J2: =B10 -> FUL | K2: =B11 -> LUF | L2: =B12 -> BDL | M2: =B13 -> BDR | N2: =B14 -> RDB | O2: =B15 -> RDF | P2: =B16 -> FDR | Q2: =B17 -> FDL | R2: =B18 -> LDF | S2: =B19 -> LDB | T2: =B20 -> DBL | U2: =B21 -> DBR | V2: =B22 -> DFR | W2: =B23 -> DFL
A3: Б | B3: UBR | E3: R' B' R (R D R', U') | J3: (F R' F', L) | K3: U R' U2 R' D' R U2 R' D R2 U' | L3: UD' (R D R', U') | M3: D (U, R D' R') | N3: (U, R D R') | O3: U (U, R' D' R) | P3: D (U, R D R') | Q3: (U, R D2 R') | R3: U (U, R' D R) | S3: (U, R D' R') | T3: D' (U , R D' R' U R' D R) | U3: (U , R D' R' U R' D R) | V3: R’ D R (U , R D' R') | W3: r’ D R’ D’ r2 U R U’ r’
A4: – | B4: UFR
A5: Г | B5: UFL | F5: L U2 L D L' U2 L D' L2 | G5: x' (U', R' D R) | L5: (U2 D) R' D R U R' D' R (U D') | M5: (U', L D2 L') | N5: (L' D L, U) | O5: (U', L D' L') | P5: D' (U', L D L') | Q5: D (U', L D' L') | R5: U2 R' D R U R' D' R U | S5: (L' D' L, U) | T5: D' R D' U2 R' D R U R' D' R U D R' D | U5: (B2, Rw U Rw') | V5: Rw' U' L D2 L' U L D2 x | W5: U R D R2' U R D' R' U' R D R D' R' U'
A6: Е | B6: BUR | J6: Lw U2 R D2 R' U2 R D2 (Lw2 x') | K6: x' U2 R2' D R U2 R' D' R U2 R U2' x | L6: R' U2 R' D2 R U2 R' D2 R2 | M6: Lw U2 R D R' U2 R D' (R2 x) | N6: D2 R' U2 R' D R U2 R' D' R2 D2 | O6: (Rw2' x) D L U2 L' D' L U2 Rw | P6: D' R' U2 R' D R U2 R' D' R2 D | Q6: Lw U2 R D' R' U2 R D (Lw2 x') | R6: R' U2 R' D R U2 R' D' R2 | S6: Rw2' B' Rw U2 Rw' B Rw U2 Rw | T6: U2 R2 D' R' U2 R D R' U2 R' U2 | U6: L U2 L D2 L' U2 L D2 L2 | V6: L2 D' L' U2 L D L' U2 L' | W6: D L2 D' L' U2 L D L' U2 L' D'
A7: З | B7: RUB | J7: (U R U', L') | K7: F' (L2, U R U') | L7: (U R U', L) | M7: D' (U' L' U, R2) | N7: (U' L' U, R') | O7: z' (L' D' L, U2) | P7: D (U' L' U, R') | Q7: F L' U R U' L U R' U' F' | R7: z' R2' U R D' R' U' R D R z | S7: L2' U2 L D L' U2 L D' L | T7: D (L2, U R U') | U7: R D' R U2 R' D R U2 R2 | V7: D' (L2, U R U') | W7: (U R U', L2)
A8: – | B8: RUF
A9: – | B9: FUR
A10: К | B10: FUL | L10: (U D') R (U D) R' U' R D' R' U R U' R' (U' D) | M10: (U R' U', L') | N10: R' (U R U', L') | O10: (L, U' R U) | P10: x (U2, R' D2 R) | Q10: U' L' U' R' U L U' R U2 | R10: U2 R U' L2 U R' U' L2 U' | S10: U2 R U' L U R' U' L' U' | T10: z R' U2 R' D' R U2 R' D R2 z' | U10: x (R U2 R', D2) | V10: z' (L U2 L', D') | W10: (U' D) R' U' R U R' D' R U' R' (D U) R (U D')
A11: Л | B11: LUF | L11: x' U2 R U' L2 U R' U' L2 U' x | M11: (U' D) R U2 R D' R' U2 R D R2' (U D') | N11: U' R U R' D' R U2 R' D R U R' U | O11: U L U2 L D' L' U2 L D L2' U' | P11: x' U2 R' U' L2 U R U' L2 U' x | Q11: U' R U2 R D2 R' U2 R D2 R2 U | R11: x z R' U2 R' D' R U2 R' D R2 z' x' | S11: U' R U2 R D' R' U2 R D R2' U | T11: U R2 D2 R U2 R' D2 R U2 R U' | U11: U' L2 D L U2 L' D' L U2 L U | V11: UD' R' (R' D R, U2) | W11: U R2' D R U2 R' D' R U2 R U'
A12: Н | B12: BDL | M12: (L, U R' U') | N12: U (D', R' U' R) | O12: R' U (D', R' U' R) | P12: (D2, R U2 R') | Q12: F' (D2, R U2 R') | R12: y' (D, R U' R') | U12: R D2 R U2 R' D2 R U2 R2 | V12: Rw' U R' U' L U R U' x | W12: (U D') R2' D2 R U R' D2 R U' R (U' D)
A13: О | B13: BDR | O13: (R' U R, D) | P13: F2 L' U R' U' L U R U' F2 | Q13: (R' U R, D2) | R13: R' U2 R' D R U' R' D' R U' R | S13: (D, L U L') | T13: D2' R' D2 R' U R D2 R' U' R2 D2 | V13: z' (U, R' D2 R) | W13: (L2, U R' U')
A14: П | B14: RDB | O14: R' U' L' U R' U' L U R2 | P14: U R' U' R D R' U R (U' D') | Q14: F' (D', R U2 R') | R14: D' R U2 R' D2 R U2 R' D' | S14: Rw D2 L U L' D2 L U' (Rw2 x) | T14: y z' R2 D' R U2 R' D R U2 R z y' | V14: y' R D2 R U' R' D2 R U R2 y | W14: x (U' R U, L2)
A15: Р | B15: RDF | Q15: D R' U R D R' U' R D2 | R15: (x' R2) U' R' D2 R U R' D2 Lw' | S15: (D2, L U L') | T15: D (U R' U', L2) | U15: D' R' D2 R' U R D2 R' U' R2 D | W15: z' (R U R', D2)
A16: С | B16: FDR | Q16: x (R' D2 R, U') | R16: (R U2 R', D) | S16: x (D', L U2 L') | T16: z R' U2 R' D R U2 R' D' R2 z' | U16: (B2, Rw U2 Rw') | W16: U L D2 L U' L' D2 L U L2 U'
A17: Т | B17: FDL | S17: (D', L U L') | T17: z' R2 U R' D2 R U' R' D2 R' z | U17: x (R U' R', D2) | V17: R' D2 R' U R D2 R' U' R2
A18: У | B18: LDF | S18: (U D') R' U' L U R U' L' D | T18: D' R D2 R U2 R' D2 R U2 R2 D | U18: R D R U2 R' D' R U2 R2 | V18: R2 U R' D R U R' D' R U2 R2'
A19: И | B19: LDB | U19: L2 D2 L' U' L D2 L' U L' | V19: L2 D' L' U' L D L' U L' | W19: D R' D2 R' U R D2 R' U' R2 D'
A20: Х | B20: DBL | U20: x F' (D2, R U R') | V20: (L2 U L2 U' L2, D2) | W20: (L2 U L2 U' L2, D')
A21: В | B21: DBR | V21: x (D2, R U R') | W21: L U' L' D2 L' U L D2 L' U' L2 U L'
A22: Ч | B22: DFR | W22: R U R' (R' D R , U')
A23: Ш | B23: DFL

Sheet Edge flips
A1: Edge | B1: =A2 -> UB | C1: =A3 -> UR | D1: =A4 -> UF | E1: =A5 -> UL | F1: =A6 -> BL | G1: =A7 -> BR | H1: =A8 -> FR | I1: =A9 -> FL | J1: =A10 -> DB | K1: =A11 -> DR | L1: =A12 -> DF | M1: =A13 -> DL
A2: UB | D2: M' U' M' U' M' U' M' U2 M' U' M' U' M' U' M' | J2: U' M' U' M' U' M' U2 M' U' M' U' M' U' M2 | L2: U2 M2 U' M' U' M' U' M' U2 M' U' M' U' M' U
A3: UR | D3: R' U2 R2 U R' U' R' U2 Rw U R U' Rw' | J3: U2 M' U' M' U' M' U2 M' U' M' U' M' U' M2 U | L3: U M2 U' M' U' M' U' M' U2 M' U' M' U' M' U2
A4: UF | E4: (L' E' L, U) (L F' L', S) | F4: E' R' U' R E R2' E2 R U R' E2 R2 | G4: (E', R U' R') U Lw' E' Lw2 E' Lw' U' | H4: L E' L' U L E L2' E2 L U' L' E2 L | I4: R' E R U' R' E' R2 E2 R' U R E2 R' | J4: U M' U' M' U' M' U2 M' U' M' U' M' U' M2 U2 | K4: (R' F R, S') (R E R', U') | L4: M2 U' M' U' M' U' M' U2 M' U' M' U' M' U' | M4: (L F' L', S) (L' E' L, U)
A5: UL | J5: M' U' M' U' M' U2 M' U' M' U' M' U' M2 U' | L5: U' M2 U' M' U' M' U' M' U2 M' U' M' U' M'
A6: BL | L6: L U M' U2 M U S' L F L' S L F' L2
A7: BR | L7: R' U' M' U2 M U' S R' F' R S' R' F R2
A8: FR | L8: R U' M' U2 M U' S R' F' R S' R' F
A9: FL | L9: L' U M' U2 M U S' L F L' S L F'
A10: DB | L10: M U' M' U' M' U' M' U2 M' U' M' U' M' U' M
A11: DR | L11: R' F' R S' R' F R S R F' R' S R F R' S'
A12: DF | M12: L F L' S L F' L' S' L' F L S' L' F' L S
A13: DL

Sheet Corner twists
A1: Corner | B1: =A2 -> UBL | C1: =A3 -> UBR | D1: =A4 -> UFR | E1: =A5 -> UFL | F1: =A6 -> DBL | G1: =A7 -> DBR | H1: =A8 -> DFR | I1: =A9 -> DFL
A2: UBL | C2: U R D' R' D R D' R' U' R D R' D' R D R' | D2: U2 R' D R D' R' D R U2 R' D' R D R' D' R | E2: R U R' U R U2 R' L' U' L U' L' U2 L | F2: U R' U' R D' R' U R U' R' U R D R' U' R | G2: R U R' U' R D R' U R U' R' U R D' R' U' | H2: U R' U' R D R' U R U' R' U R D' R' U' R | I2: UD' R' U' R D' R' U R U' R' U R D R' U' R D
A3: UBR | D3: U R' D R D' R' D R U' R' D' R D R' D' R | E3: U R' D R D' R' D R U2 R' D' R D R' D' R U | F3: R D' R' U' R U R' U' R D R' U R U' R' U | G3: R D R' U' R U R' U' R D' R' U R U' R' U | H3: R' U R U' R' D' R U R' U' R U R' D R U' | I3: U R' D R U' R' U R U' R' D' R U R' U' R
A4: UFR | E4: U' R' D R D' R' D R U R' D' R D R' D' R | F4: U' R D' R' U R U' R' U R D R' U' R U R' | G4: U R U' R' D' R U R' U' R U R' D R U' R' | H4: R' D' R U R' U' R U R' D R U' R' U R U' | I4: U R U' R' D R U R' U' R U R' D' R U' R'
A5: UFL | F5: L2 U' R' U R U' R' U L2 U' R U R' U' R U | G5: U' R U R' D' R U' R' U R U' R' D R U R' | H5: R' U' R U R' D' R U' R' U R U' R' D R U | I5: L' U' R' U R U' R' U L U' R U R' U' R U
A6: DBL | G6: R' U' R U R' U' R D' R' U R U' R' U R D | H6: D2 R U R' U' R U R' D2 R U' R' U R U' R' | I6: D' R' U' R U R' U' R D' R' U R U' R' U R D2
A7: DBR | H7: D' R U R' U' R U R' D R U' R' U R U' R' | I7: R' U' R U R' U' R D2 R' U R U' R' U R D2
A8: DFR | I8: R U R' U' R U R' D R U' R' U R U' R' D'
A9: DFL

Sheet Other algs
A1: Case | B1: Algorithm
A2: UFR/UBL/UBR | B2: U' R' F R U R' U' R' F' R U' R' D' R U2 R' D R2
A3: UFR/UBL/UFL CW | B3: U2 R U R' U' R U R' U R U R U2 R' U' R U' R' U R'
A4: UFR/UBL/UFL CCW | B4: U2 R2' D' R U2 R' D R U R' F R U R U' R' F' R U'
A5: UF/UR/DF/DB | B5: M U M U M U M U
A6: UF/UL/DF/DB | B6: U M' U M' U M' U
