Workbook

Sheet Corners
A1: Letter Pair | B1: Case | C1: ALG | D1: COMMENTS
A2: A B | B2: ULB UFL | C2: x L U' L D2 L' U L D2 L2 x' | D2: also possible U setup for xR2[ D2;R U R' ]R2x'
A3: A C | B3: ULB UFR | C3: x R2 D2 R U R' D2 R U' R x'
A4: A E | B4: ULB DFR | C4: R' D R2 D' R' U R D R' U' R' D' R
A5: A F | B5: ULB DLF | C5: R U R' U' L2 U R U' R' L2 | D5: R D U
A6: A G | B6: ULB DBL | C6: U l' U' R D2 R' U R D2 x' U'
A7: A H | B7: ULB DRB | C7: R2 D R2 D' R2 U' R2 D R2 D' R2 U
A8: A I | B8: ULB FRU | C8: F' r U R' U' r' F R
A9: A J | B9: ULB FUL | C9: r U R' U' r' F R F'
A10: A K | B10: ULB FLD | C10: R D2 R' U R D2 R' U'
A11: A L | B11: ULB FRD | C11: U' L' D2 L U L' D2 L
A12: A O | B12: ULB BRD | C12: y R' D' R U R' D R U' y' | D12: too lazy to change it to no rotation alg in <R,U,D> (setup D, its better)
A13: A P | B13: ULB BDL | C13: U R' D2 R U R' D2 R U2
A14: A R | B14: ULB LBD | C14: R D' R' U R D R' U'
A15: A S | B15: ULB RUF | C15: U R U2 R D R' U2 R D' R2 U'
A16: A T | B16: ULB RFD | C16: U R' D' R U R' D R U2
A17: A U | B17: ULB RBD | C17: R D R' U R D' R' U'
A18: A W | B18: ULB LFU | C18: U R2 D' R U2 R' D R U2 R U'
A19: A Z | B19: ULB LDF | C19: U R' D R U R' D' R U2
A21: B A | B21: UFL ULB | C21: x L2 D2 L' U' L D2 L' U L' x'
A22: B C | B22: UFL UFR | C22: x' R U' R D2 R' U R D2 R2 x
A23: B D | B23: UFL LBU | C23: U' x R2 D2 R U2 R' D2 R U2 R x' U
A24: B E | B24: UFL DFR | C24: R' D R2 D' R' U2 R D R' U2 R' D' R
A25: B F | B25: UFL DLF | C25: R U2 R' U' L2 U R U' L2 U' R'
... A48: C K | B48: UFR FLD | C48: R D2 R' U' R D2 R' U
A49: C L | B49: UFR FRD | C49: D R D R' U' R D' R' U D' | D49: D' U R D' R' U' R D R' D
A50: C M | B50: UFR BUL | C50: R' U2 R' D' R U2 R' D R2
A51: C O | B51: UFR BRD | C51: D' U R' D' R U' R' D R D
A52: C P | B52: UFR BDL | C52: U R' D2 R U' R' D2 R
A53: C R | B53: UFR LBD | C53: R D' R U' R' D R' U
A54: C T | B54: UFR RFD | C54: U R' D' R U' R' D R
A55: C U | B55: UFR RBD | C55: R D R' U' R D' R' U
A56: C W | B56: UFR LFU | C56: R' U' R' D' R U R' D R2
A57: C Z | B57: UFR LDF | C57: U R' D R U' R' D' R
A59: D B | B59: LBU UFL | C59: U' x R2 D2 R U2 R' D2 R U2 R x' U | D59: also possible F' setup
A60: D C | B60: LBU UFR | C60: R U R D R' U' R D' R2
A61: D E | B61: LBU DFR | C61: R2 U' L' U R2 U' L U
A62: D F | B62: LBU DLF | C62: F U R U' L' U R' U' L F'
A63: D G | B63: LBU DBL | C63: L' D L' U2 L D' L' U2 L2
A64: D H | B64: LBU DRB | C64: D' R2 U' L' U R2 U' L U D
A65: D I | B65: LBU FRU | C65: R U' L' U R' U' L U
A66: D J | B66: LBU FUL | C66: l' U R D' R' U' R D x'
A67: D K | B67: LBU FLD | C67: l' U2 R D' R' U2 R D x'
A68: D L | B68: LBU FRD | C68: F' R U' L' U R' U' L U F
A69: D O | B69: LBU BRD | C69: R' U' L' U R U' L U
A70: D P | B70: LBU BDL | C70: D U R U' L2 U R' U' L2 D'
A71: D R | B71: LBU LBD | C71: U R U' L U R' U' L'
... A116: G A | B116: DBL ULB | C116: U x D2 R' U' R D2 R' U l U'
A117: G B | B117: DBL UFL | C117: D2 R' D R U2 R D' R' U2 R D R2 D' R D2 | D117: also setup L' D L is possible
A118: G C | B118: DBL UFR | C118: x R' U' R D2 R' U R D2 x'
A119: G D | B119: DBL LBU | C119: L2 U2 L D L' U2 L D' L
A120: G E | B120: DBL DFR | C120: R' U R D2 R U' R' D2 R U R2 U' R
A121: G F | B121: DBL DLF | C121: x D2 L' U' L D2 L' U L x'
A122: G H | B122: DBL DRB | C122: D' R2 U' R2 U R2 D R2 U' R2 U R2
A123: G I | B123: DBL FRU | C123: x D2 L' U2 L D2 L' U2 L x'
A124: G J | B124: DBL FUL | C124: l' U R D2 R' U' R D2 x'
A125: G K | B125: DBL FLD | C125: l' U2 R D2 R' U2 R D2 x'
A126: G L | B126: DBL FRD | C126: x D2 L' U L D2 L' U' L x'
A127: G M | B127: DBL BUL | C127: R' U2 R' D2 R U2 R' D2 R2
A128: G O | B128: DBL BRD | C128: L2 U2 L D2 L' U2 L D2 L
A129: G S | B129: DBL RUF | C129: U R U2 R D' R' U2 R D R2 U'
... A242: M R | B242: BUL LBD | C242: U2 R2 D' R' U2 R D R' U2 R' U2
A243: M S | B243: BUL RUF | C243: R U R2 D R2 D' R2 U' R2 D R2 D' R | D243: also possible l' U setup to 9 mover in RUD
A244: M T | B244: BUL RFD | C244: L U2 L D' L' U2 L D L2
A245: M U | B245: BUL RBD | C245: lR D R' U2 R D' R' U2 l'
A246: M W | B246: BUL LFU | C246: L U2 L D L' U2 L D' L2 | D246: sometimes i do U2 and the same alg but in RUD
A247: M Z | B247: BUL LDF | C247: R' U' R D2 R' U2 R D2 R' U' R
A249: O A | B249: BRD ULB | C249: y U R' D' R U' R' D R y'
A250: O B | B250: BRD UFL | C250: L D2 L' U2 L D2 L' U2
A251: O C | B251: BRD UFR | C251: D' R' D' R U R' D R U' D
A252: O D | B252: BRD LBU | C252: U' L' U R' U' L U R
A253: O E | B253: BRD DFR | C253: z' x R' U R' D2 R U' R' D2 R2 x' z
A254: O F | B254: BRD DLF | C254: U' L2 U R' U' L2 U R
A255: O G | B255: BRD DBL | C255: L' D2 L' U2 L D2 L' U2 L2
A256: O I | B256: BRD FRU | C256: y' U2 L2 U' R' U L2 U' R U' y
A257: O J | B257: BRD FUL | C257: l U' L2 U R' U' L2 U x
A258: O K | B258: BRD FLD | C258: D2 L' U2 L D2 L' U2 L
A259: O L | B259: BRD FRD | C259: D' R' D' R U R' D2 R U' R' D' R D
... A307: S B | B307: RUF UFL | C307: U x R2 D2 R U2 R' D2 R U2 R x' U'
A308: S D | B308: RUF LBU | C308: R' U2 R U' R' F R U R' U' R' F' R U' R | D308: zbll, center safe
A309: S E | B309: RUF DFR | C309: B2 R U R' D2 R U' R' D2 B2
A310: S F | B310: RUF DLF | C310: F' U R' D' R U2 R' D R U F
A311: S G | B311: RUF DBL | C311: U R2 D' R' U2 R D R' U2 R' U'
A312: S H | B312: RUF DRB | C312: D2 F' U R' D' R U2 R' D R U F D2
A313: S J | B313: RUF FUL | C313: U' R' U2 R' D' R U2 R' D R2 U
A314: S K | B314: RUF FLD | C314: U R U R' D R U2 R' D' R U R' U'
A315: S L | B315: RUF FRD | C315: D' U' R' U2 R' D R U2 R' D' R2 U D
A316: S M | B316: RUF BUL | C316: R' D R2 D' R2 U R2 D R2 D' R2 U' R'
A317: S O | B317: RUF BRD | C317: U R U R' D' R U2 R' D R U R' U'
A318: S P | B318: RUF BDL | C318: U' R' U2 R' D2 R U2 R' D2 R2 U
A319: S R | B319: RUF LBD | C319: x U R2 U L' U' R2 U L U2 x'
A320: S T | B320: RUF RFD | C320: x U R2 U L U' R2 U L' U2 x'
... A398: Z W | B398: LDF LFU | C398: L2 U R U' L U R' U' L

Sheet test
A1: Letter Pair | B1: Case | C1: ALG | D1: COMMENTS
A2: A B | B2: =tra(A2) -> ULB UFL | C2: =exc("x L2 [L' U' L;D2] L2x'") -> x L U' L D2 L' U L D2 L2 x' | D2: also possible U setup for xR2[ D2;R U R' ]R2x'
A3: A C | B3: =tra(A3) -> ULB UFR | C3: =INV(MIR(C2)) -> x R2 D2 R U R' D2 R U' R x'
A4: A E | B4: =tra(A4) -> ULB DFR | C4: =EXC("R' D R[R D' R'; U]R' D' R") -> R' D R2 D' R' U R D R' U' R' D' R
A5: A F | B5: =tra(A5) -> ULB DLF | C5: =EXC("[R U R' U';L2]") -> R U R' U' L2 U R U' R' L2 | D5: =exc("R:D4U") -> R D U
A6: A G | B6: =tra(A6) -> ULB DBL | C6: U l' U' R D2 R' U R D2 x' U'
A7: A H | B7: =tra(A7) -> ULB DRB | C7: =EXC("[R2 D R2 D' R2; U']") -> R2 D R2 D' R2 U' R2 D R2 D' R2 U | D7: =mirror("R U R'U'") -> L' U' LU
A8: A I | B8: =tra(A8) -> ULB FRU | C8: F' r U R' U' r' F R
A9: A J | B9: =tra(A9) -> ULB FUL | C9: r U R' U' r' F R F'
A10: A K | B10: =tra(A10) -> ULB FLD | C10: =EXC("[R D2 R' ; U]") -> R D2 R' U R D2 R' U'
A11: A L | B11: =tra(A11) -> ULB FRD | C11: =INV(MIR(C10)) -> U' L' D2 L U L' D2 L
A12: A O | B12: =tra(A12) -> ULB BRD | C12: =EXC("y[R' D' R; U]y'") -> y R' D' R U R' D R U' y' | D12: too lazy to change it to no rotation alg in <R,U,D> (setup D, its better)
A13: A P | B13: =tra(A13) -> ULB BDL | C13: =EXC("U2[U';R' D2 R]U2") -> U R' D2 R U R' D2 R U2
A14: A R | B14: =tra(A14) -> ULB LBD | C14: =EXC("[R D' R'; U]") -> R D' R' U R D R' U'
A15: A S | B15: =tra(A15) -> ULB RUF | C15: =EXC("U R2[R' U2 R; D]R2 U'") -> U R U2 R D R' U2 R D' R2 U'
A16: A T | B16: =tra(A16) -> ULB RFD | C16: =EXC("U2[U'; R' D' R]U2") -> U R' D' R U R' D R U2
A17: A U | B17: =tra(A17) -> ULB RBD | C17: =EXC("[R D R'; U]") -> R D R' U R D' R' U'
A18: A W | B18: =tra(A18) -> ULB LFU | C18: =EXC("U R2[D'; R U2 R']R2 U'") -> U R2 D' R U2 R' D R U2 R U'
A19: A Z | B19: =tra(A19) -> ULB LDF | C19: =EXC("U2[U'; R' D R]U2") -> U R' D R U R' D' R U2
A21: B A | B21: =tra(A21) -> UFL ULB | C21: =EXC(INV(C2)) -> x L2 D2 L' U' L D2 L' U L' x'
A22: B C | B22: =tra(A22) -> UFL UFR | C22: =EXC("x' R2 [R' U' R; D2] R2 x") -> x' R U' R D2 R' U R D2 R2 x
A23: B D | B23: =tra(A23) -> UFL LBU | C23: =EXC("U' x R2[D2; R U2 R']R2 x' U") -> U' x R2 D2 R U2 R' D2 R U2 R x' U
A24: B E | B24: =tra(A24) -> UFL DFR | C24: =EXC("R' D R[R D' R';U2]R' D' R") -> R' D R2 D' R' U2 R D R' U2 R' D' R
A25: B F | B25: =tra(A25) -> UFL DLF | C25: =EXC("R U[U R' U';L2]U' R'") -> R U2 R' U' L2 U R U' L2 U' R'
A26: B G | B26: =tra(A26) -> UFL DBL | C26: =EXC("D2 R' D R[R D' R'; U2]R' D' R D2") -> D2 R' D R2 D' R' U2 R D R' U2 R' D' R D2
A27: B H | B27: =tra(A27) -> UFL DRB | C27: =EXC("[R2 D R2 D' R2; U2]") -> R2 D R2 D' R2 U2 R2 D R2 D' R2 U2
A28: B I | B28: =tra(A28) -> UFL FRU | C28: =EXC("R D[U2;R D' R']D' R") -> R D U2 R D' R' U2 R D R' D' R
A29: B K | B29: =tra(A29) -> UFL FLD | C29: =EXC("[R D2 R';U2]") -> R D2 R' U2 R D2 R' U2
A30: B L | B30: =tra(A30) -> UFL FRD | C30: =EXC(C37) -> R D R' U2 R D' R' U2
A31: B M | B31: =tra(A31) -> UFL BUL | C31: =EXC("x' R2[R' U2 R; D2]R2 x") -> x' R U2 R D2 R' U2 R D2 R2 x
A32: B O | B32: =tra(A32) -> UFL BRD | C32: =EXC("[U2;L D2 L']") -> U2 L D2 L' U2 L D2 L'
A33: B P | B33: =tra(A33) -> UFL BDL | C33: =EXC("D' [R D R';U2] D") -> D' R D R' U2 R D' R' U2 D
A34: B R | B34: =tra(A34) -> UFL LBD | C34: =EXC("[R D R';U2]") -> R D R' U2 R D' R' U2
A35: B S | B35: =tra(A35) -> UFL RUF | C35: =EXC("U x R2 [R U2 R'; D2] R2 x' U'") -> U x R' U2 R' D2 R U2 R' D2 R2 x' U'
A36: B T | B36: =tra(A36) -> UFL RFD | C36: =EXC("U[R' D' R;U2]U'") -> U R' D' R U2 R' D R U
A37: B U | B37: =tra(A37) -> UFL RBD | C37: =EXC("[R D R'; U2]") -> R D R' U2 R D' R' U2
A38: B Z | B38: =tra(A38) -> UFL LDF | C38: =EXC("U [R' D R;U2] U'") -> U R' D R U2 R' D' R U
A40: C A | B40: =tra(A40) -> UFR ULB | C40: =EXC("x R2[R U R' ;D2]R2 x'") -> x R' U R' D2 R U' R' D2 R2 x'
A41: C B | B41: =tra(A41) -> UFR UFL | C41: =EXC("x' R2[ D2;R' U' R ]R2x") -> x' R2 D2 R' U' R D2 R' U R' x
A42: C D | B42: =tra(A42) -> UFR LBU | C42: =EXC("R2[D; R' U R]R2") -> R2 D R' U R D' R' U' R'
A43: C E | B43: =tra(A43) -> UFR DFR | C43: =EXC("D' x' [R U R';D2] x D") -> D' x' R U R' D2 R U' R' D2 x D
A44: C F | B44: =tra(A44) -> UFR DLF | C44: =EXC("x'[R U R';D2]x") -> x' R U R' D2 R U' R' D2 x
A45: C G | B45: =tra(A45) -> UFR DBL | C45: =EXC("x[D2; R' U' R]x'") -> x D2 R' U' R D2 R' U R x'
A46: C H | B46: =tra(A46) -> UFR DRB | C46: =EXC("[R2 D R2 D' R2; U']") -> R2 D R2 D' R2 U' R2 D R2 D' R2 U
A47: C J | B47: =tra(A47) -> UFR FUL | C47: =EXC("R2[D; R' U2 R]R2") -> R2 D R' U2 R D' R' U2 R'
A48: C K | B48: =tra(A48) -> UFR FLD | C48: =EXC("[R D2 R';U']") -> R D2 R' U' R D2 R' U
A49: C L | B49: =tra(A49) -> UFR FRD | C49: =EXC("D[R D R';U']D'") -> D R D R' U' R D' R' U D' | D49: =exc("D'[U; R D' R']D") -> D' U R D' R' U' R D R' D
A50: C M | B50: =tra(A50) -> UFR BUL | C50: =EXC("R2[R U2 R';D']R2") -> R' U2 R' D' R U2 R' D R2
A51: C O | B51: =tra(A51) -> UFR BRD | C51: =EXC("D'[U;R' D' R]D") -> D' U R' D' R U' R' D R D
A52: C P | B52: =tra(A52) -> UFR BDL | C52: =EXC("[U;R' D2 R]") -> U R' D2 R U' R' D2 R
A53: C R | B53: =tra(A53) -> UFR LBD | C53: =EXC("[R D' R;U']") -> R D' R U' R' D R' U
A54: C T | B54: =tra(A54) -> UFR RFD | C54: =exc("[U;R' D' R]") -> U R' D' R U' R' D R
A55: C U | B55: =tra(A55) -> UFR RBD | C55: =EXC("[R D R';U']") -> R D R' U' R D' R' U
A56: C W | B56: =tra(A56) -> UFR LFU | C56: =EXC("R2[R U' R';D']R2") -> R' U' R' D' R U R' D R2
A57: C Z | B57: =tra(A57) -> UFR LDF | C57: =exc("[U; R' D R]") -> U R' D R U' R' D' R
A59: D B | B59: =tra(A59) -> LBU UFL | C59: =exc("U' x R2 [D2; R U2 R'] R2 x' U") -> U' x R2 D2 R U2 R' D2 R U2 R x' U | D59: also possible F' setup
A60: D C | B60: =tra(A60) -> LBU UFR | C60: =exc(inv(C42)) -> R U R D R' U' R D' R2
A61: D E | B61: =tra(A61) -> LBU DFR | C61: =exc("[R2; U' L' U]") -> R2 U' L' U R2 U' L U
A62: D F | B62: =tra(A62) -> LBU DLF | C62: =EXC("F[U R U'; L']F'") -> F U R U' L' U R' U' L F'
A63: D G | B63: =tra(A63) -> LBU DBL | C63: =EXC("L2[L D L'; U2]L2") -> L' D L' U2 L D' L' U2 L2
A64: D H | B64: =tra(A64) -> LBU DRB | C64: =EXC("D' [R2; U' L' U] D") -> D' R2 U' L' U R2 U' L U D
A65: D I | B65: =tra(A65) -> LBU FRU | C65: =EXC("[R; U' L' U]") -> R U' L' U R' U' L U
A66: D J | B66: =tra(A66) -> LBU FUL | C66: l' U R D' R' U' R D x'
A67: D K | B67: =tra(A67) -> LBU FLD | C67: l' U2 R D' R' U2 R D x'
A68: D L | B68: =tra(A68) -> LBU FRD | C68: =EXC("F'[R; U' L' U] F") -> F' R U' L' U R' U' L U F
A69: D O | B69: =tra(A69) -> LBU BRD | C69: =EXC("[R'; U' L' U]") -> R' U' L' U R U' L U
A70: D P | B70: =tra(A70) -> LBU BDL | C70: =EXC("D[U R U';L2] D'") -> D U R U' L2 U R' U' L2 D'
A71: D R | B71: =tra(A71) -> LBU LBD | C71: =exc("[U R U'; L]") -> U R U' L U R' U' L'
A72: D S | B72: =tra(A72) -> LBU RUF | C72: =EXC("x U2[L2; U' R2 U]U2 x'") -> x U2 L2 U' R2 U L2 U' R2 U' x'
A73: D T | B73: =tra(A73) -> LBU RFD | C73: =EXC("x[D; L U2 L']x'") -> x D L U2 L' D' L U2 L' x'
A74: D U | B74: =tra(A74) -> LBU RBD | C74: =EXC("R2[U2;R' D' R]R2") -> R2 U2 R' D' R U2 R' D R'
A75: D W | B75: =tra(A75) -> LBU LFU | C75: =EXC("[U R U';L']") -> U R U' L' U R' U' L
A76: D Z | B76: =tra(A76) -> LBU LDF | C76: =EXC("[U R U';L2]") -> U R U' L2 U R' U' L2
A78: E A | B78: =tra(A78) -> DFR ULB | C78: =EXC(INV(C4)) -> R' D R U R D' R' U' R D R2 D' R
A79: E C | B79: =tra(A79) -> DFR UFR | C79: =EXC(INV(C43)) -> D' x' D2 R U R' D2 R U' R' x D
A80: E D | B80: =tra(A80) -> DFR LBU | C80: =(INV(C61)) -> U' L' U R2 U' L U R2
A81: E F | B81: =tra(A81) -> DFR DLF | C81: =EXC("[U' L2 U;R2]") -> U' L2 U R2 U' L2 U R2
A82: E G | B82: =tra(A82) -> DFR DBL | C82: =EXC("R' U R [R U' R';D2] R' U' R") -> R' U R2 U' R' D2 R U R' D2 R' U' R
A83: E H | B83: =tra(A83) -> DFR DRB | C83: =EXC("[D;R2 U' R2 U R2]") -> D R2 U' R2 U R2 D' R2 U' R2 U R2
A84: E I | B84: =tra(A84) -> DFR FRU | C84: =EXC("D'[R; U' L2 U]D") -> D' R U' L2 U R' U' L2 U D
A85: E J | B85: =tra(A85) -> DFR FUL | C85: =EXC("z' [U2; R' D R] z") -> z' U2 R' D R U2 R' D' R z
A86: E K | B86: =tra(A86) -> DFR FLD | C86: =EXC("U' R' [R' U R;D2] R U") -> U' R2 U R D2 R' U' R D2 R U
A87: E M | B87: =tra(A87) -> DFR BUL | C87: =EXC("D' R'[U2 ;R' D R]RD") -> D' R' U2 R' D R U2 R' D' R2 D
A88: E O | B88: =tra(A88) -> DFR BRD | C88: =EXC("z' x R2[D2; R U R'] R2x' z") -> z' x R2 D2 R U R' D2 R U' R x' z
A89: E P | B89: =tra(A89) -> DFR BDL | C89: =EXC("[U' L U;R2]") -> U' L U R2 U' L' U R2
A90: E R | B90: =tra(A90) -> DFR LBD | C90: =EXC("U' R'[R' U R;D]R U") -> U' R2 U R D R' U' R D' R U
A91: E S | B91: =tra(A91) -> DFR RUF | C91: B2 D2 R U R' D2 R U' R' B2
A92: E U | B92: =tra(A92) -> DFR RBD | C92: F2 R D R' U2 R D' R' U2 F2
A93: E W | B93: =tra(A93) -> DFR LFU | C93: D' R' U' R' D R U R' D' R2 D
A94: E Z | B94: =tra(A94) -> DFR LDF | C94: z' U2 R' D' R U2 R' D R z
A95: E B | B95: =tra(A95) -> DFR UFL | C95: R' D R U2 R D' R' U2 R D' R2 D' R
A97: F A | B97: =tra(A97) -> DLF ULB | C97: =EXC(INV(C5)) -> L2 R U R' U' L2 U R U' R'
A98: F C | B98: =tra(A98) -> DLF UFR | C98: =EXC(INV(C44)) -> x' D2 R U R' D2 R U' R' x
A99: F D | B99: =tra(A99) -> DLF LBU | C99: =EXC(INV(C62)) -> F L' U R U' L U R' U' F'
A100: F E | B100: =tra(A100) -> DLF DFR | C100: =(INV(C81)) -> R2 U' L2 U R2 U' L2 U
A101: F G | B101: =tra(A101) -> DLF DBL | C101: =exc("x[L' U' L;D2]x'") -> x L' U' L D2 L' U L D2 x'
A102: F H | B102: =tra(A102) -> DLF DRB | C102: =EXC("[D2;R2 U' R2 U R2]") -> D2 R2 U' R2 U R2 D2 R2 U' R2 U R2
A103: F I | B103: =tra(A103) -> DLF FRU | C103: =EXC("[R;U'L2U]") -> R U' L2 U R' U' L2 U
A104: F J | B104: =tra(A104) -> DLF FUL | C104: =EXC("x[L';U R' U']x'") -> x L' U R' U' L U R U' x'
A105: F L | B105: =tra(A105) -> DLF FRD | C105: =EXC("L[L U' L';D2]L'") -> L2 U' L' D2 L U L' D2 L'
...
