Workbook

Sheet Info
B2: Information
B4: Hello all and welcome to my blindfolded information sheet.
B6: Here you will find all of the algorithms I use, including the following sets:
B7: - Corners
B8: - Edges
B9: - Wings
B10: - X-Centres
B11: - +-Centres
B13: Some alg sets that are missing that I plan to include at a later date are as follows:
B14: - Parity - All puzzles
B15: - Obliques (For 6BLD+)
B16: - Corners - BigBLD friendly
... B33: 2011MOLL01

Sheet Letters
B2: 3BLD
B4: Corners | C4: UBL | D4: Buffer | K4: =D5 -> B
B5: UBL Buffer | C5: UBR | D5: B
C6: UFR | D6: C | I6: =D7 -> D | K6: =D6 -> C
C7: UFL | D7: D | H7: =D9 -> F | I7: =D12 -> I | K7: =D13 -> R | L7: =D16 -> M | N7: =D17 -> N | O7: =D20 -> A
C8: LBU | D8: Buffer
C9: LFU | D9: F | F9: =D11 -> H | H9: =D10 -> G | I9: =D15 -> L | K9: =D14 -> K | L9: =D19 -> P | N9: =D18 -> O | O9: =D23 -> T | Q9: =D22 -> S
C10: LFD | D10: G | I10: =D24 -> U | K10: =D25 -> V
C11: LBD | D11: H
C12: FLU | D12: I | I12: =D27 -> E | K12: =D26 -> W
C13: FRU | D13: R
C14: FRD | D14: K
C15: FLD | D15: L
C16: RFU | D16: M
C17: RBU | D17: N
C18: RBD | D18: O
C19: RFD | D19: P
C20: BRU | D20: A
C21: BLU | D21: Buffer
C22: BLD | D22: S
C23: BRD | D23: T
C24: DFL | D24: U
... C27: DBL | D27: E
B29: Edges | C29: UF | D29: A | J29: =D31 -> C
B30: DF Buffer | C30: UL | D30: B | I30: =D30 -> B | K30: =D32 -> D
C31: UB | D31: C | J31: =D29 -> A
C32: UR | D32: D | G32: =D35 -> G | J32: =D39 -> K | M32: =D43 -> O | P32: =D47 -> S
C33: LD | D33: E | F33: =D34 -> F | H33: =D36 -> H | I33: =D38 -> J | K33: =D40 -> L | L33: =D42 -> N | N33: =D44 -> P | O33: =D46 -> R | Q33: =D48 -> T
C34: LB | D34: F | G34: =D33 -> E | M34: =D41 -> M | P34: =D45 -> W
C35: LU | D35: G
C36: LF | D36: H | I36: =D50 -> V | K36: =D52 -> I
C37: FD | D37: Buffer | J37: =D49 -> U
C38: FL | D38: J
C39: FU | D39: K
C40: FR | D40: L
C41: RD | D41: M
C42: RF | D42: N
C43: RU | D43: O
C44: RB | D44: P
C45: BD | D45: W
C46: BR | D46: R
C47: BU | D47: S
C48: BL | D48: T
C49: DB | D49: U
... C52: DR | D52: I
B54: 4BLD
B56: Wings | C56: UFl | D56: A | L56: =D58 -> C
B57: DFr Buffer | C57: ULb | D57: B | J57: =D57 -> B
C58: UBr | D58: C | M58: =D59 -> D
C59: URf | D59: D | K59: =D56 -> A
C60: LDb | D60: E | H60: =D62 -> G | L60: =D66 -> K | P60: =D70 -> O | T60: =D74 -> S
C61: LBu | D61: F | F61: =D61 -> F | J61: =D65 -> J | N61: =D69 -> N | R61: =D73 -> R
C62: LUf | D62: G | I62: =D63 -> H | M62: =D67 -> L | Q62: =D71 -> P | U62: =D76 -> U
C63: LFd | D63: H | G63: =D60 -> E | K63: =D64 -> X | O63: =D68 -> M | S63: =D72 -> W
C64: FDl | D64: X
C65: FLu | D65: J | J65: =D77 -> V
C66: FUr | D66: K | M66: =D79 -> I
C67: FRd | D67: L | K67: =D76 -> U
C68: RDf | D68: M
C69: RFu | D69: N
C70: RUb | D70: O
C71: RBd | D71: P
C72: BDr | D72: W
C73: BRu | D73: R
C74: BUl | D74: S
C75: BLd | D75: T
C76: DBl | D76: U
C77: DLf | D77: V
C78: DFr | D78: Buffer
C79: DRb | D79: I
B81: XCentres | C81: Ubl | D81: Buffer
B82: Ubl Buffer | C82: Ubr | D82: B | L82: =D82 -> B
C83: Ufr | D83: C | K83: =D84 -> D | L83: =D83 -> C
C84: Ufl | D84: D
C85: Lbu | D85: E
C86: Lfu | D86: F | G86: =D85 -> E | H86: =D86 -> F | K86: =D89 -> I | L86: =D90 -> J | O86: =D93 -> M | P86: =D94 -> N | S86: =D97 -> A | T86: =D98 -> R
C87: Lfd | D87: G | G87: =D88 -> H | H87: =D87 -> G | K87: =D92 -> L | L87: =D91 -> K | O87: =D96 -> P | P87: =D95 -> O | S87: =D100 -> T | T87: =D99 -> S
C88: Lbd | D88: H
C89: Flu | D89: I
C90: Fru | D90: J | K90: =D101 -> U | L90: =D102 -> V
C91: Frd | D91: K | K91: =D104 -> X | L91: =D103 -> W
C92: Fld | D92: L
C93: Rfu | D93: M
C94: Rbu | D94: N
C95: Rbd | D95: O
C96: Rfd | D96: P
C97: Bru | D97: A
C98: Blu | D98: R
C99: Bld | D99: S
C100: Brd | D100: T
C101: Dfl | D101: U
C102: Dfr | D102: V
C103: Dbr | D103: W
C104: Dbl | D104: X
B106: 5BLD
B108: +Centres | C108: Ub | D108: Buffer
B109: Ub Buffer | C109: Ur | D109: B
C110: Uf | D110: C | L110: =D111 -> D | N110: =D109 -> B
C111: Ul | D111: D | M111: =D110 -> C
C112: Lu | D112: E
...

Sheet C
B2: 3-Cycles
D3: =SUM(A6:A403)&"/"&COUNTA(D6:D403) -> 196/378
B4: Target 1 | C4: Target 2 | D4: Letter Pair | E4: Commutator | F4: Algorithm | G4: HTM | H4: QTM
A6: 1 | B6: UBR | C6: UFR | D6: =VLOOKUP($B6,Letters!$C$4:$D$27,2,FALSE) & VLOOKUP($C6,Letters!$C$4:$D$27,2,FALSE) -> BC | E6: [x R': [U, R' D2 R]] | F6: Lw' U R' D2 R U' R' D2 R2 x' | G6: =(len($F6)-len(SUBSTITUTE($F6,"R","")))+(len($F6)-len(SUBSTITUTE($F6,"L","")))+(len($F6)-len(SUBSTITUTE($F6,"U","")))+(len($F6)-len(SUBSTITUTE($F6,"D","")))+(len($F6)-len(SUBSTITUTE($F6,"F","")))+(len($F6)-len(SUBSTITUTE($F6,"B",""))) -> 9 | H6: =(len($F6)-len(SUBSTITUTE($F6,"R","")))+(len($F6)-len(SUBSTITUTE($F6,"L","")))+(len($F6)-len(SUBSTITUTE($F6,"U","")))+(len($F6)-len(SUBSTITUTE($F6,"D","")))+(len($F6)-len(SUBSTITUTE($F6,"F","")))+(len($F6)-len(SUBSTITUTE($F6,"B","")))+(len($F6)-len(SUBSTITUTE($F6,"2",""))) -> 12
A7: 1 | B7: UBR | C7: UFL | D7: =VLOOKUP($B7,Letters!$C$4:$D$27,2,FALSE) & VLOOKUP($C7,Letters!$C$4:$D$27,2,FALSE) -> BD | E7: [U Lw': [U, R' D2 R]] | F7: U Lw' U R' D2 R U' R' D2 R2 x' U' | G7: =(len($F7)-len(SUBSTITUTE($F7,"R","")))+(len($F7)-len(SUBSTITUTE($F7,"L","")))+(len($F7)-len(SUBSTITUTE($F7,"U","")))+(len($F7)-len(SUBSTITUTE($F7,"D","")))+(len($F7)-len(SUBSTITUTE($F7,"F","")))+(len($F7)-len(SUBSTITUTE($F7,"B",""))) -> 11 | H7: =(len($F7)-len(SUBSTITUTE($F7,"R","")))+(len($F7)-len(SUBSTITUTE($F7,"L","")))+(len($F7)-len(SUBSTITUTE($F7,"U","")))+(len($F7)-len(SUBSTITUTE($F7,"D","")))+(len($F7)-len(SUBSTITUTE($F7,"F","")))+(len($F7)-len(SUBSTITUTE($F7,"B","")))+(len($F7)-len(SUBSTITUTE($F7,"2",""))) -> 14
A8: 1 | B8: UBR | C8: LFU | D8: =VLOOKUP($B8,Letters!$C$4:$D$27,2,FALSE) & VLOOKUP($C8,Letters!$C$4:$D$27,2,FALSE) -> BF | E8: [U R': [U2, R' D' R]] | F8: U R' U2 R' D' R U2 R' D R2 U' | G8: =(len($F8)-len(SUBSTITUTE($F8,"R","")))+(len($F8)-len(SUBSTITUTE($F8,"L","")))+(len($F8)-len(SUBSTITUTE($F8,"U","")))+(len($F8)-len(SUBSTITUTE($F8,"D","")))+(len($F8)-len(SUBSTITUTE($F8,"F","")))+(len($F8)-len(SUBSTITUTE($F8,"B",""))) -> 11 | H8: =(len($F8)-len(SUBSTITUTE($F8,"R","")))+(len($F8)-len(SUBSTITUTE($F8,"L","")))+(len($F8)-len(SUBSTITUTE($F8,"U","")))+(len($F8)-len(SUBSTITUTE($F8,"D","")))+(len($F8)-len(SUBSTITUTE($F8,"F","")))+(len($F8)-len(SUBSTITUTE($F8,"B","")))+(len($F8)-len(SUBSTITUTE($F8,"2",""))) -> 14
A9: 1 | B9: UBR | C9: LFD | D9: =VLOOKUP($B9,Letters!$C$4:$D$27,2,FALSE) & VLOOKUP($C9,Letters!$C$4:$D$27,2,FALSE) -> BG | E9: [U: [U , R' D R]] | F9: U2 R' D R U' R' D' R U' | G9: =(len($F9)-len(SUBSTITUTE($F9,"R","")))+(len($F9)-len(SUBSTITUTE($F9,"L","")))+(len($F9)-len(SUBSTITUTE($F9,"U","")))+(len($F9)-len(SUBSTITUTE($F9,"D","")))+(len($F9)-len(SUBSTITUTE($F9,"F","")))+(len($F9)-len(SUBSTITUTE($F9,"B",""))) -> 9 | H9: =(len($F9)-len(SUBSTITUTE($F9,"R","")))+(len($F9)-len(SUBSTITUTE($F9,"L","")))+(len($F9)-len(SUBSTITUTE($F9,"U","")))+(len($F9)-len(SUBSTITUTE($F9,"D","")))+(len($F9)-len(SUBSTITUTE($F9,"F","")))+(len($F9)-len(SUBSTITUTE($F9,"B","")))+(len($F9)-len(SUBSTITUTE($F9,"2",""))) -> 10
A10: 1 | B10: UBR | C10: LBD | D10: =VLOOKUP($B10,Letters!$C$4:$D$27,2,FALSE) & VLOOKUP($C10,Letters!$C$4:$D$27,2,FALSE) -> BH | E10: [U, R D' R'] | F10: U R D' R' U' R D R' | G10: =(len($F10)-len(SUBSTITUTE($F10,"R","")))+(len($F10)-len(SUBSTITUTE($F10,"L","")))+(len($F10)-len(SUBSTITUTE($F10,"U","")))+(len($F10)-len(SUBSTITUTE($F10,"D","")))+(len($F10)-len(SUBSTITUTE($F10,"F","")))+(len($F10)-len(SUBSTITUTE($F10,"B",""))) -> 8 | H10: =(len($F10)-len(SUBSTITUTE($F10,"R","")))+(len($F10)-len(SUBSTITUTE($F10,"L","")))+(len($F10)-len(SUBSTITUTE($F10,"U","")))+(len($F10)-len(SUBSTITUTE($F10,"D","")))+(len($F10)-len(SUBSTITUTE($F10,"F","")))+(len($F10)-len(SUBSTITUTE($F10,"B","")))+(len($F10)-len(SUBSTITUTE($F10,"2",""))) -> 8
A11: 1 | B11: UBR | C11: FLU | D11: =VLOOKUP($B11,Letters!$C$4:$D$27,2,FALSE) & VLOOKUP($C11,Letters!$C$4:$D$27,2,FALSE) -> BI | E11: [F R' F' , L] | F11: F R' F' Rw U R U' Rw' | G11: =(len($F11)-len(SUBSTITUTE($F11,"R","")))+(len($F11)-len(SUBSTITUTE($F11,"L","")))+(len($F11)-len(SUBSTITUTE($F11,"U","")))+(len($F11)-len(SUBSTITUTE($F11,"D","")))+(len($F11)-len(SUBSTITUTE($F11,"F","")))+(len($F11)-len(SUBSTITUTE($F11,"B",""))) -> 8 | H11: =(len($F11)-len(SUBSTITUTE($F11,"R","")))+(len($F11)-len(SUBSTITUTE($F11,"L","")))+(len($F11)-len(SUBSTITUTE($F11,"U","")))+(len($F11)-len(SUBSTITUTE($F11,"D","")))+(len($F11)-len(SUBSTITUTE($F11,"F","")))+(len($F11)-len(SUBSTITUTE($F11,"B","")))+(len($F11)-len(SUBSTITUTE($F11,"2",""))) -> 8
A12: 1 | B12: UBR | C12: FRU | D12: =VLOOKUP($B12,Letters!$C$4:$D$27,2,FALSE) & VLOOKUP($C12,Letters!$C$4:$D$27,2,FALSE) -> BR | E12: [U R': [U', R' D' R]] | F12: U R' U' R' D' R U R' D R2 U' | G12: =(len($F12)-len(SUBSTITUTE($F12,"R","")))+(len($F12)-len(SUBSTITUTE($F12,"L","")))+(len($F12)-len(SUBSTITUTE($F12,"U","")))+(len($F12)-len(SUBSTITUTE($F12,"D","")))+(len($F12)-len(SUBSTITUTE($F12,"F","")))+(len($F12)-len(SUBSTITUTE($F12,"B",""))) -> 11 | H12: =(len($F12)-len(SUBSTITUTE($F12,"R","")))+(len($F12)-len(SUBSTITUTE($F12,"L","")))+(len($F12)-len(SUBSTITUTE($F12,"U","")))+(len($F12)-len(SUBSTITUTE($F12,"D","")))+(len($F12)-len(SUBSTITUTE($F12,"F","")))+(len($F12)-len(SUBSTITUTE($F12,"B","")))+(len($F12)-len(SUBSTITUTE($F12,"2",""))) -> 12
A13: 1 | B13: UBR | C13: FRD | D13: =VLOOKUP($B13,Letters!$C$4:$D$27,2,FALSE) & VLOOKUP($C13,Letters!$C$4:$D$27,2,FALSE) -> BK | E13: [U D': [U, R' D R]] | F13: U2 D' R' D R U' R' D' R D U' | G13: =(len($F13)-len(SUBSTITUTE($F13,"R","")))+(len($F13)-len(SUBSTITUTE($F13,"L","")))+(len($F13)-len(SUBSTITUTE($F13,"U","")))+(len($F13)-len(SUBSTITUTE($F13,"D","")))+(len($F13)-len(SUBSTITUTE($F13,"F","")))+(len($F13)-len(SUBSTITUTE($F13,"B",""))) -> 11 | H13: =(len($F13)-len(SUBSTITUTE($F13,"R","")))+(len($F13)-len(SUBSTITUTE($F13,"L","")))+(len($F13)-len(SUBSTITUTE($F13,"U","")))+(len($F13)-len(SUBSTITUTE($F13,"D","")))+(len($F13)-len(SUBSTITUTE($F13,"F","")))+(len($F13)-len(SUBSTITUTE($F13,"B","")))+(len($F13)-len(SUBSTITUTE($F13,"2",""))) -> 12
A14: 1 | B14: UBR | C14: FLD | D14: =VLOOKUP($B14,Letters!$C$4:$D$27,2,FALSE) & VLOOKUP($C14,Letters!$C$4:$D$27,2,FALSE) -> BL | E14: [U, R D2 R'] | F14: U R D2 R' U' R D2 R' | G14: =(len($F14)-len(SUBSTITUTE($F14,"R","")))+(len($F14)-len(SUBSTITUTE($F14,"L","")))+(len($F14)-len(SUBSTITUTE($F14,"U","")))+(len($F14)-len(SUBSTITUTE($F14,"D","")))+(len($F14)-len(SUBSTITUTE($F14,"F","")))+(len($F14)-len(SUBSTITUTE($F14,"B",""))) -> 8 | H14: =(len($F14)-len(SUBSTITUTE($F14,"R","")))+(len($F14)-len(SUBSTITUTE($F14,"L","")))+(len($F14)-len(SUBSTITUTE($F14,"U","")))+(len($F14)-len(SUBSTITUTE($F14,"D","")))+(len($F14)-len(SUBSTITUTE($F14,"F","")))+(len($F14)-len(SUBSTITUTE($F14,"B","")))+(len($F14)-len(SUBSTITUTE($F14,"2",""))) -> 10
A15: 1 | B15: UBR | C15: RFU | D15: =VLOOKUP($B15,Letters!$C$4:$D$27,2,FALSE) & VLOOKUP($C15,Letters!$C$4:$D$27,2,FALSE) -> BM | E15: [U R: [R D R', U2]] | F15: U R2 D R' U2 R D' R' U2 R' U' | G15: =(len($F15)-len(SUBSTITUTE($F15,"R","")))+(len($F15)-len(SUBSTITUTE($F15,"L","")))+(len($F15)-len(SUBSTITUTE($F15,"U","")))+(len($F15)-len(SUBSTITUTE($F15,"D","")))+(len($F15)-len(SUBSTITUTE($F15,"F","")))+(len($F15)-len(SUBSTITUTE($F15,"B",""))) -> 11 | H15: =(len($F15)-len(SUBSTITUTE($F15,"R","")))+(len($F15)-len(SUBSTITUTE($F15,"L","")))+(len($F15)-len(SUBSTITUTE($F15,"U","")))+(len($F15)-len(SUBSTITUTE($F15,"D","")))+(len($F15)-len(SUBSTITUTE($F15,"F","")))+(len($F15)-len(SUBSTITUTE($F15,"B","")))+(len($F15)-len(SUBSTITUTE($F15,"2",""))) -> 14
A16: 1 | B16: UBR | C16: RBD | D16: =VLOOKUP($B16,Letters!$C$4:$D$27,2,FALSE) & VLOOKUP($C16,Letters!$C$4:$D$27,2,FALSE) -> BO | E16: [U, R D R'] | F16: U R D R' U' R D' R' | G16: =(len($F16)-len(SUBSTITUTE($F16,"R","")))+(len($F16)-len(SUBSTITUTE($F16,"L","")))+(len($F16)-len(SUBSTITUTE($F16,"U","")))+(len($F16)-len(SUBSTITUTE($F16,"D","")))+(len($F16)-len(SUBSTITUTE($F16,"F","")))+(len($F16)-len(SUBSTITUTE($F16,"B",""))) -> 8 | H16: =(len($F16)-len(SUBSTITUTE($F16,"R","")))+(len($F16)-len(SUBSTITUTE($F16,"L","")))+(len($F16)-len(SUBSTITUTE($F16,"U","")))+(len($F16)-len(SUBSTITUTE($F16,"D","")))+(len($F16)-len(SUBSTITUTE($F16,"F","")))+(len($F16)-len(SUBSTITUTE($F16,"B","")))+(len($F16)-len(SUBSTITUTE($F16,"2",""))) -> 8
A17: 1 | B17: UBR | C17: RFD | D17: =VLOOKUP($B17,Letters!$C$4:$D$27,2,FALSE) & VLOOKUP($C17,Letters!$C$4:$D$27,2,FALSE) -> BP | E17: [U: [U, R' D' R]] | F17: U2 R' D' R U' R' D R U' | G17: =(len($F17)-len(SUBSTITUTE($F17,"R","")))+(len($F17)-len(SUBSTITUTE($F17,"L","")))+(len($F17)-len(SUBSTITUTE($F17,"U","")))+(len($F17)-len(SUBSTITUTE($F17,"D","")))+(len($F17)-len(SUBSTITUTE($F17,"F","")))+(len($F17)-len(SUBSTITUTE($F17,"B",""))) -> 9 | H17: =(len($F17)-len(SUBSTITUTE($F17,"R","")))+(len($F17)-len(SUBSTITUTE($F17,"L","")))+(len($F17)-len(SUBSTITUTE($F17,"U","")))+(len($F17)-len(SUBSTITUTE($F17,"D","")))+(len($F17)-len(SUBSTITUTE($F17,"F","")))+(len($F17)-len(SUBSTITUTE($F17,"B","")))+(len($F17)-len(SUBSTITUTE($F17,"2",""))) -> 10
... A22: 1 | B22: UBR | C22: DBR | D22: =VLOOKUP($B22,Letters!$C$4:$D$27,2,FALSE) & VLOOKUP($C22,Letters!$C$4:$D$27,2,FALSE) -> BW | E22: [U, R2 D R2 D' R2] | F22: U R2 D R2 D' R2 U' R2 D R2 D' R2 | G22: =(len($F22)-len(SUBSTITUTE($F22,"R","")))+(len($F22)-len(SUBSTITUTE($F22,"L","")))+(len($F22)-len(SUBSTITUTE($F22,"U","")))+(len($F22)-len(SUBSTITUTE($F22,"D","")))+(len($F22)-len(SUBSTITUTE($F22,"F","")))+(len($F22)-len(SUBSTITUTE($F22,"B",""))) -> 12 | H22: =(len($F22)-len(SUBSTITUTE($F22,"R","")))+(len($F22)-len(SUBSTITUTE($F22,"L","")))+(len($F22)-len(SUBSTITUTE($F22,"U","")))+(len($F22)-len(SUBSTITUTE($F22,"D","")))+(len($F22)-len(SUBSTITUTE($F22,"F","")))+(len($F22)-len(SUBSTITUTE($F22,"B","")))+(len($F22)-len(SUBSTITUTE($F22,"2",""))) -> 18
A23: 1 | B23: UBR | C23: DBL | D23: =VLOOKUP($B23,Letters!$C$4:$D$27,2,FALSE) & VLOOKUP($C23,Letters!$C$4:$D$27,2,FALSE) -> BE | E23: [U: [B2, U' R U R']] | F23: U B2 U' R U R' B2 R U' R' | G23: =(len($F23)-len(SUBSTITUTE($F23,"R","")))+(len($F23)-len(SUBSTITUTE($F23,"L","")))+(len($F23)-len(SUBSTITUTE($F23,"U","")))+(len($F23)-len(SUBSTITUTE($F23,"D","")))+(len($F23)-len(SUBSTITUTE($F23,"F","")))+(len($F23)-len(SUBSTITUTE($F23,"B",""))) -> 10 | H23: =(len($F23)-len(SUBSTITUTE($F23,"R","")))+(len($F23)-len(SUBSTITUTE($F23,"L","")))+(len($F23)-len(SUBSTITUTE($F23,"U","")))+(len($F23)-len(SUBSTITUTE($F23,"D","")))+(len($F23)-len(SUBSTITUTE($F23,"F","")))+(len($F23)-len(SUBSTITUTE($F23,"B","")))+(len($F23)-len(SUBSTITUTE($F23,"2",""))) -> 12 | I23: =AVERAGE($H6:$H23) -> 11.444444
A25: 1 | B25: UFR | C25: UBR | D25: =VLOOKUP($B25,Letters!$C$4:$D$27,2,FALSE) & VLOOKUP($C25,Letters!$C$4:$D$27,2,FALSE) -> CB | E25: [Lw': [R' D2 R, U]] | F25: x R2 D2 R U R' D2 R U' Lw | G25: =(len($F25)-len(SUBSTITUTE($F25,"R","")))+(len($F25)-len(SUBSTITUTE($F25,"L","")))+(len($F25)-len(SUBSTITUTE($F25,"U","")))+(len($F25)-len(SUBSTITUTE($F25,"D","")))+(len($F25)-len(SUBSTITUTE($F25,"F","")))+(len($F25)-len(SUBSTITUTE($F25,"B",""))) -> 9 | H25: =(len($F25)-len(SUBSTITUTE($F25,"R","")))+(len($F25)-len(SUBSTITUTE($F25,"L","")))+(len($F25)-len(SUBSTITUTE($F25,"U","")))+(len($F25)-len(SUBSTITUTE($F25,"D","")))+(len($F25)-len(SUBSTITUTE($F25,"F","")))+(len($F25)-len(SUBSTITUTE($F25,"B","")))+(len($F25)-len(SUBSTITUTE($F25,"2",""))) -> 12
A26: 1 | B26: UFR | C26: UFL | D26: =VLOOKUP($B26,Letters!$C$4:$D$27,2,FALSE) & VLOOKUP($C26,Letters!$C$4:$D$27,2,FALSE) -> CD | E26: [R' D' U': [R' D R, U']] | F26: R' D' U' R' D R U' R' D' R U2 D R | G26: =(len($F26)-len(SUBSTITUTE($F26,"R","")))+(len($F26)-len(SUBSTITUTE($F26,"L","")))+(len($F26)-len(SUBSTITUTE($F26,"U","")))+(len($F26)-len(SUBSTITUTE($F26,"D","")))+(len($F26)-len(SUBSTITUTE($F26,"F","")))+(len($F26)-len(SUBSTITUTE($F26,"B",""))) -> 13 | H26: =(len($F26)-len(SUBSTITUTE($F26,"R","")))+(len($F26)-len(SUBSTITUTE($F26,"L","")))+(len($F26)-len(SUBSTITUTE($F26,"U","")))+(len($F26)-len(SUBSTITUTE($F26,"D","")))+(len($F26)-len(SUBSTITUTE($F26,"F","")))+(len($F26)-len(SUBSTITUTE($F26,"B","")))+(len($F26)-len(SUBSTITUTE($F26,"2",""))) -> 14
B27: UFR | C27: LFU | D27: =VLOOKUP($B27,Letters!$C$4:$D$27,2,FALSE) & VLOOKUP($C27,Letters!$C$4:$D$27,2,FALSE) -> CF | E27: [R' U' D' R U': [U2, R' D R]] | F27: R' U' D' R U R' D R U2 R' D' R U R' D U R | G27: =(len($F27)-len(SUBSTITUTE($F27,"R","")))+(len($F27)-len(SUBSTITUTE($F27,"L","")))+(len($F27)-len(SUBSTITUTE($F27,"U","")))+(len($F27)-len(SUBSTITUTE($F27,"D","")))+(len($F27)-len(SUBSTITUTE($F27,"F","")))+(len($F27)-len(SUBSTITUTE($F27,"B",""))) -> 17 | H27: =(len($F27)-len(SUBSTITUTE($F27,"R","")))+(len($F27)-len(SUBSTITUTE($F27,"L","")))+(len($F27)-len(SUBSTITUTE($F27,"U","")))+(len($F27)-len(SUBSTITUTE($F27,"D","")))+(len($F27)-len(SUBSTITUTE($F27,"F","")))+(len($F27)-len(SUBSTITUTE($F27,"B","")))+(len($F27)-len(SUBSTITUTE($F27,"2",""))) -> 18
A28: 1 | B28: UFR | C28: LFD | D28: =VLOOKUP($B28,Letters!$C$4:$D$27,2,FALSE) & VLOOKUP($C28,Letters!$C$4:$D$27,2,FALSE) -> CG | E28: [U2, R' D R] | F28: U2 R' D R U2 R' D' R | G28: =(len($F28)-len(SUBSTITUTE($F28,"R","")))+(len($F28)-len(SUBSTITUTE($F28,"L","")))+(len($F28)-len(SUBSTITUTE($F28,"U","")))+(len($F28)-len(SUBSTITUTE($F28,"D","")))+(len($F28)-len(SUBSTITUTE($F28,"F","")))+(len($F28)-len(SUBSTITUTE($F28,"B",""))) -> 8 | H28: =(len($F28)-len(SUBSTITUTE($F28,"R","")))+(len($F28)-len(SUBSTITUTE($F28,"L","")))+(len($F28)-len(SUBSTITUTE($F28,"U","")))+(len($F28)-len(SUBSTITUTE($F28,"D","")))+(len($F28)-len(SUBSTITUTE($F28,"F","")))+(len($F28)-len(SUBSTITUTE($F28,"B","")))+(len($F28)-len(SUBSTITUTE($F28,"2",""))) -> 10
A29: 1 | B29: UFR | C29: LBD | D29: =VLOOKUP($B29,Letters!$C$4:$D$27,2,FALSE) & VLOOKUP($C29,Letters!$C$4:$D$27,2,FALSE) -> CH | E29: [U': [U2, R D' R']] | F29: U R D' R' U2 R D R' U | G29: =(len($F29)-len(SUBSTITUTE($F29,"R","")))+(len($F29)-len(SUBSTITUTE($F29,"L","")))+(len($F29)-len(SUBSTITUTE($F29,"U","")))+(len($F29)-len(SUBSTITUTE($F29,"D","")))+(len($F29)-len(SUBSTITUTE($F29,"F","")))+(len($F29)-len(SUBSTITUTE($F29,"B",""))) -> 9 | H29: =(len($F29)-len(SUBSTITUTE($F29,"R","")))+(len($F29)-len(SUBSTITUTE($F29,"L","")))+(len($F29)-len(SUBSTITUTE($F29,"U","")))+(len($F29)-len(SUBSTITUTE($F29,"D","")))+(len($F29)-len(SUBSTITUTE($F29,"F","")))+(len($F29)-len(SUBSTITUTE($F29,"B","")))+(len($F29)-len(SUBSTITUTE($F29,"2",""))) -> 10
B30: UFR | C30: FLU | D30: =VLOOKUP($B30,Letters!$C$4:$D$27,2,FALSE) & VLOOKUP($C30,Letters!$C$4:$D$27,2,FALSE) -> CI | E30: [Lw' U' D': [R D R', U2]] | F30: Lw' U' D' R D R' U2 R D' R' U' D Lw | G30: =(len($F30)-len(SUBSTITUTE($F30,"R","")))+(len($F30)-len(SUBSTITUTE($F30,"L","")))+(len($F30)-len(SUBSTITUTE($F30,"U","")))+(len($F30)-len(SUBSTITUTE($F30,"D","")))+(len($F30)-len(SUBSTITUTE($F30,"F","")))+(len($F30)-len(SUBSTITUTE($F30,"B",""))) -> 13 | H30: =(len($F30)-len(SUBSTITUTE($F30,"R","")))+(len($F30)-len(SUBSTITUTE($F30,"L","")))+(len($F30)-len(SUBSTITUTE($F30,"U","")))+(len($F30)-len(SUBSTITUTE($F30,"D","")))+(len($F30)-len(SUBSTITUTE($F30,"F","")))+(len($F30)-len(SUBSTITUTE($F30,"B","")))+(len($F30)-len(SUBSTITUTE($F30,"2",""))) -> 14
A31: 1 | B31: UFR | C31: FRD | D31: =VLOOKUP($B31,Letters!$C$4:$D$27,2,FALSE) & VLOOKUP($C31,Letters!$C$4:$D$27,2,FALSE) -> CK | E31: [D': [U2, R' D R]] | F31: D' U2 R' D R U2 R' D' R D | G31: =(len($F31)-len(SUBSTITUTE($F31,"R","")))+(len($F31)-len(SUBSTITUTE($F31,"L","")))+(len($F31)-len(SUBSTITUTE($F31,"U","")))+(len($F31)-len(SUBSTITUTE($F31,"D","")))+(len($F31)-len(SUBSTITUTE($F31,"F","")))+(len($F31)-len(SUBSTITUTE($F31,"B",""))) -> 10 | H31: =(len($F31)-len(SUBSTITUTE($F31,"R","")))+(len($F31)-len(SUBSTITUTE($F31,"L","")))+(len($F31)-len(SUBSTITUTE($F31,"U","")))+(len($F31)-len(SUBSTITUTE($F31,"D","")))+(len($F31)-len(SUBSTITUTE($F31,"F","")))+(len($F31)-len(SUBSTITUTE($F31,"B","")))+(len($F31)-len(SUBSTITUTE($F31,"2",""))) -> 12
A32: 1 | B32: UFR | C32: FLD | D32: =VLOOKUP($B32,Letters!$C$4:$D$27,2,FALSE) & VLOOKUP($C32,Letters!$C$4:$D$27,2,FALSE) -> CL | E32: [D: [U2, R' D' R]] | F32: D U2 R' D' R U2 R' D R D' | G32: =(len($F32)-len(SUBSTITUTE($F32,"R","")))+(len($F32)-len(SUBSTITUTE($F32,"L","")))+(len($F32)-len(SUBSTITUTE($F32,"U","")))+(len($F32)-len(SUBSTITUTE($F32,"D","")))+(len($F32)-len(SUBSTITUTE($F32,"F","")))+(len($F32)-len(SUBSTITUTE($F32,"B",""))) -> 10 | H32: =(len($F32)-len(SUBSTITUTE($F32,"R","")))+(len($F32)-len(SUBSTITUTE($F32,"L","")))+(len($F32)-len(SUBSTITUTE($F32,"U","")))+(len($F32)-len(SUBSTITUTE($F32,"D","")))+(len($F32)-len(SUBSTITUTE($F32,"F","")))+(len($F32)-len(SUBSTITUTE($F32,"B","")))+(len($F32)-len(SUBSTITUTE($F32,"2",""))) -> 12
A33: 1 | B33: UFR | C33: RBU | D33: =VLOOKUP($B33,Letters!$C$4:$D$27,2,FALSE) & VLOOKUP($C33,Letters!$C$4:$D$27,2,FALSE) -> CN | E33: [R' U D R: [D', R U' R']] | F33: R' U D R D' R U' R' D R U R2 D' U' R | G33: =(len($F33)-len(SUBSTITUTE($F33,"R","")))+(len($F33)-len(SUBSTITUTE($F33,"L","")))+(len($F33)-len(SUBSTITUTE($F33,"U","")))+(len($F33)-len(SUBSTITUTE($F33,"D","")))+(len($F33)-len(SUBSTITUTE($F33,"F","")))+(len($F33)-len(SUBSTITUTE($F33,"B",""))) -> 15 | H33: =(len($F33)-len(SUBSTITUTE($F33,"R","")))+(len($F33)-len(SUBSTITUTE($F33,"L","")))+(len($F33)-len(SUBSTITUTE($F33,"U","")))+(len($F33)-len(SUBSTITUTE($F33,"D","")))+(len($F33)-len(SUBSTITUTE($F33,"F","")))+(len($F33)-len(SUBSTITUTE($F33,"B","")))+(len($F33)-len(SUBSTITUTE($F33,"2",""))) -> 16
A34: 1 | B34: UFR | C34: RBD | D34: =VLOOKUP($B34,Letters!$C$4:$D$27,2,FALSE) & VLOOKUP($C34,Letters!$C$4:$D$27,2,FALSE) -> CO | E34: [U': [U2, R D R']] | F34: U R D R' U2 R D' R' U | G34: =(len($F34)-len(SUBSTITUTE($F34,"R","")))+(len($F34)-len(SUBSTITUTE($F34,"L","")))+(len($F34)-len(SUBSTITUTE($F34,"U","")))+(len($F34)-len(SUBSTITUTE($F34,"D","")))+(len($F34)-len(SUBSTITUTE($F34,"F","")))+(len($F34)-len(SUBSTITUTE($F34,"B",""))) -> 9 | H34: =(len($F34)-len(SUBSTITUTE($F34,"R","")))+(len($F34)-len(SUBSTITUTE($F34,"L","")))+(len($F34)-len(SUBSTITUTE($F34,"U","")))+(len($F34)-len(SUBSTITUTE($F34,"D","")))+(len($F34)-len(SUBSTITUTE($F34,"F","")))+(len($F34)-len(SUBSTITUTE($F34,"B","")))+(len($F34)-len(SUBSTITUTE($F34,"2",""))) -> 10
A35: 1 | B35: UFR | C35: RFD | D35: =VLOOKUP($B35,Letters!$C$4:$D$27,2,FALSE) & VLOOKUP($C35,Letters!$C$4:$D$27,2,FALSE) -> CP | E35: [U2, R' D' R] | F35: U2 R' D' R U2 R' D R | G35: =(len($F35)-len(SUBSTITUTE($F35,"R","")))+(len($F35)-len(SUBSTITUTE($F35,"L","")))+(len($F35)-len(SUBSTITUTE($F35,"U","")))+(len($F35)-len(SUBSTITUTE($F35,"D","")))+(len($F35)-len(SUBSTITUTE($F35,"F","")))+(len($F35)-len(SUBSTITUTE($F35,"B",""))) -> 8 | H35: =(len($F35)-len(SUBSTITUTE($F35,"R","")))+(len($F35)-len(SUBSTITUTE($F35,"L","")))+(len($F35)-len(SUBSTITUTE($F35,"U","")))+(len($F35)-len(SUBSTITUTE($F35,"D","")))+(len($F35)-len(SUBSTITUTE($F35,"F","")))+(len($F35)-len(SUBSTITUTE($F35,"B","")))+(len($F35)-len(SUBSTITUTE($F35,"2",""))) -> 10
A36: 1 | B36: UFR | C36: BRU | D36: =VLOOKUP($B36,Letters!$C$4:$D$27,2,FALSE) & VLOOKUP($C36,Letters!$C$4:$D$27,2,FALSE) -> CA | E36: [R' D': [R' D R, U2]] | F36: R' D' R' D R U2 R' D' R U2 D R | G36: =(len($F36)-len(SUBSTITUTE($F36,"R","")))+(len($F36)-len(SUBSTITUTE($F36,"L","")))+(len($F36)-len(SUBSTITUTE($F36,"U","")))+(len($F36)-len(SUBSTITUTE($F36,"D","")))+(len($F36)-len(SUBSTITUTE($F36,"F","")))+(len($F36)-len(SUBSTITUTE($F36,"B",""))) -> 12 | H36: =(len($F36)-len(SUBSTITUTE($F36,"R","")))+(len($F36)-len(SUBSTITUTE($F36,"L","")))+(len($F36)-len(SUBSTITUTE($F36,"U","")))+(len($F36)-len(SUBSTITUTE($F36,"D","")))+(len($F36)-len(SUBSTITUTE($F36,"F","")))+(len($F36)-len(SUBSTITUTE($F36,"B","")))+(len($F36)-len(SUBSTITUTE($F36,"2",""))) -> 14
B37: UFR | C37: BLD | D37: =VLOOKUP($B37,Letters!$C$4:$D$27,2,FALSE) & VLOOKUP($C37,Letters!$C$4:$D$27,2,FALSE) -> CS | E37: [U D': [R D R', U2]] | F37: U D' R D R' U2 R D' R' D U | G37: =(len($F37)-len(SUBSTITUTE($F37,"R","")))+(len($F37)-len(SUBSTITUTE($F37,"L","")))+(len($F37)-len(SUBSTITUTE($F37,"U","")))+(len($F37)-len(SUBSTITUTE($F37,"D","")))+(len($F37)-len(SUBSTITUTE($F37,"F","")))+(len($F37)-len(SUBSTITUTE($F37,"B",""))) -> 11 | H37: =(len($F37)-len(SUBSTITUTE($F37,"R","")))+(len($F37)-len(SUBSTITUTE($F37,"L","")))+(len($F37)-len(SUBSTITUTE($F37,"U","")))+(len($F37)-len(SUBSTITUTE($F37,"D","")))+(len($F37)-len(SUBSTITUTE($F37,"F","")))+(len($F37)-len(SUBSTITUTE($F37,"B","")))+(len($F37)-len(SUBSTITUTE($F37,"2",""))) -> 12
B38: UFR | C38: BRD | D38: =VLOOKUP($B38,Letters!$C$4:$D$27,2,FALSE) & VLOOKUP($C38,Letters!$C$4:$D$27,2,FALSE) -> CT | E38: [D U: [R D' R', U2]] | F38: D U R D' R' U2 R D R' U D' | G38: =(len($F38)-len(SUBSTITUTE($F38,"R","")))+(len($F38)-len(SUBSTITUTE($F38,"L","")))+(len($F38)-len(SUBSTITUTE($F38,"U","")))+(len($F38)-len(SUBSTITUTE($F38,"D","")))+(len($F38)-len(SUBSTITUTE($F38,"F","")))+(len($F38)-len(SUBSTITUTE($F38,"B",""))) -> 11 | H38: =(len($F38)-len(SUBSTITUTE($F38,"R","")))+(len($F38)-len(SUBSTITUTE($F38,"L","")))+(len($F38)-len(SUBSTITUTE($F38,"U","")))+(len($F38)-len(SUBSTITUTE($F38,"D","")))+(len($F38)-len(SUBSTITUTE($F38,"F","")))+(len($F38)-len(SUBSTITUTE($F38,"B","")))+(len($F38)-len(SUBSTITUTE($F38,"2",""))) -> 12
A39: 1 | B39: UFR | C39: DFL | D39: =VLOOKUP($B39,Letters!$C$4:$D$27,2,FALSE) & VLOOKUP($C39,Letters!$C$4:$D$27,2,FALSE) -> CU | E39: [R D R' D U: [R D' R', U2]] | F39: R D R' D U R D' R' U2 R D R' U D' R D' R' | G39: =(len($F39)-len(SUBSTITUTE($F39,"R","")))+(len($F39)-len(SUBSTITUTE($F39,"L","")))+(len($F39)-len(SUBSTITUTE($F39,"U","")))+(len($F39)-len(SUBSTITUTE($F39,"D","")))+(len($F39)-len(SUBSTITUTE($F39,"F","")))+(len($F39)-len(SUBSTITUTE($F39,"B",""))) -> 17 | H39: =(len($F39)-len(SUBSTITUTE($F39,"R","")))+(len($F39)-len(SUBSTITUTE($F39,"L","")))+(len($F39)-len(SUBSTITUTE($F39,"U","")))+(len($F39)-len(SUBSTITUTE($F39,"D","")))+(len($F39)-len(SUBSTITUTE($F39,"F","")))+(len($F39)-len(SUBSTITUTE($F39,"B","")))+(len($F39)-len(SUBSTITUTE($F39,"2",""))) -> 18
B40: UFR | C40: DFR | D40: =VLOOKUP($B40,Letters!$C$4:$D$27,2,FALSE) & VLOOKUP($C40,Letters!$C$4:$D$27,2,FALSE) -> CV | E40: [R2: [R2 D R2 D' R2, U]] | F40: D R2 D' R2 U R2 D R2 D' R2 U' R2 | G40: =(len($F40)-len(SUBSTITUTE($F40,"R","")))+(len($F40)-len(SUBSTITUTE($F40,"L","")))+(len($F40)-len(SUBSTITUTE($F40,"U","")))+(len($F40)-len(SUBSTITUTE($F40,"D","")))+(len($F40)-len(SUBSTITUTE($F40,"F","")))+(len($F40)-len(SUBSTITUTE($F40,"B",""))) -> 12 | H40: =(len($F40)-len(SUBSTITUTE($F40,"R","")))+(len($F40)-len(SUBSTITUTE($F40,"L","")))+(len($F40)-len(SUBSTITUTE($F40,"U","")))+(len($F40)-len(SUBSTITUTE($F40,"D","")))+(len($F40)-len(SUBSTITUTE($F40,"F","")))+(len($F40)-len(SUBSTITUTE($F40,"B","")))+(len($F40)-len(SUBSTITUTE($F40,"2",""))) -> 18
B41: UFR | C41: DBR | D41: =VLOOKUP($B41,Letters!$C$4:$D$27,2,FALSE) & VLOOKUP($C41,Letters!$C$4:$D$27,2,FALSE) -> CW | E41: [R D' R': [U2, R' D R]] | F41: R D' R' U2 R' D R U2 R' D' R2 D R' | G41: =(len($F41)-len(SUBSTITUTE($F41,"R","")))+(len($F41)-len(SUBSTITUTE($F41,"L","")))+(len($F41)-len(SUBSTITUTE($F41,"U","")))+(len($F41)-len(SUBSTITUTE($F41,"D","")))+(len($F41)-len(SUBSTITUTE($F41,"F","")))+(len($F41)-len(SUBSTITUTE($F41,"B",""))) -> 13 | H41: =(len($F41)-len(SUBSTITUTE($F41,"R","")))+(len($F41)-len(SUBSTITUTE($F41,"L","")))+(len($F41)-len(SUBSTITUTE($F41,"U","")))+(len($F41)-len(SUBSTITUTE($F41,"D","")))+(len($F41)-len(SUBSTITUTE($F41,"F","")))+(len($F41)-len(SUBSTITUTE($F41,"B","")))+(len($F41)-len(SUBSTITUTE($F41,"2",""))) -> 16
B42: UFR | C42: DBL | D42: =VLOOKUP($B42,Letters!$C$4:$D$27,2,FALSE) & VLOOKUP($C42,Letters!$C$4:$D$27,2,FALSE) -> CE | E42: [R' U' D' R: [D, R U' R']] | F42: R' U' D' R D R U' R' D' R U R2 D U R | G42: =(len($F42)-len(SUBSTITUTE($F42,"R","")))+(len($F42)-len(SUBSTITUTE($F42,"L","")))+(len($F42)-len(SUBSTITUTE($F42,"U","")))+(len($F42)-len(SUBSTITUTE($F42,"D","")))+(len($F42)-len(SUBSTITUTE($F42,"F","")))+(len($F42)-len(SUBSTITUTE($F42,"B",""))) -> 15 | H42: =(len($F42)-len(SUBSTITUTE($F42,"R","")))+(len($F42)-len(SUBSTITUTE($F42,"L","")))+(len($F42)-len(SUBSTITUTE($F42,"U","")))+(len($F42)-len(SUBSTITUTE($F42,"D","")))+(len($F42)-len(SUBSTITUTE($F42,"F","")))+(len($F42)-len(SUBSTITUTE($F42,"B","")))+(len($F42)-len(SUBSTITUTE($F42,"2",""))) -> 16 | I42: =AVERAGE($H25:$H42) -> 13.555556
A44: 1 | B44: UFL | C44: UBR | D44: =VLOOKUP($B44,Letters!$C$4:$D$27,2,FALSE) & VLOOKUP($C44,Letters!$C$4:$D$27,2,FALSE) -> DB | E44: [U x R': [R' D2 R, U]] | F44: U x R2 D2 R U R' D2 R U' Lw U' | G44: =(len($F44)-len(SUBSTITUTE($F44,"R","")))+(len($F44)-len(SUBSTITUTE($F44,"L","")))+(len($F44)-len(SUBSTITUTE($F44,"U","")))+(len($F44)-len(SUBSTITUTE($F44,"D","")))+(len($F44)-len(SUBSTITUTE($F44,"F","")))+(len($F44)-len(SUBSTITUTE($F44,"B",""))) -> 11 | H44: =(len($F44)-len(SUBSTITUTE($F44,"R","")))+(len($F44)-len(SUBSTITUTE($F44,"L","")))+(len($F44)-len(SUBSTITUTE($F44,"U","")))+(len($F44)-len(SUBSTITUTE($F44,"D","")))+(len($F44)-len(SUBSTITUTE($F44,"F","")))+(len($F44)-len(SUBSTITUTE($F44,"B","")))+(len($F44)-len(SUBSTITUTE($F44,"2",""))) -> 14
A45: 1 | B45: UFL | C45: UFR | D45: =VLOOKUP($B45,Letters!$C$4:$D$27,2,FALSE) & VLOOKUP($C45,Letters!$C$4:$D$27,2,FALSE) -> DC | E45: [R' D' U': [U', R' D R]] | F45: R' D' U2 R' D R U R' D' R U D R | G45: =(len($F45)-len(SUBSTITUTE($F45,"R","")))+(len($F45)-len(SUBSTITUTE($F45,"L","")))+(len($F45)-len(SUBSTITUTE($F45,"U","")))+(len($F45)-len(SUBSTITUTE($F45,"D","")))+(len($F45)-len(SUBSTITUTE($F45,"F","")))+(len($F45)-len(SUBSTITUTE($F45,"B",""))) -> 13 | H45: =(len($F45)-len(SUBSTITUTE($F45,"R","")))+(len($F45)-len(SUBSTITUTE($F45,"L","")))+(len($F45)-len(SUBSTITUTE($F45,"U","")))+(len($F45)-len(SUBSTITUTE($F45,"D","")))+(len($F45)-len(SUBSTITUTE($F45,"F","")))+(len($F45)-len(SUBSTITUTE($F45,"B","")))+(len($F45)-len(SUBSTITUTE($F45,"2",""))) -> 14
A46: 1 | B46: UFL | C46: LFD | D46: =VLOOKUP($B46,Letters!$C$4:$D$27,2,FALSE) & VLOOKUP($C46,Letters!$C$4:$D$27,2,FALSE) -> DG | E46: [U2: [R' D R, U]] | F46: U2 R' D R U R' D' R U | G46: =(len($F46)-len(SUBSTITUTE($F46,"R","")))+(len($F46)-len(SUBSTITUTE($F46,"L","")))+(len($F46)-len(SUBSTITUTE($F46,"U","")))+(len($F46)-len(SUBSTITUTE($F46,"D","")))+(len($F46)-len(SUBSTITUTE($F46,"F","")))+(len($F46)-len(SUBSTITUTE($F46,"B",""))) -> 9 | H46: =(len($F46)-len(SUBSTITUTE($F46,"R","")))+(len($F46)-len(SUBSTITUTE($F46,"L","")))+(len($F46)-len(SUBSTITUTE($F46,"U","")))+(len($F46)-len(SUBSTITUTE($F46,"D","")))+(len($F46)-len(SUBSTITUTE($F46,"F","")))+(len($F46)-len(SUBSTITUTE($F46,"B","")))+(len($F46)-len(SUBSTITUTE($F46,"2",""))) -> 10
A47: 1 | B47: UFL | C47: LBD | D47: =VLOOKUP($B47,Letters!$C$4:$D$27,2,FALSE) & VLOOKUP($C47,Letters!$C$4:$D$27,2,FALSE) -> DH | E47: [U: [R D' R', U]] | F47: U R D' R' U R D R' U2 | G47: =(len($F47)-len(SUBSTITUTE($F47,"R","")))+(len($F47)-len(SUBSTITUTE($F47,"L","")))+(len($F47)-len(SUBSTITUTE($F47,"U","")))+(len($F47)-len(SUBSTITUTE($F47,"D","")))+(len($F47)-len(SUBSTITUTE($F47,"F","")))+(len($F47)-len(SUBSTITUTE($F47,"B",""))) -> 9 | H47: =(len($F47)-len(SUBSTITUTE($F47,"R","")))+(len($F47)-len(SUBSTITUTE($F47,"L","")))+(len($F47)-len(SUBSTITUTE($F47,"U","")))+(len($F47)-len(SUBSTITUTE($F47,"D","")))+(len($F47)-len(SUBSTITUTE($F47,"F","")))+(len($F47)-len(SUBSTITUTE($F47,"B","")))+(len($F47)-len(SUBSTITUTE($F47,"2",""))) -> 10
B48: UFL | C48: FRU | D48: =VLOOKUP($B48,Letters!$C$4:$D$27,2,FALSE) & VLOOKUP($C48,Letters!$C$4:$D$27,2,FALSE) -> DR | E48: [Lw' U': [U2, R D' R']] | F48: Lw' U R D' R' U2 R D R' U Lw | G48: =(len($F48)-len(SUBSTITUTE($F48,"R","")))+(len($F48)-len(SUBSTITUTE($F48,"L","")))+(len($F48)-len(SUBSTITUTE($F48,"U","")))+(len($F48)-len(SUBSTITUTE($F48,"D","")))+(len($F48)-len(SUBSTITUTE($F48,"F","")))+(len($F48)-len(SUBSTITUTE($F48,"B",""))) -> 11 | H48: =(len($F48)-len(SUBSTITUTE($F48,"R","")))+(len($F48)-len(SUBSTITUTE($F48,"L","")))+(len($F48)-len(SUBSTITUTE($F48,"U","")))+(len($F48)-len(SUBSTITUTE($F48,"D","")))+(len($F48)-len(SUBSTITUTE($F48,"F","")))+(len($F48)-len(SUBSTITUTE($F48,"B","")))+(len($F48)-len(SUBSTITUTE($F48,"2",""))) -> 12
B49: UFL | C49: FRD | D49: =VLOOKUP($B49,Letters!$C$4:$D$27,2,FALSE) & VLOOKUP($C49,Letters!$C$4:$D$27,2,FALSE) -> DK | E49: [D' U2: [R' D R, U]] | F49: D' U2 R' D R U R' D' R U D | G49: =(len($F49)-len(SUBSTITUTE($F49,"R","")))+(len($F49)-len(SUBSTITUTE($F49,"L","")))+(len($F49)-len(SUBSTITUTE($F49,"U","")))+(len($F49)-len(SUBSTITUTE($F49,"D","")))+(len($F49)-len(SUBSTITUTE($F49,"F","")))+(len($F49)-len(SUBSTITUTE($F49,"B",""))) -> 11 | H49: =(len($F49)-len(SUBSTITUTE($F49,"R","")))+(len($F49)-len(SUBSTITUTE($F49,"L","")))+(len($F49)-len(SUBSTITUTE($F49,"U","")))+(len($F49)-len(SUBSTITUTE($F49,"D","")))+(len($F49)-len(SUBSTITUTE($F49,"F","")))+(len($F49)-len(SUBSTITUTE($F49,"B","")))+(len($F49)-len(SUBSTITUTE($F49,"2",""))) -> 12
A50: 1 | B50: UFL | C50: FLD | D50: =VLOOKUP($B50,Letters!$C$4:$D$27,2,FALSE) & VLOOKUP($C50,Letters!$C$4:$D$27,2,FALSE) -> DL | E50: [D U': [U', R' D' R]] | F50: D U2 R' D' R U R' D R U D' | G50: =(len($F50)-len(SUBSTITUTE($F50,"R","")))+(len($F50)-len(SUBSTITUTE($F50,"L","")))+(len($F50)-len(SUBSTITUTE($F50,"U","")))+(len($F50)-len(SUBSTITUTE($F50,"D","")))+(len($F50)-len(SUBSTITUTE($F50,"F","")))+(len($F50)-len(SUBSTITUTE($F50,"B",""))) -> 11 | H50: =(len($F50)-len(SUBSTITUTE($F50,"R","")))+(len($F50)-len(SUBSTITUTE($F50,"L","")))+(len($F50)-len(SUBSTITUTE($F50,"U","")))+(len($F50)-len(SUBSTITUTE($F50,"D","")))+(len($F50)-len(SUBSTITUTE($F50,"F","")))+(len($F50)-len(SUBSTITUTE($F50,"B","")))+(len($F50)-len(SUBSTITUTE($F50,"2",""))) -> 12
B51: UFL | C51: RFU | D51: =VLOOKUP($B51,Letters!$C$4:$D$27,2,FALSE) & VLOOKUP($C51,Letters!$C$4:$D$27,2,FALSE) -> DM | E51: [x': [D, R U' R']] | F51: x' D R U' R' D' R U R' x | G51: =(len($F51)-len(SUBSTITUTE($F51,"R","")))+(len($F51)-len(SUBSTITUTE($F51,"L","")))+(len($F51)-len(SUBSTITUTE($F51,"U","")))+(len($F51)-len(SUBSTITUTE($F51,"D","")))+(len($F51)-len(SUBSTITUTE($F51,"F","")))+(len($F51)-len(SUBSTITUTE($F51,"B",""))) -> 8 | H51: =(len($F51)-len(SUBSTITUTE($F51,"R","")))+(len($F51)-len(SUBSTITUTE($F51,"L","")))+(len($F51)-len(SUBSTITUTE($F51,"U","")))+(len($F51)-len(SUBSTITUTE($F51,"D","")))+(len($F51)-len(SUBSTITUTE($F51,"F","")))+(len($F51)-len(SUBSTITUTE($F51,"B","")))+(len($F51)-len(SUBSTITUTE($F51,"2",""))) -> 8
A52: 1 | B52: UFL | C52: RBU | D52: =VLOOKUP($B52,Letters!$C$4:$D$27,2,FALSE) & VLOOKUP($C52,Letters!$C$4:$D$27,2,FALSE) -> DN | E52: [R U: [R D R', U]] | F52: R U R D R' U R D' R' U2 R' | G52: =(len($F52)-len(SUBSTITUTE($F52,"R","")))+(len($F52)-len(SUBSTITUTE($F52,"L","")))+(len($F52)-len(SUBSTITUTE($F52,"U","")))+(len($F52)-len(SUBSTITUTE($F52,"D","")))+(len($F52)-len(SUBSTITUTE($F52,"F","")))+(len($F52)-len(SUBSTITUTE($F52,"B",""))) -> 11 | H52: =(len($F52)-len(SUBSTITUTE($F52,"R","")))+(len($F52)-len(SUBSTITUTE($F52,"L","")))+(len($F52)-len(SUBSTITUTE($F52,"U","")))+(len($F52)-len(SUBSTITUTE($F52,"D","")))+(len($F52)-len(SUBSTITUTE($F52,"F","")))+(len($F52)-len(SUBSTITUTE($F52,"B","")))+(len($F52)-len(SUBSTITUTE($F52,"2",""))) -> 12
A53: 1 | B53: UFL | C53: RBD | D53: =VLOOKUP($B53,Letters!$C$4:$D$27,2,FALSE) & VLOOKUP($C53,Letters!$C$4:$D$27,2,FALSE) -> DO | E53: [U: [R D R', U]] | F53: U R D R' U R D' R' U2 | G53: =(len($F53)-len(SUBSTITUTE($F53,"R","")))+(len($F53)-len(SUBSTITUTE($F53,"L","")))+(len($F53)-len(SUBSTITUTE($F53,"U","")))+(len($F53)-len(SUBSTITUTE($F53,"D","")))+(len($F53)-len(SUBSTITUTE($F53,"F","")))+(len($F53)-len(SUBSTITUTE($F53,"B",""))) -> 9 | H53: =(len($F53)-len(SUBSTITUTE($F53,"R","")))+(len($F53)-len(SUBSTITUTE($F53,"L","")))+(len($F53)-len(SUBSTITUTE($F53,"U","")))+(len($F53)-len(SUBSTITUTE($F53,"D","")))+(len($F53)-len(SUBSTITUTE($F53,"F","")))+(len($F53)-len(SUBSTITUTE($F53,"B","")))+(len($F53)-len(SUBSTITUTE($F53,"2",""))) -> 10
A54: 1 | B54: UFL | C54: RFD | D54: =VLOOKUP($B54,Letters!$C$4:$D$27,2,FALSE) & VLOOKUP($C54,Letters!$C$4:$D$27,2,FALSE) -> DP | E54: [U': [U', R' D' R]] | F54: U2 R' D' R U R' D R U | G54: =(len($F54)-len(SUBSTITUTE($F54,"R","")))+(len($F54)-len(SUBSTITUTE($F54,"L","")))+(len($F54)-len(SUBSTITUTE($F54,"U","")))+(len($F54)-len(SUBSTITUTE($F54,"D","")))+(len($F54)-len(SUBSTITUTE($F54,"F","")))+(len($F54)-len(SUBSTITUTE($F54,"B",""))) -> 9 | H54: =(len($F54)-len(SUBSTITUTE($F54,"R","")))+(len($F54)-len(SUBSTITUTE($F54,"L","")))+(len($F54)-len(SUBSTITUTE($F54,"U","")))+(len($F54)-len(SUBSTITUTE($F54,"D","")))+(len($F54)-len(SUBSTITUTE($F54,"F","")))+(len($F54)-len(SUBSTITUTE($F54,"B","")))+(len($F54)-len(SUBSTITUTE($F54,"2",""))) -> 10
A55: 1 | B55: UFL | C55: BRU | D55: =VLOOKUP($B55,Letters!$C$4:$D$27,2,FALSE) & VLOOKUP($C55,Letters!$C$4:$D$27,2,FALSE) -> DA | E55: [Lw U: [R' D R, U2]] | F55: Lw U R' D R U2 R' D' R U Lw' | G55: =(len($F55)-len(SUBSTITUTE($F55,"R","")))+(len($F55)-len(SUBSTITUTE($F55,"L","")))+(len($F55)-len(SUBSTITUTE($F55,"U","")))+(len($F55)-len(SUBSTITUTE($F55,"D","")))+(len($F55)-len(SUBSTITUTE($F55,"F","")))+(len($F55)-len(SUBSTITUTE($F55,"B",""))) -> 11 | H55: =(len($F55)-len(SUBSTITUTE($F55,"R","")))+(len($F55)-len(SUBSTITUTE($F55,"L","")))+(len($F55)-len(SUBSTITUTE($F55,"U","")))+(len($F55)-len(SUBSTITUTE($F55,"D","")))+(len($F55)-len(SUBSTITUTE($F55,"F","")))+(len($F55)-len(SUBSTITUTE($F55,"B","")))+(len($F55)-len(SUBSTITUTE($F55,"2",""))) -> 12
B56: UFL | C56: BLD | D56: =VLOOKUP($B56,Letters!$C$4:$D$27,2,FALSE) & VLOOKUP($C56,Letters!$C$4:$D$27,2,FALSE) -> DS | E56: [U' D: [U', R' D R]] | F56: U2 D R' D R U R' D' R U D' | G56: =(len($F56)-len(SUBSTITUTE($F56,"R","")))+(len($F56)-len(SUBSTITUTE($F56,"L","")))+(len($F56)-len(SUBSTITUTE($F56,"U","")))+(len($F56)-len(SUBSTITUTE($F56,"D","")))+(len($F56)-len(SUBSTITUTE($F56,"F","")))+(len($F56)-len(SUBSTITUTE($F56,"B",""))) -> 11 | H56: =(len($F56)-len(SUBSTITUTE($F56,"R","")))+(len($F56)-len(SUBSTITUTE($F56,"L","")))+(len($F56)-len(SUBSTITUTE($F56,"U","")))+(len($F56)-len(SUBSTITUTE($F56,"D","")))+(len($F56)-len(SUBSTITUTE($F56,"F","")))+(len($F56)-len(SUBSTITUTE($F56,"B","")))+(len($F56)-len(SUBSTITUTE($F56,"2",""))) -> 12
B57: UFL | C57: BRD | D57: =VLOOKUP($B57,Letters!$C$4:$D$27,2,FALSE) & VLOOKUP($C57,Letters!$C$4:$D$27,2,FALSE) -> DT | E57: [D U: [R D' R', U]] | F57: D U R D' R' U R D R' U2 D' | G57: =(len($F57)-len(SUBSTITUTE($F57,"R","")))+(len($F57)-len(SUBSTITUTE($F57,"L","")))+(len($F57)-len(SUBSTITUTE($F57,"U","")))+(len($F57)-len(SUBSTITUTE($F57,"D","")))+(len($F57)-len(SUBSTITUTE($F57,"F","")))+(len($F57)-len(SUBSTITUTE($F57,"B",""))) -> 11 | H57: =(len($F57)-len(SUBSTITUTE($F57,"R","")))+(len($F57)-len(SUBSTITUTE($F57,"L","")))+(len($F57)-len(SUBSTITUTE($F57,"U","")))+(len($F57)-len(SUBSTITUTE($F57,"D","")))+(len($F57)-len(SUBSTITUTE($F57,"F","")))+(len($F57)-len(SUBSTITUTE($F57,"B","")))+(len($F57)-len(SUBSTITUTE($F57,"2",""))) -> 12
A58: 1 | B58: UFL | C58: DFL | D58: =VLOOKUP($B58,Letters!$C$4:$D$27,2,FALSE) & VLOOKUP($C58,Letters!$C$4:$D$27,2,FALSE) -> DU | E58: [U R D R': [R' U R, D']] | F58: U R D R2' U R D' R' U' R D R D' R' U' | G58: =(len($F58)-len(SUBSTITUTE($F58,"R","")))+(len($F58)-len(SUBSTITUTE($F58,"L","")))+(len($F58)-len(SUBSTITUTE($F58,"U","")))+(len($F58)-len(SUBSTITUTE($F58,"D","")))+(len($F58)-len(SUBSTITUTE($F58,"F","")))+(len($F58)-len(SUBSTITUTE($F58,"B",""))) -> 15 | H58: =(len($F58)-len(SUBSTITUTE($F58,"R","")))+(len($F58)-len(SUBSTITUTE($F58,"L","")))+(len($F58)-len(SUBSTITUTE($F58,"U","")))+(len($F58)-len(SUBSTITUTE($F58,"D","")))+(len($F58)-len(SUBSTITUTE($F58,"F","")))+(len($F58)-len(SUBSTITUTE($F58,"B","")))+(len($F58)-len(SUBSTITUTE($F58,"2",""))) -> 16
B59: UFL | C59: DFR | D59: =VLOOKUP($B59,Letters!$C$4:$D$27,2,FALSE) & VLOOKUP($C59,Letters!$C$4:$D$27,2,FALSE) -> DV | E59: [R' D R U: [R D' R', U]] | F59: R' D R U R D' R' U R D R' U2 R' D' R | G59: =(len($F59)-len(SUBSTITUTE($F59,"R","")))+(len($F59)-len(SUBSTITUTE($F59,"L","")))+(len($F59)-len(SUBSTITUTE($F59,"U","")))+(len($F59)-len(SUBSTITUTE($F59,"D","")))+(len($F59)-len(SUBSTITUTE($F59,"F","")))+(len($F59)-len(SUBSTITUTE($F59,"B",""))) -> 15 | H59: =(len($F59)-len(SUBSTITUTE($F59,"R","")))+(len($F59)-len(SUBSTITUTE($F59,"L","")))+(len($F59)-len(SUBSTITUTE($F59,"U","")))+(len($F59)-len(SUBSTITUTE($F59,"D","")))+(len($F59)-len(SUBSTITUTE($F59,"F","")))+(len($F59)-len(SUBSTITUTE($F59,"B","")))+(len($F59)-len(SUBSTITUTE($F59,"2",""))) -> 16
B60: UFL | C60: DBR | D60: =VLOOKUP($B60,Letters!$C$4:$D$27,2,FALSE) & VLOOKUP($C60,Letters!$C$4:$D$27,2,FALSE) -> DW | E60: [R D' U': [U', R' D R]] | F60: R D' U2 R' D R U R' D' R U D R' | G60: =(len($F60)-len(SUBSTITUTE($F60,"R","")))+(len($F60)-len(SUBSTITUTE($F60,"L","")))+(len($F60)-len(SUBSTITUTE($F60,"U","")))+(len($F60)-len(SUBSTITUTE($F60,"D","")))+(len($F60)-len(SUBSTITUTE($F60,"F","")))+(len($F60)-len(SUBSTITUTE($F60,"B",""))) -> 13 | H60: =(len($F60)-len(SUBSTITUTE($F60,"R","")))+(len($F60)-len(SUBSTITUTE($F60,"L","")))+(len($F60)-len(SUBSTITUTE($F60,"U","")))+(len($F60)-len(SUBSTITUTE($F60,"D","")))+(len($F60)-len(SUBSTITUTE($F60,"F","")))+(len($F60)-len(SUBSTITUTE($F60,"B","")))+(len($F60)-len(SUBSTITUTE($F60,"2",""))) -> 14
B61: UFL | C61: DBL | D61: =VLOOKUP($B61,Letters!$C$4:$D$27,2,FALSE) & VLOOKUP($C61,Letters!$C$4:$D$27,2,FALSE) -> DE | E61: [D' R D' U': [U', R' D R]] | F61: D' R D' U2 R' D R U R' D' R U D R' D | G61: =(len($F61)-len(SUBSTITUTE($F61,"R","")))+(len($F61)-len(SUBSTITUTE($F61,"L","")))+(len($F61)-len(SUBSTITUTE($F61,"U","")))+(len($F61)-len(SUBSTITUTE($F61,"D","")))+(len($F61)-len(SUBSTITUTE($F61,"F","")))+(len($F61)-len(SUBSTITUTE($F61,"B",""))) -> 15 | H61: =(len($F61)-len(SUBSTITUTE($F61,"R","")))+(len($F61)-len(SUBSTITUTE($F61,"L","")))+(len($F61)-len(SUBSTITUTE($F61,"U","")))+(len($F61)-len(SUBSTITUTE($F61,"D","")))+(len($F61)-len(SUBSTITUTE($F61,"F","")))+(len($F61)-len(SUBSTITUTE($F61,"B","")))+(len($F61)-len(SUBSTITUTE($F61,"2",""))) -> 16 | I61: =AVERAGE($H44:$H61) -> 12.333333
A63: 1 | B63: LFU | C63: UBR | D63: =VLOOKUP($B63,Letters!$C$4:$D$27,2,FALSE) & VLOOKUP($C63,Letters!$C$4:$D$27,2,FALSE) -> FB | E63: [U R': [R' D' R, U2]] | F63: U R2 D' R U2 R' D R U2 R U' | G63: =(len($F63)-len(SUBSTITUTE($F63,"R","")))+(len($F63)-len(SUBSTITUTE($F63,"L","")))+(len($F63)-len(SUBSTITUTE($F63,"U","")))+(len($F63)-len(SUBSTITUTE($F63,"D","")))+(len($F63)-len(SUBSTITUTE($F63,"F","")))+(len($F63)-len(SUBSTITUTE($F63,"B",""))) -> 11 | H63: =(len($F63)-len(SUBSTITUTE($F63,"R","")))+(len($F63)-len(SUBSTITUTE($F63,"L","")))+(len($F63)-len(SUBSTITUTE($F63,"U","")))+(len($F63)-len(SUBSTITUTE($F63,"D","")))+(len($F63)-len(SUBSTITUTE($F63,"F","")))+(len($F63)-len(SUBSTITUTE($F63,"B","")))+(len($F63)-len(SUBSTITUTE($F63,"2",""))) -> 14
B64: LFU | C64: UFR | D64: =VLOOKUP($B64,Letters!$C$4:$D$27,2,FALSE) & VLOOKUP($C64,Letters!$C$4:$D$27,2,FALSE) -> FC | E64: [R' U' D' R U': [R' D R, U2]] | F64: R' U' D' R U' R' D R U2 R' D' R U' R' D U R | G64: =(len($F64)-len(SUBSTITUTE($F64,"R","")))+(len($F64)-len(SUBSTITUTE($F64,"L","")))+(len($F64)-len(SUBSTITUTE($F64,"U","")))+(len($F64)-len(SUBSTITUTE($F64,"D","")))+(len($F64)-len(SUBSTITUTE($F64,"F","")))+(len($F64)-len(SUBSTITUTE($F64,"B",""))) -> 17 | H64: =(len($F64)-len(SUBSTITUTE($F64,"R","")))+(len($F64)-len(SUBSTITUTE($F64,"L","")))+(len($F64)-len(SUBSTITUTE($F64,"U","")))+(len($F64)-len(SUBSTITUTE($F64,"D","")))+(len($F64)-len(SUBSTITUTE($F64,"F","")))+(len($F64)-len(SUBSTITUTE($F64,"B","")))+(len($F64)-len(SUBSTITUTE($F64,"2",""))) -> 18
A65: 1 | B65: LFU | C65: LFD | D65: =VLOOKUP($B65,Letters!$C$4:$D$27,2,FALSE) & VLOOKUP($C65,Letters!$C$4:$D$27,2,FALSE) -> FG | E65: [U' R U: [U2, R' D R]] | F65: U' R U' R' D R U2 R' D' R U' R' U | G65: =(len($F65)-len(SUBSTITUTE($F65,"R","")))+(len($F65)-len(SUBSTITUTE($F65,"L","")))+(len($F65)-len(SUBSTITUTE($F65,"U","")))+(len($F65)-len(SUBSTITUTE($F65,"D","")))+(len($F65)-len(SUBSTITUTE($F65,"F","")))+(len($F65)-len(SUBSTITUTE($F65,"B",""))) -> 13 | H65: =(len($F65)-len(SUBSTITUTE($F65,"R","")))+(len($F65)-len(SUBSTITUTE($F65,"L","")))+(len($F65)-len(SUBSTITUTE($F65,"U","")))+(len($F65)-len(SUBSTITUTE($F65,"D","")))+(len($F65)-len(SUBSTITUTE($F65,"F","")))+(len($F65)-len(SUBSTITUTE($F65,"B","")))+(len($F65)-len(SUBSTITUTE($F65,"2",""))) -> 14
B66: LFU | C66: LBD | D66: =VLOOKUP($B66,Letters!$C$4:$D$27,2,FALSE) & VLOOKUP($C66,Letters!$C$4:$D$27,2,FALSE) -> FH | E66: [U' R: [U2, R D' R']] | F66: U' R U2 R D' R' U2 R D R2 U | G66: =(len($F66)-len(SUBSTITUTE($F66,"R","")))+(len($F66)-len(SUBSTITUTE($F66,"L","")))+(len($F66)-len(SUBSTITUTE($F66,"U","")))+(len($F66)-len(SUBSTITUTE($F66,"D","")))+(len($F66)-len(SUBSTITUTE($F66,"F","")))+(len($F66)-len(SUBSTITUTE($F66,"B",""))) -> 11 | H66: =(len($F66)-len(SUBSTITUTE($F66,"R","")))+(len($F66)-len(SUBSTITUTE($F66,"L","")))+(len($F66)-len(SUBSTITUTE($F66,"U","")))+(len($F66)-len(SUBSTITUTE($F66,"D","")))+(len($F66)-len(SUBSTITUTE($F66,"F","")))+(len($F66)-len(SUBSTITUTE($F66,"B","")))+(len($F66)-len(SUBSTITUTE($F66,"2",""))) -> 14
B67: LFU | C67: FRU | D67: =VLOOKUP($B67,Letters!$C$4:$D$27,2,FALSE) & VLOOKUP($C67,Letters!$C$4:$D$27,2,FALSE) -> FR | E67: [U' R: [U2, R D R']] | F67: U' R U2 R D R' U2 R D' R2 U | G67: =(len($F67)-len(SUBSTITUTE($F67,"R","")))+(len($F67)-len(SUBSTITUTE($F67,"L","")))+(len($F67)-len(SUBSTITUTE($F67,"U","")))+(len($F67)-len(SUBSTITUTE($F67,"D","")))+(len($F67)-len(SUBSTITUTE($F67,"F","")))+(len($F67)-len(SUBSTITUTE($F67,"B",""))) -> 11 | H67: =(len($F67)-len(SUBSTITUTE($F67,"R","")))+(len($F67)-len(SUBSTITUTE($F67,"L","")))+(len($F67)-len(SUBSTITUTE($F67,"U","")))+(len($F67)-len(SUBSTITUTE($F67,"D","")))+(len($F67)-len(SUBSTITUTE($F67,"F","")))+(len($F67)-len(SUBSTITUTE($F67,"B","")))+(len($F67)-len(SUBSTITUTE($F67,"2",""))) -> 14
B68: LFU | C68: FRD | D68: =VLOOKUP($B68,Letters!$C$4:$D$27,2,FALSE) & VLOOKUP($C68,Letters!$C$4:$D$27,2,FALSE) -> FK | E68: [U R' U': [R D R', U2]] | F68: U R' U' R D R' U2 R D' R' U' R U' | G68: =(len($F68)-len(SUBSTITUTE($F68,"R","")))+(len($F68)-len(SUBSTITUTE($F68,"L","")))+(len($F68)-len(SUBSTITUTE($F68,"U","")))+(len($F68)-len(SUBSTITUTE($F68,"D","")))+(len($F68)-len(SUBSTITUTE($F68,"F","")))+(len($F68)-len(SUBSTITUTE($F68,"B",""))) -> 13 | H68: =(len($F68)-len(SUBSTITUTE($F68,"R","")))+(len($F68)-len(SUBSTITUTE($F68,"L","")))+(len($F68)-len(SUBSTITUTE($F68,"U","")))+(len($F68)-len(SUBSTITUTE($F68,"D","")))+(len($F68)-len(SUBSTITUTE($F68,"F","")))+(len($F68)-len(SUBSTITUTE($F68,"B","")))+(len($F68)-len(SUBSTITUTE($F68,"2",""))) -> 14
A69: 1 | B69: LFU | C69: FLD | D69: =VLOOKUP($B69,Letters!$C$4:$D$27,2,FALSE) & VLOOKUP($C69,Letters!$C$4:$D$27,2,FALSE) -> FL | E69: [U' R U D: [U2, R' D' R]] | F69: U' R U' D R' D' R U2 R' D R D' U' R' U | G69: =(len($F69)-len(SUBSTITUTE($F69,"R","")))+(len($F69)-len(SUBSTITUTE($F69,"L","")))+(len($F69)-len(SUBSTITUTE($F69,"U","")))+(len($F69)-len(SUBSTITUTE($F69,"D","")))+(len($F69)-len(SUBSTITUTE($F69,"F","")))+(len($F69)-len(SUBSTITUTE($F69,"B",""))) -> 15 | H69: =(len($F69)-len(SUBSTITUTE($F69,"R","")))+(len($F69)-len(SUBSTITUTE($F69,"L","")))+(len($F69)-len(SUBSTITUTE($F69,"U","")))+(len($F69)-len(SUBSTITUTE($F69,"D","")))+(len($F69)-len(SUBSTITUTE($F69,"F","")))+(len($F69)-len(SUBSTITUTE($F69,"B","")))+(len($F69)-len(SUBSTITUTE($F69,"2",""))) -> 16
B70: LFU | C70: RFU | D70: =VLOOKUP($B70,Letters!$C$4:$D$27,2,FALSE) & VLOOKUP($C70,Letters!$C$4:$D$27,2,FALSE) -> FM | E70: [R U R' U' D: [R D R', U2] | F70: R U R' U' D R D R' U2 R D' R' U' D' R U' R' | G70: =(len($F70)-len(SUBSTITUTE($F70,"R","")))+(len($F70)-len(SUBSTITUTE($F70,"L","")))+(len($F70)-len(SUBSTITUTE($F70,"U","")))+(len($F70)-len(SUBSTITUTE($F70,"D","")))+(len($F70)-len(SUBSTITUTE($F70,"F","")))+(len($F70)-len(SUBSTITUTE($F70,"B",""))) -> 17 | H70: =(len($F70)-len(SUBSTITUTE($F70,"R","")))+(len($F70)-len(SUBSTITUTE($F70,"L","")))+(len($F70)-len(SUBSTITUTE($F70,"U","")))+(len($F70)-len(SUBSTITUTE($F70,"D","")))+(len($F70)-len(SUBSTITUTE($F70,"F","")))+(len($F70)-len(SUBSTITUTE($F70,"B","")))+(len($F70)-len(SUBSTITUTE($F70,"2",""))) -> 18
A71: 1 | B71: LFU | C71: RBU | D71: =VLOOKUP($B71,Letters!$C$4:$D$27,2,FALSE) & VLOOKUP($C71,Letters!$C$4:$D$27,2,FALSE) -> FN | E71: [U R' D': [R' D R, U2]] | F71: U R' D' R' D R U2 R' D' R U2 D R U' | G71: =(len($F71)-len(SUBSTITUTE($F71,"R","")))+(len($F71)-len(SUBSTITUTE($F71,"L","")))+(len($F71)-len(SUBSTITUTE($F71,"U","")))+(len($F71)-len(SUBSTITUTE($F71,"D","")))+(len($F71)-len(SUBSTITUTE($F71,"F","")))+(len($F71)-len(SUBSTITUTE($F71,"B",""))) -> 14 | H71: =(len($F71)-len(SUBSTITUTE($F71,"R","")))+(len($F71)-len(SUBSTITUTE($F71,"L","")))+(len($F71)-len(SUBSTITUTE($F71,"U","")))+(len($F71)-len(SUBSTITUTE($F71,"D","")))+(len($F71)-len(SUBSTITUTE($F71,"F","")))+(len($F71)-len(SUBSTITUTE($F71,"B","")))+(len($F71)-len(SUBSTITUTE($F71,"2",""))) -> 16
B72: LFU | C72: RBD | D72: =VLOOKUP($B72,Letters!$C$4:$D$27,2,FALSE) & VLOOKUP($C72,Letters!$C$4:$D$27,2,FALSE) -> FO | E72: [F U: [U2, R D R']] | F72: F U' R D R' U2 R D' R' U' F' | G72: =(len($F72)-len(SUBSTITUTE($F72,"R","")))+(len($F72)-len(SUBSTITUTE($F72,"L","")))+(len($F72)-len(SUBSTITUTE($F72,"U","")))+(len($F72)-len(SUBSTITUTE($F72,"D","")))+(len($F72)-len(SUBSTITUTE($F72,"F","")))+(len($F72)-len(SUBSTITUTE($F72,"B",""))) -> 11 | H72: =(len($F72)-len(SUBSTITUTE($F72,"R","")))+(len($F72)-len(SUBSTITUTE($F72,"L","")))+(len($F72)-len(SUBSTITUTE($F72,"U","")))+(len($F72)-len(SUBSTITUTE($F72,"D","")))+(len($F72)-len(SUBSTITUTE($F72,"F","")))+(len($F72)-len(SUBSTITUTE($F72,"B","")))+(len($F72)-len(SUBSTITUTE($F72,"2",""))) -> 12
B73: LFU | C73: RFD | D73: =VLOOKUP($B73,Letters!$C$4:$D$27,2,FALSE) & VLOOKUP($C73,Letters!$C$4:$D$27,2,FALSE) -> FP | E73: [U R' U' D: [R D' R', U2]] | F73: U R' U' D R D' R' U2 R D R' U' D' R U' | G73: =(len($F73)-len(SUBSTITUTE($F73,"R","")))+(len($F73)-len(SUBSTITUTE($F73,"L","")))+(len($F73)-len(SUBSTITUTE($F73,"U","")))+(len($F73)-len(SUBSTITUTE($F73,"D","")))+(len($F73)-len(SUBSTITUTE($F73,"F","")))+(len($F73)-len(SUBSTITUTE($F73,"B",""))) -> 15 | H73: =(len($F73)-len(SUBSTITUTE($F73,"R","")))+(len($F73)-len(SUBSTITUTE($F73,"L","")))+(len($F73)-len(SUBSTITUTE($F73,"U","")))+(len($F73)-len(SUBSTITUTE($F73,"D","")))+(len($F73)-len(SUBSTITUTE($F73,"F","")))+(len($F73)-len(SUBSTITUTE($F73,"B","")))+(len($F73)-len(SUBSTITUTE($F73,"2",""))) -> 16
A74: 1 | B74: LFU | C74: BRU | D74: =VLOOKUP($B74,Letters!$C$4:$D$27,2,FALSE) & VLOOKUP($C74,Letters!$C$4:$D$27,2,FALSE) -> FA | E74: [R2 U R' U: [U2, R D R']] | F74: R2 U R' U' R D R' U2 R D' R' U' R U' R2 | G74: =(len($F74)-len(SUBSTITUTE($F74,"R","")))+(len($F74)-len(SUBSTITUTE($F74,"L","")))+(len($F74)-len(SUBSTITUTE($F74,"U","")))+(len($F74)-len(SUBSTITUTE($F74,"D","")))+(len($F74)-len(SUBSTITUTE($F74,"F","")))+(len($F74)-len(SUBSTITUTE($F74,"B",""))) -> 15 | H74: =(len($F74)-len(SUBSTITUTE($F74,"R","")))+(len($F74)-len(SUBSTITUTE($F74,"L","")))+(len($F74)-len(SUBSTITUTE($F74,"U","")))+(len($F74)-len(SUBSTITUTE($F74,"D","")))+(len($F74)-len(SUBSTITUTE($F74,"F","")))+(len($F74)-len(SUBSTITUTE($F74,"B","")))+(len($F74)-len(SUBSTITUTE($F74,"2",""))) -> 18
B75: LFU | C75: BLD | D75: =VLOOKUP($B75,Letters!$C$4:$D$27,2,FALSE) & VLOOKUP($C75,Letters!$C$4:$D$27,2,FALSE) -> FS | E75: [U R' U': [R D' R', U2]] | F75: U R' U' R D' R' U2 R D R' U' R U' | G75: =(len($F75)-len(SUBSTITUTE($F75,"R","")))+(len($F75)-len(SUBSTITUTE($F75,"L","")))+(len($F75)-len(SUBSTITUTE($F75,"U","")))+(len($F75)-len(SUBSTITUTE($F75,"D","")))+(len($F75)-len(SUBSTITUTE($F75,"F","")))+(len($F75)-len(SUBSTITUTE($F75,"B",""))) -> 13 | H75: =(len($F75)-len(SUBSTITUTE($F75,"R","")))+(len($F75)-len(SUBSTITUTE($F75,"L","")))+(len($F75)-len(SUBSTITUTE($F75,"U","")))+(len($F75)-len(SUBSTITUTE($F75,"D","")))+(len($F75)-len(SUBSTITUTE($F75,"F","")))+(len($F75)-len(SUBSTITUTE($F75,"B","")))+(len($F75)-len(SUBSTITUTE($F75,"2",""))) -> 14
B76: LFU | C76: BRD | D76: =VLOOKUP($B76,Letters!$C$4:$D$27,2,FALSE) & VLOOKUP($C76,Letters!$C$4:$D$27,2,FALSE) -> FT | E76: [U' D R: [U2, R D' R']] | F76: U' D R U2 R D' R' U2 R D R2' D' U | G76: =(len($F76)-len(SUBSTITUTE($F76,"R","")))+(len($F76)-len(SUBSTITUTE($F76,"L","")))+(len($F76)-len(SUBSTITUTE($F76,"U","")))+(len($F76)-len(SUBSTITUTE($F76,"D","")))+(len($F76)-len(SUBSTITUTE($F76,"F","")))+(len($F76)-len(SUBSTITUTE($F76,"B",""))) -> 13 | H76: =(len($F76)-len(SUBSTITUTE($F76,"R","")))+(len($F76)-len(SUBSTITUTE($F76,"L","")))+(len($F76)-len(SUBSTITUTE($F76,"U","")))+(len($F76)-len(SUBSTITUTE($F76,"D","")))+(len($F76)-len(SUBSTITUTE($F76,"F","")))+(len($F76)-len(SUBSTITUTE($F76,"B","")))+(len($F76)-len(SUBSTITUTE($F76,"2",""))) -> 16
A77: 1 | B77: LFU | C77: DFL | D77: =VLOOKUP($B77,Letters!$C$4:$D$27,2,FALSE) & VLOOKUP($C77,Letters!$C$4:$D$27,2,FALSE) -> FU | E77: [U R': [R' D R, U2]] | F77: U R2' D R U2 R' D' R U2 R U' | G77: =(len($F77)-len(SUBSTITUTE($F77,"R","")))+(len($F77)-len(SUBSTITUTE($F77,"L","")))+(len($F77)-len(SUBSTITUTE($F77,"U","")))+(len($F77)-len(SUBSTITUTE($F77,"D","")))+(len($F77)-len(SUBSTITUTE($F77,"F","")))+(len($F77)-len(SUBSTITUTE($F77,"B",""))) -> 11 | H77: =(len($F77)-len(SUBSTITUTE($F77,"R","")))+(len($F77)-len(SUBSTITUTE($F77,"L","")))+(len($F77)-len(SUBSTITUTE($F77,"U","")))+(len($F77)-len(SUBSTITUTE($F77,"D","")))+(len($F77)-len(SUBSTITUTE($F77,"F","")))+(len($F77)-len(SUBSTITUTE($F77,"B","")))+(len($F77)-len(SUBSTITUTE($F77,"2",""))) -> 14
B78: LFU | C78: DFR | D78: =VLOOKUP($B78,Letters!$C$4:$D$27,2,FALSE) & VLOOKUP($C78,Letters!$C$4:$D$27,2,FALSE) -> FV | E78: [U D' R': [R' D R, U2]] | F78: U D' R2' D R U2 R' D' R U2 R D U' | G78: =(len($F78)-len(SUBSTITUTE($F78,"R","")))+(len($F78)-len(SUBSTITUTE($F78,"L","")))+(len($F78)-len(SUBSTITUTE($F78,"U","")))+(len($F78)-len(SUBSTITUTE($F78,"D","")))+(len($F78)-len(SUBSTITUTE($F78,"F","")))+(len($F78)-len(SUBSTITUTE($F78,"B",""))) -> 13 | H78: =(len($F78)-len(SUBSTITUTE($F78,"R","")))+(len($F78)-len(SUBSTITUTE($F78,"L","")))+(len($F78)-len(SUBSTITUTE($F78,"U","")))+(len($F78)-len(SUBSTITUTE($F78,"D","")))+(len($F78)-len(SUBSTITUTE($F78,"F","")))+(len($F78)-len(SUBSTITUTE($F78,"B","")))+(len($F78)-len(SUBSTITUTE($F78,"2",""))) -> 16
B79: LFU | C79: DBR | D79: =VLOOKUP($B79,Letters!$C$4:$D$27,2,FALSE) & VLOOKUP($C79,Letters!$C$4:$D$27,2,FALSE) -> FW | E79: [U' R D' U: [U2, R' D R]] | F79: U' R U' D' R' D R U2 R' D' R U' D R' U | G79: =(len($F79)-len(SUBSTITUTE($F79,"R","")))+(len($F79)-len(SUBSTITUTE($F79,"L","")))+(len($F79)-len(SUBSTITUTE($F79,"U","")))+(len($F79)-len(SUBSTITUTE($F79,"D","")))+(len($F79)-len(SUBSTITUTE($F79,"F","")))+(len($F79)-len(SUBSTITUTE($F79,"B",""))) -> 15 | H79: =(len($F79)-len(SUBSTITUTE($F79,"R","")))+(len($F79)-len(SUBSTITUTE($F79,"L","")))+(len($F79)-len(SUBSTITUTE($F79,"U","")))+(len($F79)-len(SUBSTITUTE($F79,"D","")))+(len($F79)-len(SUBSTITUTE($F79,"F","")))+(len($F79)-len(SUBSTITUTE($F79,"B","")))+(len($F79)-len(SUBSTITUTE($F79,"2",""))) -> 16
B80: LFU | C80: DBL | D80: =VLOOKUP($B80,Letters!$C$4:$D$27,2,FALSE) & VLOOKUP($C80,Letters!$C$4:$D$27,2,FALSE) -> FE | E80: [U R': [R' D2 R, U2]] | F80: U R2 D2 R U2 R' D2 R U2 R U' | G80: =(len($F80)-len(SUBSTITUTE($F80,"R","")))+(len($F80)-len(SUBSTITUTE($F80,"L","")))+(len($F80)-len(SUBSTITUTE($F80,"U","")))+(len($F80)-len(SUBSTITUTE($F80,"D","")))+(len($F80)-len(SUBSTITUTE($F80,"F","")))+(len($F80)-len(SUBSTITUTE($F80,"B",""))) -> 11 | H80: =(len($F80)-len(SUBSTITUTE($F80,"R","")))+(len($F80)-len(SUBSTITUTE($F80,"L","")))+(len($F80)-len(SUBSTITUTE($F80,"U","")))+(len($F80)-len(SUBSTITUTE($F80,"D","")))+(len($F80)-len(SUBSTITUTE($F80,"F","")))+(len($F80)-len(SUBSTITUTE($F80,"B","")))+(len($F80)-len(SUBSTITUTE($F80,"2",""))) -> 16 | I80: =AVERAGE($H63:$H80) -> 15.333333
A82: 1 | B82: LFD | C82: UBR | D82: =VLOOKUP($B82,Letters!$C$4:$D$27,2,FALSE) & VLOOKUP($C82,Letters!$C$4:$D$27,2,FALSE) -> GB | E82: [U: [R' D R, U]] | F82: U R' D R U R' D' R U2 | G82: =(len($F82)-len(SUBSTITUTE($F82,"R","")))+(len($F82)-len(SUBSTITUTE($F82,"L","")))+(len($F82)-len(SUBSTITUTE($F82,"U","")))+(len($F82)-len(SUBSTITUTE($F82,"D","")))+(len($F82)-len(SUBSTITUTE($F82,"F","")))+(len($F82)-len(SUBSTITUTE($F82,"B",""))) -> 9 | H82: =(len($F82)-len(SUBSTITUTE($F82,"R","")))+(len($F82)-len(SUBSTITUTE($F82,"L","")))+(len($F82)-len(SUBSTITUTE($F82,"U","")))+(len($F82)-len(SUBSTITUTE($F82,"D","")))+(len($F82)-len(SUBSTITUTE($F82,"F","")))+(len($F82)-len(SUBSTITUTE($F82,"B","")))+(len($F82)-len(SUBSTITUTE($F82,"2",""))) -> 10
A83: 1 | B83: LFD | C83: UFR | D83: =VLOOKUP($B83,Letters!$C$4:$D$27,2,FALSE) & VLOOKUP($C83,Letters!$C$4:$D$27,2,FALSE) -> GC | E83: [R' D R, U2] | F83: R' D R U2 R' D' R U2 | G83: =(len($F83)-len(SUBSTITUTE($F83,"R","")))+(len($F83)-len(SUBSTITUTE($F83,"L","")))+(len($F83)-len(SUBSTITUTE($F83,"U","")))+(len($F83)-len(SUBSTITUTE($F83,"D","")))+(len($F83)-len(SUBSTITUTE($F83,"F","")))+(len($F83)-len(SUBSTITUTE($F83,"B",""))) -> 8 | H83: =(len($F83)-len(SUBSTITUTE($F83,"R","")))+(len($F83)-len(SUBSTITUTE($F83,"L","")))+(len($F83)-len(SUBSTITUTE($F83,"U","")))+(len($F83)-len(SUBSTITUTE($F83,"D","")))+(len($F83)-len(SUBSTITUTE($F83,"F","")))+(len($F83)-len(SUBSTITUTE($F83,"B","")))+(len($F83)-len(SUBSTITUTE($F83,"2",""))) -> 10
A84: 1 | B84: LFD | C84: UFL | D84: =VLOOKUP($B84,Letters!$C$4:$D$27,2,FALSE) & VLOOKUP($C84,Letters!$C$4:$D$27,2,FALSE) -> GD | E84: [U': [R' D R, U']] | F84: U' R' D R U' R' D' R U2 | G84: =(len($F84)-len(SUBSTITUTE($F84,"R","")))+(len($F84)-len(SUBSTITUTE($F84,"L","")))+(len($F84)-len(SUBSTITUTE($F84,"U","")))+(len($F84)-len(SUBSTITUTE($F84,"D","")))+(len($F84)-len(SUBSTITUTE($F84,"F","")))+(len($F84)-len(SUBSTITUTE($F84,"B",""))) -> 9 | H84: =(len($F84)-len(SUBSTITUTE($F84,"R","")))+(len($F84)-len(SUBSTITUTE($F84,"L","")))+(len($F84)-len(SUBSTITUTE($F84,"U","")))+(len($F84)-len(SUBSTITUTE($F84,"D","")))+(len($F84)-len(SUBSTITUTE($F84,"F","")))+(len($F84)-len(SUBSTITUTE($F84,"B","")))+(len($F84)-len(SUBSTITUTE($F84,"2",""))) -> 10
A85: 1 | B85: LFD | C85: LFU | D85: =VLOOKUP($B85,Letters!$C$4:$D$27,2,FALSE) & VLOOKUP($C85,Letters!$C$4:$D$27,2,FALSE) -> GF | E85: [U' R U: [R' D R, U2]] | F85: U' R U R' D R U2 R' D' R U R' U | G85: =(len($F85)-len(SUBSTITUTE($F85,"R","")))+(len($F85)-len(SUBSTITUTE($F85,"L","")))+(len($F85)-len(SUBSTITUTE($F85,"U","")))+(len($F85)-len(SUBSTITUTE($F85,"D","")))+(len($F85)-len(SUBSTITUTE($F85,"F","")))+(len($F85)-len(SUBSTITUTE($F85,"B",""))) -> 13 | H85: =(len($F85)-len(SUBSTITUTE($F85,"R","")))+(len($F85)-len(SUBSTITUTE($F85,"L","")))+(len($F85)-len(SUBSTITUTE($F85,"U","")))+(len($F85)-len(SUBSTITUTE($F85,"D","")))+(len($F85)-len(SUBSTITUTE($F85,"F","")))+(len($F85)-len(SUBSTITUTE($F85,"B","")))+(len($F85)-len(SUBSTITUTE($F85,"2",""))) -> 14
A86: 1 | B86: LFD | C86: LBD | D86: =VLOOKUP($B86,Letters!$C$4:$D$27,2,FALSE) & VLOOKUP($C86,Letters!$C$4:$D$27,2,FALSE) -> GH | E86: [D': [U R' U', L]] | F86: D' U R' U' L U R U' L' D | G86: =(len($F86)-len(SUBSTITUTE($F86,"R","")))+(len($F86)-len(SUBSTITUTE($F86,"L","")))+(len($F86)-len(SUBSTITUTE($F86,"U","")))+(len($F86)-len(SUBSTITUTE($F86,"D","")))+(len($F86)-len(SUBSTITUTE($F86,"F","")))+(len($F86)-len(SUBSTITUTE($F86,"B",""))) -> 10 | H86: =(len($F86)-len(SUBSTITUTE($F86,"R","")))+(len($F86)-len(SUBSTITUTE($F86,"L","")))+(len($F86)-len(SUBSTITUTE($F86,"U","")))+(len($F86)-len(SUBSTITUTE($F86,"D","")))+(len($F86)-len(SUBSTITUTE($F86,"F","")))+(len($F86)-len(SUBSTITUTE($F86,"B","")))+(len($F86)-len(SUBSTITUTE($F86,"2",""))) -> 10
A87: 1 | B87: LFD | C87: FLU | D87: =VLOOKUP($B87,Letters!$C$4:$D$27,2,FALSE) & VLOOKUP($C87,Letters!$C$4:$D$27,2,FALSE) -> GI | E87: [U2 R' U: [R U' R', D]] | F87: U2 R' U R U' R' D R U R' D' U' R U2 | G87: =(len($F87)-len(SUBSTITUTE($F87,"R","")))+(len($F87)-len(SUBSTITUTE($F87,"L","")))+(len($F87)-len(SUBSTITUTE($F87,"U","")))+(len($F87)-len(SUBSTITUTE($F87,"D","")))+(len($F87)-len(SUBSTITUTE($F87,"F","")))+(len($F87)-len(SUBSTITUTE($F87,"B",""))) -> 14 | H87: =(len($F87)-len(SUBSTITUTE($F87,"R","")))+(len($F87)-len(SUBSTITUTE($F87,"L","")))+(len($F87)-len(SUBSTITUTE($F87,"U","")))+(len($F87)-len(SUBSTITUTE($F87,"D","")))+(len($F87)-len(SUBSTITUTE($F87,"F","")))+(len($F87)-len(SUBSTITUTE($F87,"B","")))+(len($F87)-len(SUBSTITUTE($F87,"2",""))) -> 16
A88: 1 | B88: LFD | C88: FRU | D88: =VLOOKUP($B88,Letters!$C$4:$D$27,2,FALSE) & VLOOKUP($C88,Letters!$C$4:$D$27,2,FALSE) -> GR | E88: [R U: [R' D R, U]] | F88: R U R' D R U R' D' R U2 R' | G88: =(len($F88)-len(SUBSTITUTE($F88,"R","")))+(len($F88)-len(SUBSTITUTE($F88,"L","")))+(len($F88)-len(SUBSTITUTE($F88,"U","")))+(len($F88)-len(SUBSTITUTE($F88,"D","")))+(len($F88)-len(SUBSTITUTE($F88,"F","")))+(len($F88)-len(SUBSTITUTE($F88,"B",""))) -> 11 | H88: =(len($F88)-len(SUBSTITUTE($F88,"R","")))+(len($F88)-len(SUBSTITUTE($F88,"L","")))+(len($F88)-len(SUBSTITUTE($F88,"U","")))+(len($F88)-len(SUBSTITUTE($F88,"D","")))+(len($F88)-len(SUBSTITUTE($F88,"F","")))+(len($F88)-len(SUBSTITUTE($F88,"B","")))+(len($F88)-len(SUBSTITUTE($F88,"2",""))) -> 12
A89: 1 | B89: LFD | C89: FRD | D89: =VLOOKUP($B89,Letters!$C$4:$D$27,2,FALSE) & VLOOKUP($C89,Letters!$C$4:$D$27,2,FALSE) -> GK | E89: [D, R U2 R'] | F89: D R U2 R' D' R U2 R' | G89: =(len($F89)-len(SUBSTITUTE($F89,"R","")))+(len($F89)-len(SUBSTITUTE($F89,"L","")))+(len($F89)-len(SUBSTITUTE($F89,"U","")))+(len($F89)-len(SUBSTITUTE($F89,"D","")))+(len($F89)-len(SUBSTITUTE($F89,"F","")))+(len($F89)-len(SUBSTITUTE($F89,"B",""))) -> 8 | H89: =(len($F89)-len(SUBSTITUTE($F89,"R","")))+(len($F89)-len(SUBSTITUTE($F89,"L","")))+(len($F89)-len(SUBSTITUTE($F89,"U","")))+(len($F89)-len(SUBSTITUTE($F89,"D","")))+(len($F89)-len(SUBSTITUTE($F89,"F","")))+(len($F89)-len(SUBSTITUTE($F89,"B","")))+(len($F89)-len(SUBSTITUTE($F89,"2",""))) -> 10
A90: 1 | B90: LFD | C90: RFU | D90: =VLOOKUP($B90,Letters!$C$4:$D$27,2,FALSE) & VLOOKUP($C90,Letters!$C$4:$D$27,2,FALSE) -> GM | E90: [U' R': [R' D R, U']] | F90: U' R2' D R U' R' D' R U R U | G90: =(len($F90)-len(SUBSTITUTE($F90,"R","")))+(len($F90)-len(SUBSTITUTE($F90,"L","")))+(len($F90)-len(SUBSTITUTE($F90,"U","")))+(len($F90)-len(SUBSTITUTE($F90,"D","")))+(len($F90)-len(SUBSTITUTE($F90,"F","")))+(len($F90)-len(SUBSTITUTE($F90,"B",""))) -> 11 | H90: =(len($F90)-len(SUBSTITUTE($F90,"R","")))+(len($F90)-len(SUBSTITUTE($F90,"L","")))+(len($F90)-len(SUBSTITUTE($F90,"U","")))+(len($F90)-len(SUBSTITUTE($F90,"D","")))+(len($F90)-len(SUBSTITUTE($F90,"F","")))+(len($F90)-len(SUBSTITUTE($F90,"B","")))+(len($F90)-len(SUBSTITUTE($F90,"2",""))) -> 12
A91: 1 | B91: LFD | C91: RBU | D91: =VLOOKUP($B91,Letters!$C$4:$D$27,2,FALSE) & VLOOKUP($C91,Letters!$C$4:$D$27,2,FALSE) -> GN | E91: [R U: [D2, R' U' R]] | F91: R U D2 R' U' R D2 R' U R U' R' | G91: =(len($F91)-len(SUBSTITUTE($F91,"R","")))+(len($F91)-len(SUBSTITUTE($F91,"L","")))+(len($F91)-len(SUBSTITUTE($F91,"U","")))+(len($F91)-len(SUBSTITUTE($F91,"D","")))+(len($F91)-len(SUBSTITUTE($F91,"F","")))+(len($F91)-len(SUBSTITUTE($F91,"B",""))) -> 12 | H91: =(len($F91)-len(SUBSTITUTE($F91,"R","")))+(len($F91)-len(SUBSTITUTE($F91,"L","")))+(len($F91)-len(SUBSTITUTE($F91,"U","")))+(len($F91)-len(SUBSTITUTE($F91,"D","")))+(len($F91)-len(SUBSTITUTE($F91,"F","")))+(len($F91)-len(SUBSTITUTE($F91,"B","")))+(len($F91)-len(SUBSTITUTE($F91,"2",""))) -> 14
A92: 1 | B92: LFD | C92: RBD | D92: =VLOOKUP($B92,Letters!$C$4:$D$27,2,FALSE) & VLOOKUP($C92,Letters!$C$4:$D$27,2,FALSE) -> GO | E92: [D': [D2, R U2 R']] | F92: D R U2 R' D2 R U2 R' D | G92: =(len($F92)-len(SUBSTITUTE($F92,"R","")))+(len($F92)-len(SUBSTITUTE($F92,"L","")))+(len($F92)-len(SUBSTITUTE($F92,"U","")))+(len($F92)-len(SUBSTITUTE($F92,"D","")))+(len($F92)-len(SUBSTITUTE($F92,"F","")))+(len($F92)-len(SUBSTITUTE($F92,"B",""))) -> 9 | H92: =(len($F92)-len(SUBSTITUTE($F92,"R","")))+(len($F92)-len(SUBSTITUTE($F92,"L","")))+(len($F92)-len(SUBSTITUTE($F92,"U","")))+(len($F92)-len(SUBSTITUTE($F92,"D","")))+(len($F92)-len(SUBSTITUTE($F92,"F","")))+(len($F92)-len(SUBSTITUTE($F92,"B","")))+(len($F92)-len(SUBSTITUTE($F92,"2",""))) -> 12
A93: 1 | B93: LFD | C93: RFD | D93: =VLOOKUP($B93,Letters!$C$4:$D$27,2,FALSE) & VLOOKUP($C93,Letters!$C$4:$D$27,2,FALSE) -> GP | E93: [R U' R': [R' D R, U']] | F93: R U' R2' D R U' R' D' R U R U R' | G93: =(len($F93)-len(SUBSTITUTE($F93,"R","")))+(len($F93)-len(SUBSTITUTE($F93,"L","")))+(len($F93)-len(SUBSTITUTE($F93,"U","")))+(len($F93)-len(SUBSTITUTE($F93,"D","")))+(len($F93)-len(SUBSTITUTE($F93,"F","")))+(len($F93)-len(SUBSTITUTE($F93,"B",""))) -> 13 | H93: =(len($F93)-len(SUBSTITUTE($F93,"R","")))+(len($F93)-len(SUBSTITUTE($F93,"L","")))+(len($F93)-len(SUBSTITUTE($F93,"U","")))+(len($F93)-len(SUBSTITUTE($F93,"D","")))+(len($F93)-len(SUBSTITUTE($F93,"F","")))+(len($F93)-len(SUBSTITUTE($F93,"B","")))+(len($F93)-len(SUBSTITUTE($F93,"2",""))) -> 14
... A98: 1 | B98: LFD | C98: DBR | D98: =VLOOKUP($B98,Letters!$C$4:$D$27,2,FALSE) & VLOOKUP($C98,Letters!$C$4:$D$27,2,FALSE) -> GW | E98: [R U': [D, R U' R']] | F98: R U' D R U' R' D' R U R' U R' | G98: =(len($F98)-len(SUBSTITUTE($F98,"R","")))+(len($F98)-len(SUBSTITUTE($F98,"L","")))+(len($F98)-len(SUBSTITUTE($F98,"U","")))+(len($F98)-len(SUBSTITUTE($F98,"D","")))+(len($F98)-len(SUBSTITUTE($F98,"F","")))+(len($F98)-len(SUBSTITUTE($F98,"B",""))) -> 12 | H98: =(len($F98)-len(SUBSTITUTE($F98,"R","")))+(len($F98)-len(SUBSTITUTE($F98,"L","")))+(len($F98)-len(SUBSTITUTE($F98,"U","")))+(len($F98)-len(SUBSTITUTE($F98,"D","")))+(len($F98)-len(SUBSTITUTE($F98,"F","")))+(len($F98)-len(SUBSTITUTE($F98,"B","")))+(len($F98)-len(SUBSTITUTE($F98,"2",""))) -> 12
A99: 1 | B99: LFD | C99: DBL | D99: =VLOOKUP($B99,Letters!$C$4:$D$27,2,FALSE) & VLOOKUP($C99,Letters!$C$4:$D$27,2,FALSE) -> GE | E99: [D' R U D': [R' U' R, D2]] | F99: D' R U D' R' U' R D2 R' U R D' U' R' D | G99: =(len($F99)-len(SUBSTITUTE($F99,"R","")))+(len($F99)-len(SUBSTITUTE($F99,"L","")))+(len($F99)-len(SUBSTITUTE($F99,"U","")))+(len($F99)-len(SUBSTITUTE($F99,"D","")))+(len($F99)-len(SUBSTITUTE($F99,"F","")))+(len($F99)-len(SUBSTITUTE($F99,"B",""))) -> 15 | H99: =(len($F99)-len(SUBSTITUTE($F99,"R","")))+(len($F99)-len(SUBSTITUTE($F99,"L","")))+(len($F99)-len(SUBSTITUTE($F99,"U","")))+(len($F99)-len(SUBSTITUTE($F99,"D","")))+(len($F99)-len(SUBSTITUTE($F99,"F","")))+(len($F99)-len(SUBSTITUTE($F99,"B","")))+(len($F99)-len(SUBSTITUTE($F99,"2",""))) -> 16 | I99: =AVERAGE($H82:$H99) -> 12.444444
A101: 1 | B101: LBD | C101: UBR | D101: =VLOOKUP($B101,Letters!$C$4:$D$27,2,FALSE) & VLOOKUP($C101,Letters!$C$4:$D$27,2,FALSE) -> HB | E101: [R D' R', U] | F101: R D' R' U R D R' U' | G101: =(len($F101)-len(SUBSTITUTE($F101,"R","")))+(len($F101)-len(SUBSTITUTE($F101,"L","")))+(len($F101)-len(SUBSTITUTE($F101,"U","")))+(len($F101)-len(SUBSTITUTE($F101,"D","")))+(len($F101)-len(SUBSTITUTE($F101,"F","")))+(len($F101)-len(SUBSTITUTE($F101,"B",""))) -> 8 | H101: =(len($F101)-len(SUBSTITUTE($F101,"R","")))+(len($F101)-len(SUBSTITUTE($F101,"L","")))+(len($F101)-len(SUBSTITUTE($F101,"U","")))+(len($F101)-len(SUBSTITUTE($F101,"D","")))+(len($F101)-len(SUBSTITUTE($F101,"F","")))+(len($F101)-len(SUBSTITUTE($F101,"B","")))+(len($F101)-len(SUBSTITUTE($F101,"2",""))) -> 8
B102: LBD | C102: UFR | D102: =VLOOKUP($B102,Letters!$C$4:$D$27,2,FALSE) & VLOOKUP($C102,Letters!$C$4:$D$27,2,FALSE) -> HC | E102: [U': [R D' R', U2]] | F102: U' R D' R' U2 R D R' U' | G102: =(len($F102)-len(SUBSTITUTE($F102,"R","")))+(len($F102)-len(SUBSTITUTE($F102,"L","")))+(len($F102)-len(SUBSTITUTE($F102,"U","")))+(len($F102)-len(SUBSTITUTE($F102,"D","")))+(len($F102)-len(SUBSTITUTE($F102,"F","")))+(len($F102)-len(SUBSTITUTE($F102,"B",""))) -> 9 | H102: =(len($F102)-len(SUBSTITUTE($F102,"R","")))+(len($F102)-len(SUBSTITUTE($F102,"L","")))+(len($F102)-len(SUBSTITUTE($F102,"U","")))+(len($F102)-len(SUBSTITUTE($F102,"D","")))+(len($F102)-len(SUBSTITUTE($F102,"F","")))+(len($F102)-len(SUBSTITUTE($F102,"B","")))+(len($F102)-len(SUBSTITUTE($F102,"2",""))) -> 10
B103: LBD | C103: UFL | D103: =VLOOKUP($B103,Letters!$C$4:$D$27,2,FALSE) & VLOOKUP($C103,Letters!$C$4:$D$27,2,FALSE) -> HD | E103: [U: [U, R D' R']] | F103: U2 R D' R' U' R D R' U' | G103: =(len($F103)-len(SUBSTITUTE($F103,"R","")))+(len($F103)-len(SUBSTITUTE($F103,"L","")))+(len($F103)-len(SUBSTITUTE($F103,"U","")))+(len($F103)-len(SUBSTITUTE($F103,"D","")))+(len($F103)-len(SUBSTITUTE($F103,"F","")))+(len($F103)-len(SUBSTITUTE($F103,"B",""))) -> 9 | H103: =(len($F103)-len(SUBSTITUTE($F103,"R","")))+(len($F103)-len(SUBSTITUTE($F103,"L","")))+(len($F103)-len(SUBSTITUTE($F103,"U","")))+(len($F103)-len(SUBSTITUTE($F103,"D","")))+(len($F103)-len(SUBSTITUTE($F103,"F","")))+(len($F103)-len(SUBSTITUTE($F103,"B","")))+(len($F103)-len(SUBSTITUTE($F103,"2",""))) -> 10
B104: LBD | C104: LFU | D104: =VLOOKUP($B104,Letters!$C$4:$D$27,2,FALSE) & VLOOKUP($C104,Letters!$C$4:$D$27,2,FALSE) -> HF | E104: [U' R: [R D' R', U2]] | F104: U' R2 D' R' U2 R D R' U2 R' U | G104: =(len($F104)-len(SUBSTITUTE($F104,"R","")))+(len($F104)-len(SUBSTITUTE($F104,"L","")))+(len($F104)-len(SUBSTITUTE($F104,"U","")))+(len($F104)-len(SUBSTITUTE($F104,"D","")))+(len($F104)-len(SUBSTITUTE($F104,"F","")))+(len($F104)-len(SUBSTITUTE($F104,"B",""))) -> 11 | H104: =(len($F104)-len(SUBSTITUTE($F104,"R","")))+(len($F104)-len(SUBSTITUTE($F104,"L","")))+(len($F104)-len(SUBSTITUTE($F104,"U","")))+(len($F104)-len(SUBSTITUTE($F104,"D","")))+(len($F104)-len(SUBSTITUTE($F104,"F","")))+(len($F104)-len(SUBSTITUTE($F104,"B","")))+(len($F104)-len(SUBSTITUTE($F104,"2",""))) -> 14
A105: 1 | B105: LBD | C105: LFD | D105: =VLOOKUP($B105,Letters!$C$4:$D$27,2,FALSE) & VLOOKUP($C105,Letters!$C$4:$D$27,2,FALSE) -> HG | E105: [D': [L, U R' U']] | F105: D' L U R' U' L' U R U' D | G105: =(len($F105)-len(SUBSTITUTE($F105,"R","")))+(len($F105)-len(SUBSTITUTE($F105,"L","")))+(len($F105)-len(SUBSTITUTE($F105,"U","")))+(len($F105)-len(SUBSTITUTE($F105,"D","")))+(len($F105)-len(SUBSTITUTE($F105,"F","")))+(len($F105)-len(SUBSTITUTE($F105,"B",""))) -> 10 | H105: =(len($F105)-len(SUBSTITUTE($F105,"R","")))+(len($F105)-len(SUBSTITUTE($F105,"L","")))+(len($F105)-len(SUBSTITUTE($F105,"U","")))+(len($F105)-len(SUBSTITUTE($F105,"D","")))+(len($F105)-len(SUBSTITUTE($F105,"F","")))+(len($F105)-len(SUBSTITUTE($F105,"B","")))+(len($F105)-len(SUBSTITUTE($F105,"2",""))) -> 10
B106: LBD | C106: FLU | D106: =VLOOKUP($B106,Letters!$C$4:$D$27,2,FALSE) & VLOOKUP($C106,Letters!$C$4:$D$27,2,FALSE) -> HI | E106: [U R U: [R' U' R, D']] | F106: U R U R' U' R D' R' U R D U' R' U' | G106: =(len($F106)-len(SUBSTITUTE($F106,"R","")))+(len($F106)-len(SUBSTITUTE($F106,"L","")))+(len($F106)-len(SUBSTITUTE($F106,"U","")))+(len($F106)-len(SUBSTITUTE($F106,"D","")))+(len($F106)-len(SUBSTITUTE($F106,"F","")))+(len($F106)-len(SUBSTITUTE($F106,"B",""))) -> 14 | H106: =(len($F106)-len(SUBSTITUTE($F106,"R","")))+(len($F106)-len(SUBSTITUTE($F106,"L","")))+(len($F106)-len(SUBSTITUTE($F106,"U","")))+(len($F106)-len(SUBSTITUTE($F106,"D","")))+(len($F106)-len(SUBSTITUTE($F106,"F","")))+(len($F106)-len(SUBSTITUTE($F106,"B","")))+(len($F106)-len(SUBSTITUTE($F106,"2",""))) -> 14
B107: LBD | C107: FRU | D107: =VLOOKUP($B107,Letters!$C$4:$D$27,2,FALSE) & VLOOKUP($C107,Letters!$C$4:$D$27,2,FALSE) -> HR | E107: [R: [R D' R', U]] | F107: R2 D' R' U R D R' U' R' | G107: =(len($F107)-len(SUBSTITUTE($F107,"R","")))+(len($F107)-len(SUBSTITUTE($F107,"L","")))+(len($F107)-len(SUBSTITUTE($F107,"U","")))+(len($F107)-len(SUBSTITUTE($F107,"D","")))+(len($F107)-len(SUBSTITUTE($F107,"F","")))+(len($F107)-len(SUBSTITUTE($F107,"B",""))) -> 9 | H107: =(len($F107)-len(SUBSTITUTE($F107,"R","")))+(len($F107)-len(SUBSTITUTE($F107,"L","")))+(len($F107)-len(SUBSTITUTE($F107,"U","")))+(len($F107)-len(SUBSTITUTE($F107,"D","")))+(len($F107)-len(SUBSTITUTE($F107,"F","")))+(len($F107)-len(SUBSTITUTE($F107,"B","")))+(len($F107)-len(SUBSTITUTE($F107,"2",""))) -> 10
B108: LBD | C108: FRD | D108: =VLOOKUP($B108,Letters!$C$4:$D$27,2,FALSE) & VLOOKUP($C108,Letters!$C$4:$D$27,2,FALSE) -> HK | E108: [R U': [R D' R', U2]] | F108: R U' R D' R' U2 R D R' U' R' | G108: =(len($F108)-len(SUBSTITUTE($F108,"R","")))+(len($F108)-len(SUBSTITUTE($F108,"L","")))+(len($F108)-len(SUBSTITUTE($F108,"U","")))+(len($F108)-len(SUBSTITUTE($F108,"D","")))+(len($F108)-len(SUBSTITUTE($F108,"F","")))+(len($F108)-len(SUBSTITUTE($F108,"B",""))) -> 11 | H108: =(len($F108)-len(SUBSTITUTE($F108,"R","")))+(len($F108)-len(SUBSTITUTE($F108,"L","")))+(len($F108)-len(SUBSTITUTE($F108,"U","")))+(len($F108)-len(SUBSTITUTE($F108,"D","")))+(len($F108)-len(SUBSTITUTE($F108,"F","")))+(len($F108)-len(SUBSTITUTE($F108,"B","")))+(len($F108)-len(SUBSTITUTE($F108,"2",""))) -> 12
A109: 1 | B109: LBD | C109: FLD | D109: =VLOOKUP($B109,Letters!$C$4:$D$27,2,FALSE) & VLOOKUP($C109,Letters!$C$4:$D$27,2,FALSE) -> HL | E109: [D': [R' U R, D']] | F109: D' R' U R D' R' U' R D2 | G109: =(len($F109)-len(SUBSTITUTE($F109,"R","")))+(len($F109)-len(SUBSTITUTE($F109,"L","")))+(len($F109)-len(SUBSTITUTE($F109,"U","")))+(len($F109)-len(SUBSTITUTE($F109,"D","")))+(len($F109)-len(SUBSTITUTE($F109,"F","")))+(len($F109)-len(SUBSTITUTE($F109,"B",""))) -> 9 | H109: =(len($F109)-len(SUBSTITUTE($F109,"R","")))+(len($F109)-len(SUBSTITUTE($F109,"L","")))+(len($F109)-len(SUBSTITUTE($F109,"U","")))+(len($F109)-len(SUBSTITUTE($F109,"D","")))+(len($F109)-len(SUBSTITUTE($F109,"F","")))+(len($F109)-len(SUBSTITUTE($F109,"B","")))+(len($F109)-len(SUBSTITUTE($F109,"2",""))) -> 10
B110: LBD | C110: RFU | D110: =VLOOKUP($B110,Letters!$C$4:$D$27,2,FALSE) & VLOOKUP($C110,Letters!$C$4:$D$27,2,FALSE) -> HM | E110: [R' D': [R' U R, D2]] | F110: R' D' R' U R D2 R' U' R D' R | G110: =(len($F110)-len(SUBSTITUTE($F110,"R","")))+(len($F110)-len(SUBSTITUTE($F110,"L","")))+(len($F110)-len(SUBSTITUTE($F110,"U","")))+(len($F110)-len(SUBSTITUTE($F110,"D","")))+(len($F110)-len(SUBSTITUTE($F110,"F","")))+(len($F110)-len(SUBSTITUTE($F110,"B",""))) -> 11 | H110: =(len($F110)-len(SUBSTITUTE($F110,"R","")))+(len($F110)-len(SUBSTITUTE($F110,"L","")))+(len($F110)-len(SUBSTITUTE($F110,"U","")))+(len($F110)-len(SUBSTITUTE($F110,"D","")))+(len($F110)-len(SUBSTITUTE($F110,"F","")))+(len($F110)-len(SUBSTITUTE($F110,"B","")))+(len($F110)-len(SUBSTITUTE($F110,"2",""))) -> 12
A111: 1 | B111: LBD | C111: RBU | D111: =VLOOKUP($B111,Letters!$C$4:$D$27,2,FALSE) & VLOOKUP($C111,Letters!$C$4:$D$27,2,FALSE) -> HN | E111: [R2 D: [D2, R' U R]] | F111: R2 D' R' U R D2 R' U' R D' R2' | G111: =(len($F111)-len(SUBSTITUTE($F111,"R","")))+(len($F111)-len(SUBSTITUTE($F111,"L","")))+(len($F111)-len(SUBSTITUTE($F111,"U","")))+(len($F111)-len(SUBSTITUTE($F111,"D","")))+(len($F111)-len(SUBSTITUTE($F111,"F","")))+(len($F111)-len(SUBSTITUTE($F111,"B",""))) -> 11 | H111: =(len($F111)-len(SUBSTITUTE($F111,"R","")))+(len($F111)-len(SUBSTITUTE($F111,"L","")))+(len($F111)-len(SUBSTITUTE($F111,"U","")))+(len($F111)-len(SUBSTITUTE($F111,"D","")))+(len($F111)-len(SUBSTITUTE($F111,"F","")))+(len($F111)-len(SUBSTITUTE($F111,"B","")))+(len($F111)-len(SUBSTITUTE($F111,"2",""))) -> 14
B112: LBD | C112: RBD | D112: =VLOOKUP($B112,Letters!$C$4:$D$27,2,FALSE) & VLOOKUP($C112,Letters!$C$4:$D$27,2,FALSE) -> HO | E112: [R D': [R' U R, D2]] | F112: R D' R' U R D2 R' U' R D' R' | G112: =(len($F112)-len(SUBSTITUTE($F112,"R","")))+(len($F112)-len(SUBSTITUTE($F112,"L","")))+(len($F112)-len(SUBSTITUTE($F112,"U","")))+(len($F112)-len(SUBSTITUTE($F112,"D","")))+(len($F112)-len(SUBSTITUTE($F112,"F","")))+(len($F112)-len(SUBSTITUTE($F112,"B",""))) -> 11 | H112: =(len($F112)-len(SUBSTITUTE($F112,"R","")))+(len($F112)-len(SUBSTITUTE($F112,"L","")))+(len($F112)-len(SUBSTITUTE($F112,"U","")))+(len($F112)-len(SUBSTITUTE($F112,"D","")))+(len($F112)-len(SUBSTITUTE($F112,"F","")))+(len($F112)-len(SUBSTITUTE($F112,"B","")))+(len($F112)-len(SUBSTITUTE($F112,"2",""))) -> 12
B113: LBD | C113: RFD | D113: =VLOOKUP($B113,Letters!$C$4:$D$27,2,FALSE) & VLOOKUP($C113,Letters!$C$4:$D$27,2,FALSE) -> HP | E113: [D': [R' U R, D2]] | F113: D' R' U R D2 R' U' R D' | G113: =(len($F113)-len(SUBSTITUTE($F113,"R","")))+(len($F113)-len(SUBSTITUTE($F113,"L","")))+(len($F113)-len(SUBSTITUTE($F113,"U","")))+(len($F113)-len(SUBSTITUTE($F113,"D","")))+(len($F113)-len(SUBSTITUTE($F113,"F","")))+(len($F113)-len(SUBSTITUTE($F113,"B",""))) -> 9 | H113: =(len($F113)-len(SUBSTITUTE($F113,"R","")))+(len($F113)-len(SUBSTITUTE($F113,"L","")))+(len($F113)-len(SUBSTITUTE($F113,"U","")))+(len($F113)-len(SUBSTITUTE($F113,"D","")))+(len($F113)-len(SUBSTITUTE($F113,"F","")))+(len($F113)-len(SUBSTITUTE($F113,"B","")))+(len($F113)-len(SUBSTITUTE($F113,"2",""))) -> 10
A114: 1 | B114: LBD | C114: BRU | D114: =VLOOKUP($B114,Letters!$C$4:$D$27,2,FALSE) & VLOOKUP($C114,Letters!$C$4:$D$27,2,FALSE) -> HA | E114: [R' U: [U2, R D' R']] | F114: R' U' R D' R' U2 R D R' U' R | G114: =(len($F114)-len(SUBSTITUTE($F114,"R","")))+(len($F114)-len(SUBSTITUTE($F114,"L","")))+(len($F114)-len(SUBSTITUTE($F114,"U","")))+(len($F114)-len(SUBSTITUTE($F114,"D","")))+(len($F114)-len(SUBSTITUTE($F114,"F","")))+(len($F114)-len(SUBSTITUTE($F114,"B",""))) -> 11 | H114: =(len($F114)-len(SUBSTITUTE($F114,"R","")))+(len($F114)-len(SUBSTITUTE($F114,"L","")))+(len($F114)-len(SUBSTITUTE($F114,"U","")))+(len($F114)-len(SUBSTITUTE($F114,"D","")))+(len($F114)-len(SUBSTITUTE($F114,"F","")))+(len($F114)-len(SUBSTITUTE($F114,"B","")))+(len($F114)-len(SUBSTITUTE($F114,"2",""))) -> 12
B115: LBD | C115: BRD | D115: =VLOOKUP($B115,Letters!$C$4:$D$27,2,FALSE) & VLOOKUP($C115,Letters!$C$4:$D$27,2,FALSE) -> HT | E115: [D', R' U R] | F115: D' R' U R D R' U' R | G115: =(len($F115)-len(SUBSTITUTE($F115,"R","")))+(len($F115)-len(SUBSTITUTE($F115,"L","")))+(len($F115)-len(SUBSTITUTE($F115,"U","")))+(len($F115)-len(SUBSTITUTE($F115,"D","")))+(len($F115)-len(SUBSTITUTE($F115,"F","")))+(len($F115)-len(SUBSTITUTE($F115,"B",""))) -> 8 | H115: =(len($F115)-len(SUBSTITUTE($F115,"R","")))+(len($F115)-len(SUBSTITUTE($F115,"L","")))+(len($F115)-len(SUBSTITUTE($F115,"U","")))+(len($F115)-len(SUBSTITUTE($F115,"D","")))+(len($F115)-len(SUBSTITUTE($F115,"F","")))+(len($F115)-len(SUBSTITUTE($F115,"B","")))+(len($F115)-len(SUBSTITUTE($F115,"2",""))) -> 8
...

Sheet E
B2: 3-Cycles
D3: =SUM(A6:A466)&"/"&COUNTA(D6:D466) -> 2/440
B4: Target 1 | C4: Target 2 | D4: Letter Pair | E4: Commutator | F4: Algorithm | G4: STM | H4: QTM
B6: UF | C6: UL | D6: =VLOOKUP($B6,Letters!$C$29:$D$52,2,FALSE) & VLOOKUP($C6,Letters!$C$29:$D$52,2,FALSE) -> AB | E6: [M U2 M, U'] | F6: M U2 M U' M' U2 M' U | G6: =(len($F6)-len(SUBSTITUTE($F6,"R","")))+(len($F6)-len(SUBSTITUTE($F6,"L","")))+(len($F6)-len(SUBSTITUTE($F6,"U","")))+(len($F6)-len(SUBSTITUTE($F6,"D","")))+(len($F6)-len(SUBSTITUTE($F6,"F","")))+(len($F6)-len(SUBSTITUTE($F6,"B","")))+(len($F6)-len(SUBSTITUTE($F6,"M","")))+(len($F6)-len(SUBSTITUTE($F6,"S","")))+(len($F6)-len(SUBSTITUTE($F6,"E",""))) -> 8 | H6: =(len($F6)-len(SUBSTITUTE($F6,"R","")))+(len($F6)-len(SUBSTITUTE($F6,"L","")))+(len($F6)-len(SUBSTITUTE($F6,"U","")))+(len($F6)-len(SUBSTITUTE($F6,"D","")))+(len($F6)-len(SUBSTITUTE($F6,"F","")))+(len($F6)-len(SUBSTITUTE($F6,"B","")))+(len($F6)-len(SUBSTITUTE($F6,"M","")))+(len($F6)-len(SUBSTITUTE($F6,"S","")))+(len($F6)-len(SUBSTITUTE($F6,"E","")))+(len($F6)-len(SUBSTITUTE($F6,"2",""))) -> 10
A7: 1 | B7: UF | C7: UB | D7: =VLOOKUP($B7,Letters!$C$29:$D$52,2,FALSE) & VLOOKUP($C7,Letters!$C$29:$D$52,2,FALSE) -> AC | E7: [U2, M'] | F7: U2 M' U2 M | G7: =(len($F7)-len(SUBSTITUTE($F7,"R","")))+(len($F7)-len(SUBSTITUTE($F7,"L","")))+(len($F7)-len(SUBSTITUTE($F7,"U","")))+(len($F7)-len(SUBSTITUTE($F7,"D","")))+(len($F7)-len(SUBSTITUTE($F7,"F","")))+(len($F7)-len(SUBSTITUTE($F7,"B","")))+(len($F7)-len(SUBSTITUTE($F7,"M","")))+(len($F7)-len(SUBSTITUTE($F7,"S","")))+(len($F7)-len(SUBSTITUTE($F7,"E",""))) -> 4 | H7: =(len($F7)-len(SUBSTITUTE($F7,"R","")))+(len($F7)-len(SUBSTITUTE($F7,"L","")))+(len($F7)-len(SUBSTITUTE($F7,"U","")))+(len($F7)-len(SUBSTITUTE($F7,"D","")))+(len($F7)-len(SUBSTITUTE($F7,"F","")))+(len($F7)-len(SUBSTITUTE($F7,"B","")))+(len($F7)-len(SUBSTITUTE($F7,"M","")))+(len($F7)-len(SUBSTITUTE($F7,"S","")))+(len($F7)-len(SUBSTITUTE($F7,"E","")))+(len($F7)-len(SUBSTITUTE($F7,"2",""))) -> 6
B8: UF | C8: UR | D8: =VLOOKUP($B8,Letters!$C$29:$D$52,2,FALSE) & VLOOKUP($C8,Letters!$C$29:$D$52,2,FALSE) -> AD | E8: [M U2 M, U] | F8: M U2 M U M' U2 M' U' | G8: =(len($F8)-len(SUBSTITUTE($F8,"R","")))+(len($F8)-len(SUBSTITUTE($F8,"L","")))+(len($F8)-len(SUBSTITUTE($F8,"U","")))+(len($F8)-len(SUBSTITUTE($F8,"D","")))+(len($F8)-len(SUBSTITUTE($F8,"F","")))+(len($F8)-len(SUBSTITUTE($F8,"B","")))+(len($F8)-len(SUBSTITUTE($F8,"M","")))+(len($F8)-len(SUBSTITUTE($F8,"S","")))+(len($F8)-len(SUBSTITUTE($F8,"E",""))) -> 8 | H8: =(len($F8)-len(SUBSTITUTE($F8,"R","")))+(len($F8)-len(SUBSTITUTE($F8,"L","")))+(len($F8)-len(SUBSTITUTE($F8,"U","")))+(len($F8)-len(SUBSTITUTE($F8,"D","")))+(len($F8)-len(SUBSTITUTE($F8,"F","")))+(len($F8)-len(SUBSTITUTE($F8,"B","")))+(len($F8)-len(SUBSTITUTE($F8,"M","")))+(len($F8)-len(SUBSTITUTE($F8,"S","")))+(len($F8)-len(SUBSTITUTE($F8,"E","")))+(len($F8)-len(SUBSTITUTE($F8,"2",""))) -> 10
B9: UF | C9: LD | D9: =VLOOKUP($B9,Letters!$C$29:$D$52,2,FALSE) & VLOOKUP($C9,Letters!$C$29:$D$52,2,FALSE) -> AE | E9: [U: [S', Rw' D Rw]] | F9: U S' Rw' D Rw S Rw' D' Rw U' | G9: =(len($F9)-len(SUBSTITUTE($F9,"R","")))+(len($F9)-len(SUBSTITUTE($F9,"L","")))+(len($F9)-len(SUBSTITUTE($F9,"U","")))+(len($F9)-len(SUBSTITUTE($F9,"D","")))+(len($F9)-len(SUBSTITUTE($F9,"F","")))+(len($F9)-len(SUBSTITUTE($F9,"B","")))+(len($F9)-len(SUBSTITUTE($F9,"M","")))+(len($F9)-len(SUBSTITUTE($F9,"S","")))+(len($F9)-len(SUBSTITUTE($F9,"E",""))) -> 10 | H9: =(len($F9)-len(SUBSTITUTE($F9,"R","")))+(len($F9)-len(SUBSTITUTE($F9,"L","")))+(len($F9)-len(SUBSTITUTE($F9,"U","")))+(len($F9)-len(SUBSTITUTE($F9,"D","")))+(len($F9)-len(SUBSTITUTE($F9,"F","")))+(len($F9)-len(SUBSTITUTE($F9,"B","")))+(len($F9)-len(SUBSTITUTE($F9,"M","")))+(len($F9)-len(SUBSTITUTE($F9,"S","")))+(len($F9)-len(SUBSTITUTE($F9,"E","")))+(len($F9)-len(SUBSTITUTE($F9,"2",""))) -> 10
B10: UF | C10: LB | D10: =VLOOKUP($B10,Letters!$C$29:$D$52,2,FALSE) & VLOOKUP($C10,Letters!$C$29:$D$52,2,FALSE) -> AF | E10: [F': [L2, E'] | F10: F' Rw2 E Rw2 E F | G10: =(len($F10)-len(SUBSTITUTE($F10,"R","")))+(len($F10)-len(SUBSTITUTE($F10,"L","")))+(len($F10)-len(SUBSTITUTE($F10,"U","")))+(len($F10)-len(SUBSTITUTE($F10,"D","")))+(len($F10)-len(SUBSTITUTE($F10,"F","")))+(len($F10)-len(SUBSTITUTE($F10,"B","")))+(len($F10)-len(SUBSTITUTE($F10,"M","")))+(len($F10)-len(SUBSTITUTE($F10,"S","")))+(len($F10)-len(SUBSTITUTE($F10,"E",""))) -> 6 | H10: =(len($F10)-len(SUBSTITUTE($F10,"R","")))+(len($F10)-len(SUBSTITUTE($F10,"L","")))+(len($F10)-len(SUBSTITUTE($F10,"U","")))+(len($F10)-len(SUBSTITUTE($F10,"D","")))+(len($F10)-len(SUBSTITUTE($F10,"F","")))+(len($F10)-len(SUBSTITUTE($F10,"B","")))+(len($F10)-len(SUBSTITUTE($F10,"M","")))+(len($F10)-len(SUBSTITUTE($F10,"S","")))+(len($F10)-len(SUBSTITUTE($F10,"E","")))+(len($F10)-len(SUBSTITUTE($F10,"2",""))) -> 8
B11: UF | C11: LU | D11: =VLOOKUP($B11,Letters!$C$29:$D$52,2,FALSE) & VLOOKUP($C11,Letters!$C$29:$D$52,2,FALSE) -> AG | E11: [L' F': [L2, E']] | G11: =(len($F11)-len(SUBSTITUTE($F11,"R","")))+(len($F11)-len(SUBSTITUTE($F11,"L","")))+(len($F11)-len(SUBSTITUTE($F11,"U","")))+(len($F11)-len(SUBSTITUTE($F11,"D","")))+(len($F11)-len(SUBSTITUTE($F11,"F","")))+(len($F11)-len(SUBSTITUTE($F11,"B","")))+(len($F11)-len(SUBSTITUTE($F11,"M","")))+(len($F11)-len(SUBSTITUTE($F11,"S","")))+(len($F11)-len(SUBSTITUTE($F11,"E",""))) -> 0 | H11: =(len($F11)-len(SUBSTITUTE($F11,"R","")))+(len($F11)-len(SUBSTITUTE($F11,"L","")))+(len($F11)-len(SUBSTITUTE($F11,"U","")))+(len($F11)-len(SUBSTITUTE($F11,"D","")))+(len($F11)-len(SUBSTITUTE($F11,"F","")))+(len($F11)-len(SUBSTITUTE($F11,"B","")))+(len($F11)-len(SUBSTITUTE($F11,"M","")))+(len($F11)-len(SUBSTITUTE($F11,"S","")))+(len($F11)-len(SUBSTITUTE($F11,"E","")))+(len($F11)-len(SUBSTITUTE($F11,"2",""))) -> 0
B12: UF | C12: LF | D12: =VLOOKUP($B12,Letters!$C$29:$D$52,2,FALSE) & VLOOKUP($C12,Letters!$C$29:$D$52,2,FALSE) -> AH | E12: [L2 F: [E', L2]] | G12: =(len($F12)-len(SUBSTITUTE($F12,"R","")))+(len($F12)-len(SUBSTITUTE($F12,"L","")))+(len($F12)-len(SUBSTITUTE($F12,"U","")))+(len($F12)-len(SUBSTITUTE($F12,"D","")))+(len($F12)-len(SUBSTITUTE($F12,"F","")))+(len($F12)-len(SUBSTITUTE($F12,"B","")))+(len($F12)-len(SUBSTITUTE($F12,"M","")))+(len($F12)-len(SUBSTITUTE($F12,"S","")))+(len($F12)-len(SUBSTITUTE($F12,"E",""))) -> 0 | H12: =(len($F12)-len(SUBSTITUTE($F12,"R","")))+(len($F12)-len(SUBSTITUTE($F12,"L","")))+(len($F12)-len(SUBSTITUTE($F12,"U","")))+(len($F12)-len(SUBSTITUTE($F12,"D","")))+(len($F12)-len(SUBSTITUTE($F12,"F","")))+(len($F12)-len(SUBSTITUTE($F12,"B","")))+(len($F12)-len(SUBSTITUTE($F12,"M","")))+(len($F12)-len(SUBSTITUTE($F12,"S","")))+(len($F12)-len(SUBSTITUTE($F12,"E","")))+(len($F12)-len(SUBSTITUTE($F12,"2",""))) -> 0
B13: UF | C13: FL | D13: =VLOOKUP($B13,Letters!$C$29:$D$52,2,FALSE) & VLOOKUP($C13,Letters!$C$29:$D$52,2,FALSE) -> AJ | E13: [U' L' U': [M', U2]] | F13: U' L' U' M' U2 M U' L U | G13: =(len($F13)-len(SUBSTITUTE($F13,"R","")))+(len($F13)-len(SUBSTITUTE($F13,"L","")))+(len($F13)-len(SUBSTITUTE($F13,"U","")))+(len($F13)-len(SUBSTITUTE($F13,"D","")))+(len($F13)-len(SUBSTITUTE($F13,"F","")))+(len($F13)-len(SUBSTITUTE($F13,"B","")))+(len($F13)-len(SUBSTITUTE($F13,"M","")))+(len($F13)-len(SUBSTITUTE($F13,"S","")))+(len($F13)-len(SUBSTITUTE($F13,"E",""))) -> 9 | H13: =(len($F13)-len(SUBSTITUTE($F13,"R","")))+(len($F13)-len(SUBSTITUTE($F13,"L","")))+(len($F13)-len(SUBSTITUTE($F13,"U","")))+(len($F13)-len(SUBSTITUTE($F13,"D","")))+(len($F13)-len(SUBSTITUTE($F13,"F","")))+(len($F13)-len(SUBSTITUTE($F13,"B","")))+(len($F13)-len(SUBSTITUTE($F13,"M","")))+(len($F13)-len(SUBSTITUTE($F13,"S","")))+(len($F13)-len(SUBSTITUTE($F13,"E","")))+(len($F13)-len(SUBSTITUTE($F13,"2",""))) -> 10
B14: UF | C14: FR | D14: =VLOOKUP($B14,Letters!$C$29:$D$52,2,FALSE) & VLOOKUP($C14,Letters!$C$29:$D$52,2,FALSE) -> AL | E14: - | F14: R' f2 R2 U' R2' f2 R2 U' R' | G14: =(len($F14)-len(SUBSTITUTE($F14,"R","")))+(len($F14)-len(SUBSTITUTE($F14,"L","")))+(len($F14)-len(SUBSTITUTE($F14,"U","")))+(len($F14)-len(SUBSTITUTE($F14,"D","")))+(len($F14)-len(SUBSTITUTE($F14,"F","")))+(len($F14)-len(SUBSTITUTE($F14,"B","")))+(len($F14)-len(SUBSTITUTE($F14,"f","")))+(len($F14)-len(SUBSTITUTE($F14,"S","")))+(len($F14)-len(SUBSTITUTE($F14,"E",""))) -> 9 | H14: =(len($F14)-len(SUBSTITUTE($F14,"R","")))+(len($F14)-len(SUBSTITUTE($F14,"L","")))+(len($F14)-len(SUBSTITUTE($F14,"U","")))+(len($F14)-len(SUBSTITUTE($F14,"D","")))+(len($F14)-len(SUBSTITUTE($F14,"F","")))+(len($F14)-len(SUBSTITUTE($F14,"B","")))+(len($F14)-len(SUBSTITUTE($F14,"M","")))+(len($F14)-len(SUBSTITUTE($F14,"S","")))+(len($F14)-len(SUBSTITUTE($F14,"E","")))+(len($F14)-len(SUBSTITUTE($F14,"2",""))) -> 12
B15: UF | C15: RD | D15: =VLOOKUP($B15,Letters!$C$29:$D$52,2,FALSE) & VLOOKUP($C15,Letters!$C$29:$D$52,2,FALSE) -> AM | E15: [R' F: [R2, E]] | G15: =(len($F15)-len(SUBSTITUTE($F15,"R","")))+(len($F15)-len(SUBSTITUTE($F15,"L","")))+(len($F15)-len(SUBSTITUTE($F15,"U","")))+(len($F15)-len(SUBSTITUTE($F15,"D","")))+(len($F15)-len(SUBSTITUTE($F15,"F","")))+(len($F15)-len(SUBSTITUTE($F15,"B","")))+(len($F15)-len(SUBSTITUTE($F15,"M","")))+(len($F15)-len(SUBSTITUTE($F15,"S","")))+(len($F15)-len(SUBSTITUTE($F15,"E",""))) -> 0 | H15: =(len($F15)-len(SUBSTITUTE($F15,"R","")))+(len($F15)-len(SUBSTITUTE($F15,"L","")))+(len($F15)-len(SUBSTITUTE($F15,"U","")))+(len($F15)-len(SUBSTITUTE($F15,"D","")))+(len($F15)-len(SUBSTITUTE($F15,"F","")))+(len($F15)-len(SUBSTITUTE($F15,"B","")))+(len($F15)-len(SUBSTITUTE($F15,"M","")))+(len($F15)-len(SUBSTITUTE($F15,"S","")))+(len($F15)-len(SUBSTITUTE($F15,"E","")))+(len($F15)-len(SUBSTITUTE($F15,"2",""))) -> 0
B16: UF | C16: RF | D16: =VLOOKUP($B16,Letters!$C$29:$D$52,2,FALSE) & VLOOKUP($C16,Letters!$C$29:$D$52,2,FALSE) -> AN | E16: [R2 F: [R2, E]] | G16: =(len($F16)-len(SUBSTITUTE($F16,"R","")))+(len($F16)-len(SUBSTITUTE($F16,"L","")))+(len($F16)-len(SUBSTITUTE($F16,"U","")))+(len($F16)-len(SUBSTITUTE($F16,"D","")))+(len($F16)-len(SUBSTITUTE($F16,"F","")))+(len($F16)-len(SUBSTITUTE($F16,"B","")))+(len($F16)-len(SUBSTITUTE($F16,"M","")))+(len($F16)-len(SUBSTITUTE($F16,"S","")))+(len($F16)-len(SUBSTITUTE($F16,"E",""))) -> 0 | H16: =(len($F16)-len(SUBSTITUTE($F16,"R","")))+(len($F16)-len(SUBSTITUTE($F16,"L","")))+(len($F16)-len(SUBSTITUTE($F16,"U","")))+(len($F16)-len(SUBSTITUTE($F16,"D","")))+(len($F16)-len(SUBSTITUTE($F16,"F","")))+(len($F16)-len(SUBSTITUTE($F16,"B","")))+(len($F16)-len(SUBSTITUTE($F16,"M","")))+(len($F16)-len(SUBSTITUTE($F16,"S","")))+(len($F16)-len(SUBSTITUTE($F16,"E","")))+(len($F16)-len(SUBSTITUTE($F16,"2",""))) -> 0
B17: UF | C17: RU | D17: =VLOOKUP($B17,Letters!$C$29:$D$52,2,FALSE) & VLOOKUP($C17,Letters!$C$29:$D$52,2,FALSE) -> AO | E17: [D: [R' F R , S']] | F17: D R' F R S' R' F' R S D' | G17: =(len($F17)-len(SUBSTITUTE($F17,"R","")))+(len($F17)-len(SUBSTITUTE($F17,"L","")))+(len($F17)-len(SUBSTITUTE($F17,"U","")))+(len($F17)-len(SUBSTITUTE($F17,"D","")))+(len($F17)-len(SUBSTITUTE($F17,"F","")))+(len($F17)-len(SUBSTITUTE($F17,"B","")))+(len($F17)-len(SUBSTITUTE($F17,"M","")))+(len($F17)-len(SUBSTITUTE($F17,"S","")))+(len($F17)-len(SUBSTITUTE($F17,"E",""))) -> 10 | H17: =(len($F17)-len(SUBSTITUTE($F17,"R","")))+(len($F17)-len(SUBSTITUTE($F17,"L","")))+(len($F17)-len(SUBSTITUTE($F17,"U","")))+(len($F17)-len(SUBSTITUTE($F17,"D","")))+(len($F17)-len(SUBSTITUTE($F17,"F","")))+(len($F17)-len(SUBSTITUTE($F17,"B","")))+(len($F17)-len(SUBSTITUTE($F17,"M","")))+(len($F17)-len(SUBSTITUTE($F17,"S","")))+(len($F17)-len(SUBSTITUTE($F17,"E","")))+(len($F17)-len(SUBSTITUTE($F17,"2",""))) -> 10
B18: UF | C18: RB | D18: =VLOOKUP($B18,Letters!$C$29:$D$52,2,FALSE) & VLOOKUP($C18,Letters!$C$29:$D$52,2,FALSE) -> AP | E18: [F: [R2, E]] | G18: =(len($F18)-len(SUBSTITUTE($F18,"R","")))+(len($F18)-len(SUBSTITUTE($F18,"L","")))+(len($F18)-len(SUBSTITUTE($F18,"U","")))+(len($F18)-len(SUBSTITUTE($F18,"D","")))+(len($F18)-len(SUBSTITUTE($F18,"F","")))+(len($F18)-len(SUBSTITUTE($F18,"B","")))+(len($F18)-len(SUBSTITUTE($F18,"M","")))+(len($F18)-len(SUBSTITUTE($F18,"S","")))+(len($F18)-len(SUBSTITUTE($F18,"E",""))) -> 0 | H18: =(len($F18)-len(SUBSTITUTE($F18,"R","")))+(len($F18)-len(SUBSTITUTE($F18,"L","")))+(len($F18)-len(SUBSTITUTE($F18,"U","")))+(len($F18)-len(SUBSTITUTE($F18,"D","")))+(len($F18)-len(SUBSTITUTE($F18,"F","")))+(len($F18)-len(SUBSTITUTE($F18,"B","")))+(len($F18)-len(SUBSTITUTE($F18,"M","")))+(len($F18)-len(SUBSTITUTE($F18,"S","")))+(len($F18)-len(SUBSTITUTE($F18,"E","")))+(len($F18)-len(SUBSTITUTE($F18,"2",""))) -> 0
B19: UF | C19: BD | D19: =VLOOKUP($B19,Letters!$C$29:$D$52,2,FALSE) & VLOOKUP($C19,Letters!$C$29:$D$52,2,FALSE) -> AW | E19: [D': [R F R', S']] | F19: D' Lw D Lw' S' Lw D' Lw' S D | G19: =(len($F19)-len(SUBSTITUTE($F19,"R","")))+(len($F19)-len(SUBSTITUTE($F19,"L","")))+(len($F19)-len(SUBSTITUTE($F19,"U","")))+(len($F19)-len(SUBSTITUTE($F19,"D","")))+(len($F19)-len(SUBSTITUTE($F19,"F","")))+(len($F19)-len(SUBSTITUTE($F19,"B","")))+(len($F19)-len(SUBSTITUTE($F19,"M","")))+(len($F19)-len(SUBSTITUTE($F19,"S","")))+(len($F19)-len(SUBSTITUTE($F19,"E",""))) -> 10 | H19: =(len($F19)-len(SUBSTITUTE($F19,"R","")))+(len($F19)-len(SUBSTITUTE($F19,"L","")))+(len($F19)-len(SUBSTITUTE($F19,"U","")))+(len($F19)-len(SUBSTITUTE($F19,"D","")))+(len($F19)-len(SUBSTITUTE($F19,"F","")))+(len($F19)-len(SUBSTITUTE($F19,"B","")))+(len($F19)-len(SUBSTITUTE($F19,"M","")))+(len($F19)-len(SUBSTITUTE($F19,"S","")))+(len($F19)-len(SUBSTITUTE($F19,"E","")))+(len($F19)-len(SUBSTITUTE($F19,"2",""))) -> 10
B20: UF | C20: BR | D20: =VLOOKUP($B20,Letters!$C$29:$D$52,2,FALSE) & VLOOKUP($C20,Letters!$C$29:$D$52,2,FALSE) -> AR | E20: [U R' U: [M', U2]] | F20: U R' U M' U2 M U R U' | G20: =(len($F20)-len(SUBSTITUTE($F20,"R","")))+(len($F20)-len(SUBSTITUTE($F20,"L","")))+(len($F20)-len(SUBSTITUTE($F20,"U","")))+(len($F20)-len(SUBSTITUTE($F20,"D","")))+(len($F20)-len(SUBSTITUTE($F20,"F","")))+(len($F20)-len(SUBSTITUTE($F20,"B","")))+(len($F20)-len(SUBSTITUTE($F20,"M","")))+(len($F20)-len(SUBSTITUTE($F20,"S","")))+(len($F20)-len(SUBSTITUTE($F20,"E",""))) -> 9 | H20: =(len($F20)-len(SUBSTITUTE($F20,"R","")))+(len($F20)-len(SUBSTITUTE($F20,"L","")))+(len($F20)-len(SUBSTITUTE($F20,"U","")))+(len($F20)-len(SUBSTITUTE($F20,"D","")))+(len($F20)-len(SUBSTITUTE($F20,"F","")))+(len($F20)-len(SUBSTITUTE($F20,"B","")))+(len($F20)-len(SUBSTITUTE($F20,"M","")))+(len($F20)-len(SUBSTITUTE($F20,"S","")))+(len($F20)-len(SUBSTITUTE($F20,"E","")))+(len($F20)-len(SUBSTITUTE($F20,"2",""))) -> 10
B21: UF | C21: BU | D21: =VLOOKUP($B21,Letters!$C$29:$D$52,2,FALSE) & VLOOKUP($C21,Letters!$C$29:$D$52,2,FALSE) -> AS | E21: [U: [S, R' F' R]] | F21: U S R' F' R S' R' F R U' | G21: =(len($F21)-len(SUBSTITUTE($F21,"R","")))+(len($F21)-len(SUBSTITUTE($F21,"L","")))+(len($F21)-len(SUBSTITUTE($F21,"U","")))+(len($F21)-len(SUBSTITUTE($F21,"D","")))+(len($F21)-len(SUBSTITUTE($F21,"F","")))+(len($F21)-len(SUBSTITUTE($F21,"B","")))+(len($F21)-len(SUBSTITUTE($F21,"M","")))+(len($F21)-len(SUBSTITUTE($F21,"S","")))+(len($F21)-len(SUBSTITUTE($F21,"E",""))) -> 10 | H21: =(len($F21)-len(SUBSTITUTE($F21,"R","")))+(len($F21)-len(SUBSTITUTE($F21,"L","")))+(len($F21)-len(SUBSTITUTE($F21,"U","")))+(len($F21)-len(SUBSTITUTE($F21,"D","")))+(len($F21)-len(SUBSTITUTE($F21,"F","")))+(len($F21)-len(SUBSTITUTE($F21,"B","")))+(len($F21)-len(SUBSTITUTE($F21,"M","")))+(len($F21)-len(SUBSTITUTE($F21,"S","")))+(len($F21)-len(SUBSTITUTE($F21,"E","")))+(len($F21)-len(SUBSTITUTE($F21,"2",""))) -> 10
B22: UF | C22: BL | D22: =VLOOKUP($B22,Letters!$C$29:$D$52,2,FALSE) & VLOOKUP($C22,Letters!$C$29:$D$52,2,FALSE) -> AT | E22: [U' L U': [M', U2]] | F22: U' L U' M' U2 M U' L' U | G22: =(len($F22)-len(SUBSTITUTE($F22,"R","")))+(len($F22)-len(SUBSTITUTE($F22,"L","")))+(len($F22)-len(SUBSTITUTE($F22,"U","")))+(len($F22)-len(SUBSTITUTE($F22,"D","")))+(len($F22)-len(SUBSTITUTE($F22,"F","")))+(len($F22)-len(SUBSTITUTE($F22,"B","")))+(len($F22)-len(SUBSTITUTE($F22,"M","")))+(len($F22)-len(SUBSTITUTE($F22,"S","")))+(len($F22)-len(SUBSTITUTE($F22,"E",""))) -> 9 | H22: =(len($F22)-len(SUBSTITUTE($F22,"R","")))+(len($F22)-len(SUBSTITUTE($F22,"L","")))+(len($F22)-len(SUBSTITUTE($F22,"U","")))+(len($F22)-len(SUBSTITUTE($F22,"D","")))+(len($F22)-len(SUBSTITUTE($F22,"F","")))+(len($F22)-len(SUBSTITUTE($F22,"B","")))+(len($F22)-len(SUBSTITUTE($F22,"M","")))+(len($F22)-len(SUBSTITUTE($F22,"S","")))+(len($F22)-len(SUBSTITUTE($F22,"E","")))+(len($F22)-len(SUBSTITUTE($F22,"2",""))) -> 10
B23: UF | C23: DB | D23: =VLOOKUP($B23,Letters!$C$29:$D$52,2,FALSE) & VLOOKUP($C23,Letters!$C$29:$D$52,2,FALSE) -> AU | E23: [M2: [M, U2]] | F23: M' U2 M' U2 M2 | G23: =(len($F23)-len(SUBSTITUTE($F23,"R","")))+(len($F23)-len(SUBSTITUTE($F23,"L","")))+(len($F23)-len(SUBSTITUTE($F23,"U","")))+(len($F23)-len(SUBSTITUTE($F23,"D","")))+(len($F23)-len(SUBSTITUTE($F23,"F","")))+(len($F23)-len(SUBSTITUTE($F23,"B","")))+(len($F23)-len(SUBSTITUTE($F23,"M","")))+(len($F23)-len(SUBSTITUTE($F23,"S","")))+(len($F23)-len(SUBSTITUTE($F23,"E",""))) -> 5 | H23: =(len($F23)-len(SUBSTITUTE($F23,"R","")))+(len($F23)-len(SUBSTITUTE($F23,"L","")))+(len($F23)-len(SUBSTITUTE($F23,"U","")))+(len($F23)-len(SUBSTITUTE($F23,"D","")))+(len($F23)-len(SUBSTITUTE($F23,"F","")))+(len($F23)-len(SUBSTITUTE($F23,"B","")))+(len($F23)-len(SUBSTITUTE($F23,"M","")))+(len($F23)-len(SUBSTITUTE($F23,"S","")))+(len($F23)-len(SUBSTITUTE($F23,"E","")))+(len($F23)-len(SUBSTITUTE($F23,"2",""))) -> 8
B24: UF | C24: DL | D24: =VLOOKUP($B24,Letters!$C$29:$D$52,2,FALSE) & VLOOKUP($C24,Letters!$C$29:$D$52,2,FALSE) -> AV | E24: [R' F: [F2 , R' S' R]] | F24: R' F' R' S' R F2 R' S R F' R | G24: =(len($F24)-len(SUBSTITUTE($F24,"R","")))+(len($F24)-len(SUBSTITUTE($F24,"L","")))+(len($F24)-len(SUBSTITUTE($F24,"U","")))+(len($F24)-len(SUBSTITUTE($F24,"D","")))+(len($F24)-len(SUBSTITUTE($F24,"F","")))+(len($F24)-len(SUBSTITUTE($F24,"B","")))+(len($F24)-len(SUBSTITUTE($F24,"M","")))+(len($F24)-len(SUBSTITUTE($F24,"S","")))+(len($F24)-len(SUBSTITUTE($F24,"E",""))) -> 11 | H24: =(len($F24)-len(SUBSTITUTE($F24,"R","")))+(len($F24)-len(SUBSTITUTE($F24,"L","")))+(len($F24)-len(SUBSTITUTE($F24,"U","")))+(len($F24)-len(SUBSTITUTE($F24,"D","")))+(len($F24)-len(SUBSTITUTE($F24,"F","")))+(len($F24)-len(SUBSTITUTE($F24,"B","")))+(len($F24)-len(SUBSTITUTE($F24,"M","")))+(len($F24)-len(SUBSTITUTE($F24,"S","")))+(len($F24)-len(SUBSTITUTE($F24,"E","")))+(len($F24)-len(SUBSTITUTE($F24,"2",""))) -> 12
B25: UF | C25: DR | D25: =VLOOKUP($B25,Letters!$C$29:$D$52,2,FALSE) & VLOOKUP($C25,Letters!$C$29:$D$52,2,FALSE) -> AI | E25: [U R2 U: [M', U2]] | F25: U R2 U M' U2 M U R2 U' | G25: =(len($F25)-len(SUBSTITUTE($F25,"R","")))+(len($F25)-len(SUBSTITUTE($F25,"L","")))+(len($F25)-len(SUBSTITUTE($F25,"U","")))+(len($F25)-len(SUBSTITUTE($F25,"D","")))+(len($F25)-len(SUBSTITUTE($F25,"F","")))+(len($F25)-len(SUBSTITUTE($F25,"B","")))+(len($F25)-len(SUBSTITUTE($F25,"M","")))+(len($F25)-len(SUBSTITUTE($F25,"S","")))+(len($F25)-len(SUBSTITUTE($F25,"E",""))) -> 9 | H25: =(len($F25)-len(SUBSTITUTE($F25,"R","")))+(len($F25)-len(SUBSTITUTE($F25,"L","")))+(len($F25)-len(SUBSTITUTE($F25,"U","")))+(len($F25)-len(SUBSTITUTE($F25,"D","")))+(len($F25)-len(SUBSTITUTE($F25,"F","")))+(len($F25)-len(SUBSTITUTE($F25,"B","")))+(len($F25)-len(SUBSTITUTE($F25,"M","")))+(len($F25)-len(SUBSTITUTE($F25,"S","")))+(len($F25)-len(SUBSTITUTE($F25,"E","")))+(len($F25)-len(SUBSTITUTE($F25,"2",""))) -> 12 | I25: =AVERAGE(H6:H25) -> 7.4
B27: UL | C27: UF | D27: =VLOOKUP($B27,Letters!$C$29:$D$52,2,FALSE) & VLOOKUP($C27,Letters!$C$29:$D$52,2,FALSE) -> BA | E27: [R' F: [R S R', F2]] | F27: R' F R S R' F2 R S' R' F R | G27: =(len($F27)-len(SUBSTITUTE($F27,"R","")))+(len($F27)-len(SUBSTITUTE($F27,"L","")))+(len($F27)-len(SUBSTITUTE($F27,"U","")))+(len($F27)-len(SUBSTITUTE($F27,"D","")))+(len($F27)-len(SUBSTITUTE($F27,"F","")))+(len($F27)-len(SUBSTITUTE($F27,"B","")))+(len($F27)-len(SUBSTITUTE($F27,"M","")))+(len($F27)-len(SUBSTITUTE($F27,"S","")))+(len($F27)-len(SUBSTITUTE($F27,"E",""))) -> 11 | H27: =(len($F27)-len(SUBSTITUTE($F27,"R","")))+(len($F27)-len(SUBSTITUTE($F27,"L","")))+(len($F27)-len(SUBSTITUTE($F27,"U","")))+(len($F27)-len(SUBSTITUTE($F27,"D","")))+(len($F27)-len(SUBSTITUTE($F27,"F","")))+(len($F27)-len(SUBSTITUTE($F27,"B","")))+(len($F27)-len(SUBSTITUTE($F27,"M","")))+(len($F27)-len(SUBSTITUTE($F27,"S","")))+(len($F27)-len(SUBSTITUTE($F27,"E","")))+(len($F27)-len(SUBSTITUTE($F27,"2",""))) -> 12
B28: UL | C28: UB | D28: =VLOOKUP($B28,Letters!$C$29:$D$52,2,FALSE) & VLOOKUP($C28,Letters!$C$29:$D$52,2,FALSE) -> BC | E28: - | F28: D R U R' U' R' U' R' U R U D' | G28: =(len($F28)-len(SUBSTITUTE($F28,"R","")))+(len($F28)-len(SUBSTITUTE($F28,"L","")))+(len($F28)-len(SUBSTITUTE($F28,"U","")))+(len($F28)-len(SUBSTITUTE($F28,"D","")))+(len($F28)-len(SUBSTITUTE($F28,"F","")))+(len($F28)-len(SUBSTITUTE($F28,"B","")))+(len($F28)-len(SUBSTITUTE($F28,"M","")))+(len($F28)-len(SUBSTITUTE($F28,"S","")))+(len($F28)-len(SUBSTITUTE($F28,"E",""))) -> 12 | H28: =(len($F28)-len(SUBSTITUTE($F28,"R","")))+(len($F28)-len(SUBSTITUTE($F28,"L","")))+(len($F28)-len(SUBSTITUTE($F28,"U","")))+(len($F28)-len(SUBSTITUTE($F28,"D","")))+(len($F28)-len(SUBSTITUTE($F28,"F","")))+(len($F28)-len(SUBSTITUTE($F28,"B","")))+(len($F28)-len(SUBSTITUTE($F28,"M","")))+(len($F28)-len(SUBSTITUTE($F28,"S","")))+(len($F28)-len(SUBSTITUTE($F28,"E","")))+(len($F28)-len(SUBSTITUTE($F28,"2",""))) -> 12
B29: UL | C29: UR | D29: =VLOOKUP($B29,Letters!$C$29:$D$52,2,FALSE) & VLOOKUP($C29,Letters!$C$29:$D$52,2,FALSE) -> BD | E29: [U: [M', U2]] | F29: U M' U2 M U | G29: =(len($F29)-len(SUBSTITUTE($F29,"R","")))+(len($F29)-len(SUBSTITUTE($F29,"L","")))+(len($F29)-len(SUBSTITUTE($F29,"U","")))+(len($F29)-len(SUBSTITUTE($F29,"D","")))+(len($F29)-len(SUBSTITUTE($F29,"F","")))+(len($F29)-len(SUBSTITUTE($F29,"B","")))+(len($F29)-len(SUBSTITUTE($F29,"M","")))+(len($F29)-len(SUBSTITUTE($F29,"S","")))+(len($F29)-len(SUBSTITUTE($F29,"E",""))) -> 5 | H29: =(len($F29)-len(SUBSTITUTE($F29,"R","")))+(len($F29)-len(SUBSTITUTE($F29,"L","")))+(len($F29)-len(SUBSTITUTE($F29,"U","")))+(len($F29)-len(SUBSTITUTE($F29,"D","")))+(len($F29)-len(SUBSTITUTE($F29,"F","")))+(len($F29)-len(SUBSTITUTE($F29,"B","")))+(len($F29)-len(SUBSTITUTE($F29,"M","")))+(len($F29)-len(SUBSTITUTE($F29,"S","")))+(len($F29)-len(SUBSTITUTE($F29,"E","")))+(len($F29)-len(SUBSTITUTE($F29,"2",""))) -> 6
B30: UL | C30: LD | D30: =VLOOKUP($B30,Letters!$C$29:$D$52,2,FALSE) & VLOOKUP($C30,Letters!$C$29:$D$52,2,FALSE) -> BE | E30: [S', Rw' D Rw] | F30: S' Rw' D Rw S Rw' D' Rw | G30: =(len($F30)-len(SUBSTITUTE($F30,"R","")))+(len($F30)-len(SUBSTITUTE($F30,"L","")))+(len($F30)-len(SUBSTITUTE($F30,"U","")))+(len($F30)-len(SUBSTITUTE($F30,"D","")))+(len($F30)-len(SUBSTITUTE($F30,"F","")))+(len($F30)-len(SUBSTITUTE($F30,"B","")))+(len($F30)-len(SUBSTITUTE($F30,"M","")))+(len($F30)-len(SUBSTITUTE($F30,"S","")))+(len($F30)-len(SUBSTITUTE($F30,"E",""))) -> 8 | H30: =(len($F30)-len(SUBSTITUTE($F30,"R","")))+(len($F30)-len(SUBSTITUTE($F30,"L","")))+(len($F30)-len(SUBSTITUTE($F30,"U","")))+(len($F30)-len(SUBSTITUTE($F30,"D","")))+(len($F30)-len(SUBSTITUTE($F30,"F","")))+(len($F30)-len(SUBSTITUTE($F30,"B","")))+(len($F30)-len(SUBSTITUTE($F30,"M","")))+(len($F30)-len(SUBSTITUTE($F30,"S","")))+(len($F30)-len(SUBSTITUTE($F30,"E","")))+(len($F30)-len(SUBSTITUTE($F30,"2",""))) -> 8
B31: UL | C31: LB | D31: =VLOOKUP($B31,Letters!$C$29:$D$52,2,FALSE) & VLOOKUP($C31,Letters!$C$29:$D$52,2,FALSE) -> BF | E31: [Fw L': [S', L2]] | F31: Fw Rw' E' Rw2 E' Rw' Fw' | G31: =(len($F31)-len(SUBSTITUTE($F31,"R","")))+(len($F31)-len(SUBSTITUTE($F31,"L","")))+(len($F31)-len(SUBSTITUTE($F31,"U","")))+(len($F31)-len(SUBSTITUTE($F31,"D","")))+(len($F31)-len(SUBSTITUTE($F31,"F","")))+(len($F31)-len(SUBSTITUTE($F31,"B","")))+(len($F31)-len(SUBSTITUTE($F31,"M","")))+(len($F31)-len(SUBSTITUTE($F31,"S","")))+(len($F31)-len(SUBSTITUTE($F31,"E",""))) -> 7 | H31: =(len($F31)-len(SUBSTITUTE($F31,"R","")))+(len($F31)-len(SUBSTITUTE($F31,"L","")))+(len($F31)-len(SUBSTITUTE($F31,"U","")))+(len($F31)-len(SUBSTITUTE($F31,"D","")))+(len($F31)-len(SUBSTITUTE($F31,"F","")))+(len($F31)-len(SUBSTITUTE($F31,"B","")))+(len($F31)-len(SUBSTITUTE($F31,"M","")))+(len($F31)-len(SUBSTITUTE($F31,"S","")))+(len($F31)-len(SUBSTITUTE($F31,"E","")))+(len($F31)-len(SUBSTITUTE($F31,"2",""))) -> 8
B32: UL | C32: LF | D32: =VLOOKUP($B32,Letters!$C$29:$D$52,2,FALSE) & VLOOKUP($C32,Letters!$C$29:$D$52,2,FALSE) -> BH | E32: [R' F2: [R S R', F]] | F32: R' F2 R S R' F R S' R' F R | G32: =(len($F32)-len(SUBSTITUTE($F32,"R","")))+(len($F32)-len(SUBSTITUTE($F32,"L","")))+(len($F32)-len(SUBSTITUTE($F32,"U","")))+(len($F32)-len(SUBSTITUTE($F32,"D","")))+(len($F32)-len(SUBSTITUTE($F32,"F","")))+(len($F32)-len(SUBSTITUTE($F32,"B","")))+(len($F32)-len(SUBSTITUTE($F32,"M","")))+(len($F32)-len(SUBSTITUTE($F32,"S","")))+(len($F32)-len(SUBSTITUTE($F32,"E",""))) -> 11 | H32: =(len($F32)-len(SUBSTITUTE($F32,"R","")))+(len($F32)-len(SUBSTITUTE($F32,"L","")))+(len($F32)-len(SUBSTITUTE($F32,"U","")))+(len($F32)-len(SUBSTITUTE($F32,"D","")))+(len($F32)-len(SUBSTITUTE($F32,"F","")))+(len($F32)-len(SUBSTITUTE($F32,"B","")))+(len($F32)-len(SUBSTITUTE($F32,"M","")))+(len($F32)-len(SUBSTITUTE($F32,"S","")))+(len($F32)-len(SUBSTITUTE($F32,"E","")))+(len($F32)-len(SUBSTITUTE($F32,"2",""))) -> 12
B33: UL | C33: FL | D33: =VLOOKUP($B33,Letters!$C$29:$D$52,2,FALSE) & VLOOKUP($C33,Letters!$C$29:$D$52,2,FALSE) -> BJ | E33: [U M2 U', L'] | F33: U M2 U' L' U M2 U' L | G33: =(len($F33)-len(SUBSTITUTE($F33,"R","")))+(len($F33)-len(SUBSTITUTE($F33,"L","")))+(len($F33)-len(SUBSTITUTE($F33,"U","")))+(len($F33)-len(SUBSTITUTE($F33,"D","")))+(len($F33)-len(SUBSTITUTE($F33,"F","")))+(len($F33)-len(SUBSTITUTE($F33,"B","")))+(len($F33)-len(SUBSTITUTE($F33,"M","")))+(len($F33)-len(SUBSTITUTE($F33,"S","")))+(len($F33)-len(SUBSTITUTE($F33,"E",""))) -> 8 | H33: =(len($F33)-len(SUBSTITUTE($F33,"R","")))+(len($F33)-len(SUBSTITUTE($F33,"L","")))+(len($F33)-len(SUBSTITUTE($F33,"U","")))+(len($F33)-len(SUBSTITUTE($F33,"D","")))+(len($F33)-len(SUBSTITUTE($F33,"F","")))+(len($F33)-len(SUBSTITUTE($F33,"B","")))+(len($F33)-len(SUBSTITUTE($F33,"M","")))+(len($F33)-len(SUBSTITUTE($F33,"S","")))+(len($F33)-len(SUBSTITUTE($F33,"E","")))+(len($F33)-len(SUBSTITUTE($F33,"2",""))) -> 10
B34: UL | C34: FU | D34: =VLOOKUP($B34,Letters!$C$29:$D$52,2,FALSE) & VLOOKUP($C34,Letters!$C$29:$D$52,2,FALSE) -> BK | E34: [Lw': [U' L U , M']] | F34: Lw' U' L U M' U' L' U Lw2 L' | G34: =(len($F34)-len(SUBSTITUTE($F34,"R","")))+(len($F34)-len(SUBSTITUTE($F34,"L","")))+(len($F34)-len(SUBSTITUTE($F34,"U","")))+(len($F34)-len(SUBSTITUTE($F34,"D","")))+(len($F34)-len(SUBSTITUTE($F34,"F","")))+(len($F34)-len(SUBSTITUTE($F34,"B","")))+(len($F34)-len(SUBSTITUTE($F34,"M","")))+(len($F34)-len(SUBSTITUTE($F34,"S","")))+(len($F34)-len(SUBSTITUTE($F34,"E",""))) -> 10 | H34: =(len($F34)-len(SUBSTITUTE($F34,"R","")))+(len($F34)-len(SUBSTITUTE($F34,"L","")))+(len($F34)-len(SUBSTITUTE($F34,"U","")))+(len($F34)-len(SUBSTITUTE($F34,"D","")))+(len($F34)-len(SUBSTITUTE($F34,"F","")))+(len($F34)-len(SUBSTITUTE($F34,"B","")))+(len($F34)-len(SUBSTITUTE($F34,"M","")))+(len($F34)-len(SUBSTITUTE($F34,"S","")))+(len($F34)-len(SUBSTITUTE($F34,"E","")))+(len($F34)-len(SUBSTITUTE($F34,"2",""))) -> 11
B35: UL | C35: FR | D35: =VLOOKUP($B35,Letters!$C$29:$D$52,2,FALSE) & VLOOKUP($C35,Letters!$C$29:$D$52,2,FALSE) -> BL | E35: [R U: [M', U2]] | F35: R U M' U2 M U R' | G35: =(len($F35)-len(SUBSTITUTE($F35,"R","")))+(len($F35)-len(SUBSTITUTE($F35,"L","")))+(len($F35)-len(SUBSTITUTE($F35,"U","")))+(len($F35)-len(SUBSTITUTE($F35,"D","")))+(len($F35)-len(SUBSTITUTE($F35,"F","")))+(len($F35)-len(SUBSTITUTE($F35,"B","")))+(len($F35)-len(SUBSTITUTE($F35,"M","")))+(len($F35)-len(SUBSTITUTE($F35,"S","")))+(len($F35)-len(SUBSTITUTE($F35,"E",""))) -> 7 | H35: =(len($F35)-len(SUBSTITUTE($F35,"R","")))+(len($F35)-len(SUBSTITUTE($F35,"L","")))+(len($F35)-len(SUBSTITUTE($F35,"U","")))+(len($F35)-len(SUBSTITUTE($F35,"D","")))+(len($F35)-len(SUBSTITUTE($F35,"F","")))+(len($F35)-len(SUBSTITUTE($F35,"B","")))+(len($F35)-len(SUBSTITUTE($F35,"M","")))+(len($F35)-len(SUBSTITUTE($F35,"S","")))+(len($F35)-len(SUBSTITUTE($F35,"E","")))+(len($F35)-len(SUBSTITUTE($F35,"2",""))) -> 8
B36: UL | C36: RD | D36: =VLOOKUP($B36,Letters!$C$29:$D$52,2,FALSE) & VLOOKUP($C36,Letters!$C$29:$D$52,2,FALSE) -> BM | E36: [R' Fw' R': [S', R2]] | F36: R' Fw' R' S' R2 S R' Fw R | G36: =(len($F36)-len(SUBSTITUTE($F36,"R","")))+(len($F36)-len(SUBSTITUTE($F36,"L","")))+(len($F36)-len(SUBSTITUTE($F36,"U","")))+(len($F36)-len(SUBSTITUTE($F36,"D","")))+(len($F36)-len(SUBSTITUTE($F36,"F","")))+(len($F36)-len(SUBSTITUTE($F36,"B","")))+(len($F36)-len(SUBSTITUTE($F36,"M","")))+(len($F36)-len(SUBSTITUTE($F36,"S","")))+(len($F36)-len(SUBSTITUTE($F36,"E",""))) -> 9 | H36: =(len($F36)-len(SUBSTITUTE($F36,"R","")))+(len($F36)-len(SUBSTITUTE($F36,"L","")))+(len($F36)-len(SUBSTITUTE($F36,"U","")))+(len($F36)-len(SUBSTITUTE($F36,"D","")))+(len($F36)-len(SUBSTITUTE($F36,"F","")))+(len($F36)-len(SUBSTITUTE($F36,"B","")))+(len($F36)-len(SUBSTITUTE($F36,"M","")))+(len($F36)-len(SUBSTITUTE($F36,"S","")))+(len($F36)-len(SUBSTITUTE($F36,"E","")))+(len($F36)-len(SUBSTITUTE($F36,"2",""))) -> 10
B37: UL | C37: RF | D37: =VLOOKUP($B37,Letters!$C$29:$D$52,2,FALSE) & VLOOKUP($C37,Letters!$C$29:$D$52,2,FALSE) -> BN | E37: [R S R', F'] | F37: R S R' F' R S' R' F | G37: =(len($F37)-len(SUBSTITUTE($F37,"R","")))+(len($F37)-len(SUBSTITUTE($F37,"L","")))+(len($F37)-len(SUBSTITUTE($F37,"U","")))+(len($F37)-len(SUBSTITUTE($F37,"D","")))+(len($F37)-len(SUBSTITUTE($F37,"F","")))+(len($F37)-len(SUBSTITUTE($F37,"B","")))+(len($F37)-len(SUBSTITUTE($F37,"M","")))+(len($F37)-len(SUBSTITUTE($F37,"S","")))+(len($F37)-len(SUBSTITUTE($F37,"E",""))) -> 8 | H37: =(len($F37)-len(SUBSTITUTE($F37,"R","")))+(len($F37)-len(SUBSTITUTE($F37,"L","")))+(len($F37)-len(SUBSTITUTE($F37,"U","")))+(len($F37)-len(SUBSTITUTE($F37,"D","")))+(len($F37)-len(SUBSTITUTE($F37,"F","")))+(len($F37)-len(SUBSTITUTE($F37,"B","")))+(len($F37)-len(SUBSTITUTE($F37,"M","")))+(len($F37)-len(SUBSTITUTE($F37,"S","")))+(len($F37)-len(SUBSTITUTE($F37,"E","")))+(len($F37)-len(SUBSTITUTE($F37,"2",""))) -> 8
B38: UL | C38: RU | D38: =VLOOKUP($B38,Letters!$C$29:$D$52,2,FALSE) & VLOOKUP($C38,Letters!$C$29:$D$52,2,FALSE) -> BO | E38: [S, R' F' R] | F38: S R' F' R S' R' F R | G38: =(len($F38)-len(SUBSTITUTE($F38,"R","")))+(len($F38)-len(SUBSTITUTE($F38,"L","")))+(len($F38)-len(SUBSTITUTE($F38,"U","")))+(len($F38)-len(SUBSTITUTE($F38,"D","")))+(len($F38)-len(SUBSTITUTE($F38,"F","")))+(len($F38)-len(SUBSTITUTE($F38,"B","")))+(len($F38)-len(SUBSTITUTE($F38,"M","")))+(len($F38)-len(SUBSTITUTE($F38,"S","")))+(len($F38)-len(SUBSTITUTE($F38,"E",""))) -> 8 | H38: =(len($F38)-len(SUBSTITUTE($F38,"R","")))+(len($F38)-len(SUBSTITUTE($F38,"L","")))+(len($F38)-len(SUBSTITUTE($F38,"U","")))+(len($F38)-len(SUBSTITUTE($F38,"D","")))+(len($F38)-len(SUBSTITUTE($F38,"F","")))+(len($F38)-len(SUBSTITUTE($F38,"B","")))+(len($F38)-len(SUBSTITUTE($F38,"M","")))+(len($F38)-len(SUBSTITUTE($F38,"S","")))+(len($F38)-len(SUBSTITUTE($F38,"E","")))+(len($F38)-len(SUBSTITUTE($F38,"2",""))) -> 8
... B45: UL | C45: DL | D45: =VLOOKUP($B45,Letters!$C$29:$D$52,2,FALSE) & VLOOKUP($C45,Letters!$C$29:$D$52,2,FALSE) -> BV | E45: [U M2 U', L2] | F45: U M2 U' L2 U M2 U' L2 | G45: =(len($F45)-len(SUBSTITUTE($F45,"R","")))+(len($F45)-len(SUBSTITUTE($F45,"L","")))+(len($F45)-len(SUBSTITUTE($F45,"U","")))+(len($F45)-len(SUBSTITUTE($F45,"D","")))+(len($F45)-len(SUBSTITUTE($F45,"F","")))+(len($F45)-len(SUBSTITUTE($F45,"B","")))+(len($F45)-len(SUBSTITUTE($F45,"M","")))+(len($F45)-len(SUBSTITUTE($F45,"S","")))+(len($F45)-len(SUBSTITUTE($F45,"E",""))) -> 8 | H45: =(len($F45)-len(SUBSTITUTE($F45,"R","")))+(len($F45)-len(SUBSTITUTE($F45,"L","")))+(len($F45)-len(SUBSTITUTE($F45,"U","")))+(len($F45)-len(SUBSTITUTE($F45,"D","")))+(len($F45)-len(SUBSTITUTE($F45,"F","")))+(len($F45)-len(SUBSTITUTE($F45,"B","")))+(len($F45)-len(SUBSTITUTE($F45,"M","")))+(len($F45)-len(SUBSTITUTE($F45,"S","")))+(len($F45)-len(SUBSTITUTE($F45,"E","")))+(len($F45)-len(SUBSTITUTE($F45,"2",""))) -> 12
B46: UL | C46: DR | D46: =VLOOKUP($B46,Letters!$C$29:$D$52,2,FALSE) & VLOOKUP($C46,Letters!$C$29:$D$52,2,FALSE) -> BI | E46: [R2 U: [M', U2]] | F46: R2 U M' U2 M U R2 | G46: =(len($F46)-len(SUBSTITUTE($F46,"R","")))+(len($F46)-len(SUBSTITUTE($F46,"L","")))+(len($F46)-len(SUBSTITUTE($F46,"U","")))+(len($F46)-len(SUBSTITUTE($F46,"D","")))+(len($F46)-len(SUBSTITUTE($F46,"F","")))+(len($F46)-len(SUBSTITUTE($F46,"B","")))+(len($F46)-len(SUBSTITUTE($F46,"M","")))+(len($F46)-len(SUBSTITUTE($F46,"S","")))+(len($F46)-len(SUBSTITUTE($F46,"E",""))) -> 7 | H46: =(len($F46)-len(SUBSTITUTE($F46,"R","")))+(len($F46)-len(SUBSTITUTE($F46,"L","")))+(len($F46)-len(SUBSTITUTE($F46,"U","")))+(len($F46)-len(SUBSTITUTE($F46,"D","")))+(len($F46)-len(SUBSTITUTE($F46,"F","")))+(len($F46)-len(SUBSTITUTE($F46,"B","")))+(len($F46)-len(SUBSTITUTE($F46,"M","")))+(len($F46)-len(SUBSTITUTE($F46,"S","")))+(len($F46)-len(SUBSTITUTE($F46,"E","")))+(len($F46)-len(SUBSTITUTE($F46,"2",""))) -> 10 | I46: =AVERAGE(H27:H46) -> 9.7
A48: 1 | B48: UB | C48: UF | D48: =VLOOKUP($B48,Letters!$C$29:$D$52,2,FALSE) & VLOOKUP($C48,Letters!$C$29:$D$52,2,FALSE) -> CA | E48: [M', U2] | F48: M' U2 M U2 | G48: =(len($F48)-len(SUBSTITUTE($F48,"R","")))+(len($F48)-len(SUBSTITUTE($F48,"L","")))+(len($F48)-len(SUBSTITUTE($F48,"U","")))+(len($F48)-len(SUBSTITUTE($F48,"D","")))+(len($F48)-len(SUBSTITUTE($F48,"F","")))+(len($F48)-len(SUBSTITUTE($F48,"B","")))+(len($F48)-len(SUBSTITUTE($F48,"M","")))+(len($F48)-len(SUBSTITUTE($F48,"S","")))+(len($F48)-len(SUBSTITUTE($F48,"E",""))) -> 4 | H48: =(len($F48)-len(SUBSTITUTE($F48,"R","")))+(len($F48)-len(SUBSTITUTE($F48,"L","")))+(len($F48)-len(SUBSTITUTE($F48,"U","")))+(len($F48)-len(SUBSTITUTE($F48,"D","")))+(len($F48)-len(SUBSTITUTE($F48,"F","")))+(len($F48)-len(SUBSTITUTE($F48,"B","")))+(len($F48)-len(SUBSTITUTE($F48,"M","")))+(len($F48)-len(SUBSTITUTE($F48,"S","")))+(len($F48)-len(SUBSTITUTE($F48,"E","")))+(len($F48)-len(SUBSTITUTE($F48,"2",""))) -> 6
B49: UB | C49: UL | D49: =VLOOKUP($B49,Letters!$C$29:$D$52,2,FALSE) & VLOOKUP($C49,Letters!$C$29:$D$52,2,FALSE) -> CB | E49: - | F49: D U' R' U' R U R U R U' R' D' | G49: =(len($F49)-len(SUBSTITUTE($F49,"R","")))+(len($F49)-len(SUBSTITUTE($F49,"L","")))+(len($F49)-len(SUBSTITUTE($F49,"U","")))+(len($F49)-len(SUBSTITUTE($F49,"D","")))+(len($F49)-len(SUBSTITUTE($F49,"F","")))+(len($F49)-len(SUBSTITUTE($F49,"B","")))+(len($F49)-len(SUBSTITUTE($F49,"M","")))+(len($F49)-len(SUBSTITUTE($F49,"S","")))+(len($F49)-len(SUBSTITUTE($F49,"E",""))) -> 12 | H49: =(len($F49)-len(SUBSTITUTE($F49,"R","")))+(len($F49)-len(SUBSTITUTE($F49,"L","")))+(len($F49)-len(SUBSTITUTE($F49,"U","")))+(len($F49)-len(SUBSTITUTE($F49,"D","")))+(len($F49)-len(SUBSTITUTE($F49,"F","")))+(len($F49)-len(SUBSTITUTE($F49,"B","")))+(len($F49)-len(SUBSTITUTE($F49,"M","")))+(len($F49)-len(SUBSTITUTE($F49,"S","")))+(len($F49)-len(SUBSTITUTE($F49,"E","")))+(len($F49)-len(SUBSTITUTE($F49,"2",""))) -> 12
B50: UB | C50: UR | D50: =VLOOKUP($B50,Letters!$C$29:$D$52,2,FALSE) & VLOOKUP($C50,Letters!$C$29:$D$52,2,FALSE) -> CD | E50: [M2, R U R' U'] | F50: R' Rw2 U R' U' M2 U R U' R' | G50: =(len($F50)-len(SUBSTITUTE($F50,"R","")))+(len($F50)-len(SUBSTITUTE($F50,"L","")))+(len($F50)-len(SUBSTITUTE($F50,"U","")))+(len($F50)-len(SUBSTITUTE($F50,"D","")))+(len($F50)-len(SUBSTITUTE($F50,"F","")))+(len($F50)-len(SUBSTITUTE($F50,"B","")))+(len($F50)-len(SUBSTITUTE($F50,"M","")))+(len($F50)-len(SUBSTITUTE($F50,"S","")))+(len($F50)-len(SUBSTITUTE($F50,"E",""))) -> 10 | H50: =(len($F50)-len(SUBSTITUTE($F50,"R","")))+(len($F50)-len(SUBSTITUTE($F50,"L","")))+(len($F50)-len(SUBSTITUTE($F50,"U","")))+(len($F50)-len(SUBSTITUTE($F50,"D","")))+(len($F50)-len(SUBSTITUTE($F50,"F","")))+(len($F50)-len(SUBSTITUTE($F50,"B","")))+(len($F50)-len(SUBSTITUTE($F50,"M","")))+(len($F50)-len(SUBSTITUTE($F50,"S","")))+(len($F50)-len(SUBSTITUTE($F50,"E","")))+(len($F50)-len(SUBSTITUTE($F50,"2",""))) -> 12
B51: UB | C51: LD | D51: =VLOOKUP($B51,Letters!$C$29:$D$52,2,FALSE) & VLOOKUP($C51,Letters!$C$29:$D$52,2,FALSE) -> CE | E51: [U': [S', Rw' D Rw]] | F51: U' S' Rw' D Rw S Rw' D' Rw U | G51: =(len($F51)-len(SUBSTITUTE($F51,"R","")))+(len($F51)-len(SUBSTITUTE($F51,"L","")))+(len($F51)-len(SUBSTITUTE($F51,"U","")))+(len($F51)-len(SUBSTITUTE($F51,"D","")))+(len($F51)-len(SUBSTITUTE($F51,"F","")))+(len($F51)-len(SUBSTITUTE($F51,"B","")))+(len($F51)-len(SUBSTITUTE($F51,"M","")))+(len($F51)-len(SUBSTITUTE($F51,"S","")))+(len($F51)-len(SUBSTITUTE($F51,"E",""))) -> 10 | H51: =(len($F51)-len(SUBSTITUTE($F51,"R","")))+(len($F51)-len(SUBSTITUTE($F51,"L","")))+(len($F51)-len(SUBSTITUTE($F51,"U","")))+(len($F51)-len(SUBSTITUTE($F51,"D","")))+(len($F51)-len(SUBSTITUTE($F51,"F","")))+(len($F51)-len(SUBSTITUTE($F51,"B","")))+(len($F51)-len(SUBSTITUTE($F51,"M","")))+(len($F51)-len(SUBSTITUTE($F51,"S","")))+(len($F51)-len(SUBSTITUTE($F51,"E","")))+(len($F51)-len(SUBSTITUTE($F51,"2",""))) -> 10
B52: UB | C52: LB | D52: =VLOOKUP($B52,Letters!$C$29:$D$52,2,FALSE) & VLOOKUP($C52,Letters!$C$29:$D$52,2,FALSE) -> CF | E52: [M': [U L U', M2]] | F52: M' U L U' M2 U L' U' M' | G52: =(len($F52)-len(SUBSTITUTE($F52,"R","")))+(len($F52)-len(SUBSTITUTE($F52,"L","")))+(len($F52)-len(SUBSTITUTE($F52,"U","")))+(len($F52)-len(SUBSTITUTE($F52,"D","")))+(len($F52)-len(SUBSTITUTE($F52,"F","")))+(len($F52)-len(SUBSTITUTE($F52,"B","")))+(len($F52)-len(SUBSTITUTE($F52,"M","")))+(len($F52)-len(SUBSTITUTE($F52,"S","")))+(len($F52)-len(SUBSTITUTE($F52,"E",""))) -> 9 | H52: =(len($F52)-len(SUBSTITUTE($F52,"R","")))+(len($F52)-len(SUBSTITUTE($F52,"L","")))+(len($F52)-len(SUBSTITUTE($F52,"U","")))+(len($F52)-len(SUBSTITUTE($F52,"D","")))+(len($F52)-len(SUBSTITUTE($F52,"F","")))+(len($F52)-len(SUBSTITUTE($F52,"B","")))+(len($F52)-len(SUBSTITUTE($F52,"M","")))+(len($F52)-len(SUBSTITUTE($F52,"S","")))+(len($F52)-len(SUBSTITUTE($F52,"E","")))+(len($F52)-len(SUBSTITUTE($F52,"2",""))) -> 10
B53: UB | C53: LU | D53: =VLOOKUP($B53,Letters!$C$29:$D$52,2,FALSE) & VLOOKUP($C53,Letters!$C$29:$D$52,2,FALSE) -> CG | E53: [Lw': [U L U', M2]] | F53: Lw' U L U' M2 U L' U' M' L | G53: =(len($F53)-len(SUBSTITUTE($F53,"R","")))+(len($F53)-len(SUBSTITUTE($F53,"L","")))+(len($F53)-len(SUBSTITUTE($F53,"U","")))+(len($F53)-len(SUBSTITUTE($F53,"D","")))+(len($F53)-len(SUBSTITUTE($F53,"F","")))+(len($F53)-len(SUBSTITUTE($F53,"B","")))+(len($F53)-len(SUBSTITUTE($F53,"M","")))+(len($F53)-len(SUBSTITUTE($F53,"S","")))+(len($F53)-len(SUBSTITUTE($F53,"E",""))) -> 10 | H53: =(len($F53)-len(SUBSTITUTE($F53,"R","")))+(len($F53)-len(SUBSTITUTE($F53,"L","")))+(len($F53)-len(SUBSTITUTE($F53,"U","")))+(len($F53)-len(SUBSTITUTE($F53,"D","")))+(len($F53)-len(SUBSTITUTE($F53,"F","")))+(len($F53)-len(SUBSTITUTE($F53,"B","")))+(len($F53)-len(SUBSTITUTE($F53,"M","")))+(len($F53)-len(SUBSTITUTE($F53,"S","")))+(len($F53)-len(SUBSTITUTE($F53,"E","")))+(len($F53)-len(SUBSTITUTE($F53,"2",""))) -> 11
B54: UB | C54: LF | D54: =VLOOKUP($B54,Letters!$C$29:$D$52,2,FALSE) & VLOOKUP($C54,Letters!$C$29:$D$52,2,FALSE) -> CH | E54: [M': [U L' U', M2]] | F54: M' U L' U' M2 U L U' M' | G54: =(len($F54)-len(SUBSTITUTE($F54,"R","")))+(len($F54)-len(SUBSTITUTE($F54,"L","")))+(len($F54)-len(SUBSTITUTE($F54,"U","")))+(len($F54)-len(SUBSTITUTE($F54,"D","")))+(len($F54)-len(SUBSTITUTE($F54,"F","")))+(len($F54)-len(SUBSTITUTE($F54,"B","")))+(len($F54)-len(SUBSTITUTE($F54,"M","")))+(len($F54)-len(SUBSTITUTE($F54,"S","")))+(len($F54)-len(SUBSTITUTE($F54,"E",""))) -> 9 | H54: =(len($F54)-len(SUBSTITUTE($F54,"R","")))+(len($F54)-len(SUBSTITUTE($F54,"L","")))+(len($F54)-len(SUBSTITUTE($F54,"U","")))+(len($F54)-len(SUBSTITUTE($F54,"D","")))+(len($F54)-len(SUBSTITUTE($F54,"F","")))+(len($F54)-len(SUBSTITUTE($F54,"B","")))+(len($F54)-len(SUBSTITUTE($F54,"M","")))+(len($F54)-len(SUBSTITUTE($F54,"S","")))+(len($F54)-len(SUBSTITUTE($F54,"E","")))+(len($F54)-len(SUBSTITUTE($F54,"2",""))) -> 10
B55: UB | C55: FL | D55: =VLOOKUP($B55,Letters!$C$29:$D$52,2,FALSE) & VLOOKUP($C55,Letters!$C$29:$D$52,2,FALSE) -> CJ | E55: [M2, U' L' U] | F55: M2 U' L' U M2 U' L U | G55: =(len($F55)-len(SUBSTITUTE($F55,"R","")))+(len($F55)-len(SUBSTITUTE($F55,"L","")))+(len($F55)-len(SUBSTITUTE($F55,"U","")))+(len($F55)-len(SUBSTITUTE($F55,"D","")))+(len($F55)-len(SUBSTITUTE($F55,"F","")))+(len($F55)-len(SUBSTITUTE($F55,"B","")))+(len($F55)-len(SUBSTITUTE($F55,"M","")))+(len($F55)-len(SUBSTITUTE($F55,"S","")))+(len($F55)-len(SUBSTITUTE($F55,"E",""))) -> 8 | H55: =(len($F55)-len(SUBSTITUTE($F55,"R","")))+(len($F55)-len(SUBSTITUTE($F55,"L","")))+(len($F55)-len(SUBSTITUTE($F55,"U","")))+(len($F55)-len(SUBSTITUTE($F55,"D","")))+(len($F55)-len(SUBSTITUTE($F55,"F","")))+(len($F55)-len(SUBSTITUTE($F55,"B","")))+(len($F55)-len(SUBSTITUTE($F55,"M","")))+(len($F55)-len(SUBSTITUTE($F55,"S","")))+(len($F55)-len(SUBSTITUTE($F55,"E","")))+(len($F55)-len(SUBSTITUTE($F55,"2",""))) -> 10
B56: UB | C56: FU | D56: =VLOOKUP($B56,Letters!$C$29:$D$52,2,FALSE) & VLOOKUP($C56,Letters!$C$29:$D$52,2,FALSE) -> CK | E56: [U': [S, R' F' R]] | F56: U' S R' F' R S' R' F R U | G56: =(len($F56)-len(SUBSTITUTE($F56,"R","")))+(len($F56)-len(SUBSTITUTE($F56,"L","")))+(len($F56)-len(SUBSTITUTE($F56,"U","")))+(len($F56)-len(SUBSTITUTE($F56,"D","")))+(len($F56)-len(SUBSTITUTE($F56,"F","")))+(len($F56)-len(SUBSTITUTE($F56,"B","")))+(len($F56)-len(SUBSTITUTE($F56,"M","")))+(len($F56)-len(SUBSTITUTE($F56,"S","")))+(len($F56)-len(SUBSTITUTE($F56,"E",""))) -> 10 | H56: =(len($F56)-len(SUBSTITUTE($F56,"R","")))+(len($F56)-len(SUBSTITUTE($F56,"L","")))+(len($F56)-len(SUBSTITUTE($F56,"U","")))+(len($F56)-len(SUBSTITUTE($F56,"D","")))+(len($F56)-len(SUBSTITUTE($F56,"F","")))+(len($F56)-len(SUBSTITUTE($F56,"B","")))+(len($F56)-len(SUBSTITUTE($F56,"M","")))+(len($F56)-len(SUBSTITUTE($F56,"S","")))+(len($F56)-len(SUBSTITUTE($F56,"E","")))+(len($F56)-len(SUBSTITUTE($F56,"2",""))) -> 10
B57: UB | C57: FR | D57: =VLOOKUP($B57,Letters!$C$29:$D$52,2,FALSE) & VLOOKUP($C57,Letters!$C$29:$D$52,2,FALSE) -> CL | E57: [M2, U R U'] | F57: M2 U R U' M2 U R' U' | G57: =(len($F57)-len(SUBSTITUTE($F57,"R","")))+(len($F57)-len(SUBSTITUTE($F57,"L","")))+(len($F57)-len(SUBSTITUTE($F57,"U","")))+(len($F57)-len(SUBSTITUTE($F57,"D","")))+(len($F57)-len(SUBSTITUTE($F57,"F","")))+(len($F57)-len(SUBSTITUTE($F57,"B","")))+(len($F57)-len(SUBSTITUTE($F57,"M","")))+(len($F57)-len(SUBSTITUTE($F57,"S","")))+(len($F57)-len(SUBSTITUTE($F57,"E",""))) -> 8 | H57: =(len($F57)-len(SUBSTITUTE($F57,"R","")))+(len($F57)-len(SUBSTITUTE($F57,"L","")))+(len($F57)-len(SUBSTITUTE($F57,"U","")))+(len($F57)-len(SUBSTITUTE($F57,"D","")))+(len($F57)-len(SUBSTITUTE($F57,"F","")))+(len($F57)-len(SUBSTITUTE($F57,"B","")))+(len($F57)-len(SUBSTITUTE($F57,"M","")))+(len($F57)-len(SUBSTITUTE($F57,"S","")))+(len($F57)-len(SUBSTITUTE($F57,"E","")))+(len($F57)-len(SUBSTITUTE($F57,"2",""))) -> 10
B58: UB | C58: RD | D58: =VLOOKUP($B58,Letters!$C$29:$D$52,2,FALSE) & VLOOKUP($C58,Letters!$C$29:$D$52,2,FALSE) -> CM | E58: [U: [S, R F' R']] | F58: U S R F' R' S' R F R' U' | G58: =(len($F58)-len(SUBSTITUTE($F58,"R","")))+(len($F58)-len(SUBSTITUTE($F58,"L","")))+(len($F58)-len(SUBSTITUTE($F58,"U","")))+(len($F58)-len(SUBSTITUTE($F58,"D","")))+(len($F58)-len(SUBSTITUTE($F58,"F","")))+(len($F58)-len(SUBSTITUTE($F58,"B","")))+(len($F58)-len(SUBSTITUTE($F58,"M","")))+(len($F58)-len(SUBSTITUTE($F58,"S","")))+(len($F58)-len(SUBSTITUTE($F58,"E",""))) -> 10 | H58: =(len($F58)-len(SUBSTITUTE($F58,"R","")))+(len($F58)-len(SUBSTITUTE($F58,"L","")))+(len($F58)-len(SUBSTITUTE($F58,"U","")))+(len($F58)-len(SUBSTITUTE($F58,"D","")))+(len($F58)-len(SUBSTITUTE($F58,"F","")))+(len($F58)-len(SUBSTITUTE($F58,"B","")))+(len($F58)-len(SUBSTITUTE($F58,"M","")))+(len($F58)-len(SUBSTITUTE($F58,"S","")))+(len($F58)-len(SUBSTITUTE($F58,"E","")))+(len($F58)-len(SUBSTITUTE($F58,"2",""))) -> 10
B59: UB | C59: RF | D59: =VLOOKUP($B59,Letters!$C$29:$D$52,2,FALSE) & VLOOKUP($C59,Letters!$C$29:$D$52,2,FALSE) -> CN | E59: [M': [U' R U, M2]] | F59: M' U' R U M2 U' R' U M' | G59: =(len($F59)-len(SUBSTITUTE($F59,"R","")))+(len($F59)-len(SUBSTITUTE($F59,"L","")))+(len($F59)-len(SUBSTITUTE($F59,"U","")))+(len($F59)-len(SUBSTITUTE($F59,"D","")))+(len($F59)-len(SUBSTITUTE($F59,"F","")))+(len($F59)-len(SUBSTITUTE($F59,"B","")))+(len($F59)-len(SUBSTITUTE($F59,"M","")))+(len($F59)-len(SUBSTITUTE($F59,"S","")))+(len($F59)-len(SUBSTITUTE($F59,"E",""))) -> 9 | H59: =(len($F59)-len(SUBSTITUTE($F59,"R","")))+(len($F59)-len(SUBSTITUTE($F59,"L","")))+(len($F59)-len(SUBSTITUTE($F59,"U","")))+(len($F59)-len(SUBSTITUTE($F59,"D","")))+(len($F59)-len(SUBSTITUTE($F59,"F","")))+(len($F59)-len(SUBSTITUTE($F59,"B","")))+(len($F59)-len(SUBSTITUTE($F59,"M","")))+(len($F59)-len(SUBSTITUTE($F59,"S","")))+(len($F59)-len(SUBSTITUTE($F59,"E","")))+(len($F59)-len(SUBSTITUTE($F59,"2",""))) -> 10
B60: UB | C60: RU | D60: =VLOOKUP($B60,Letters!$C$29:$D$52,2,FALSE) & VLOOKUP($C60,Letters!$C$29:$D$52,2,FALSE) -> CO | E60: [Rw: [U' R' U, M2]] | F60: Rw U' R' U M2 U' R U M' R' | G60: =(len($F60)-len(SUBSTITUTE($F60,"R","")))+(len($F60)-len(SUBSTITUTE($F60,"L","")))+(len($F60)-len(SUBSTITUTE($F60,"U","")))+(len($F60)-len(SUBSTITUTE($F60,"D","")))+(len($F60)-len(SUBSTITUTE($F60,"F","")))+(len($F60)-len(SUBSTITUTE($F60,"B","")))+(len($F60)-len(SUBSTITUTE($F60,"M","")))+(len($F60)-len(SUBSTITUTE($F60,"S","")))+(len($F60)-len(SUBSTITUTE($F60,"E",""))) -> 10 | H60: =(len($F60)-len(SUBSTITUTE($F60,"R","")))+(len($F60)-len(SUBSTITUTE($F60,"L","")))+(len($F60)-len(SUBSTITUTE($F60,"U","")))+(len($F60)-len(SUBSTITUTE($F60,"D","")))+(len($F60)-len(SUBSTITUTE($F60,"F","")))+(len($F60)-len(SUBSTITUTE($F60,"B","")))+(len($F60)-len(SUBSTITUTE($F60,"M","")))+(len($F60)-len(SUBSTITUTE($F60,"S","")))+(len($F60)-len(SUBSTITUTE($F60,"E","")))+(len($F60)-len(SUBSTITUTE($F60,"2",""))) -> 11
... B66: UB | C66: DL | D66: =VLOOKUP($B66,Letters!$C$29:$D$52,2,FALSE) & VLOOKUP($C66,Letters!$C$29:$D$52,2,FALSE) -> CV | E66: [M2, U' L2 U] | F66: M2 U' L2 U M2 U' L2 U | G66: =(len($F66)-len(SUBSTITUTE($F66,"R","")))+(len($F66)-len(SUBSTITUTE($F66,"L","")))+(len($F66)-len(SUBSTITUTE($F66,"U","")))+(len($F66)-len(SUBSTITUTE($F66,"D","")))+(len($F66)-len(SUBSTITUTE($F66,"F","")))+(len($F66)-len(SUBSTITUTE($F66,"B","")))+(len($F66)-len(SUBSTITUTE($F66,"M","")))+(len($F66)-len(SUBSTITUTE($F66,"S","")))+(len($F66)-len(SUBSTITUTE($F66,"E",""))) -> 8 | H66: =(len($F66)-len(SUBSTITUTE($F66,"R","")))+(len($F66)-len(SUBSTITUTE($F66,"L","")))+(len($F66)-len(SUBSTITUTE($F66,"U","")))+(len($F66)-len(SUBSTITUTE($F66,"D","")))+(len($F66)-len(SUBSTITUTE($F66,"F","")))+(len($F66)-len(SUBSTITUTE($F66,"B","")))+(len($F66)-len(SUBSTITUTE($F66,"M","")))+(len($F66)-len(SUBSTITUTE($F66,"S","")))+(len($F66)-len(SUBSTITUTE($F66,"E","")))+(len($F66)-len(SUBSTITUTE($F66,"2",""))) -> 12
B67: UB | C67: DR | D67: =VLOOKUP($B67,Letters!$C$29:$D$52,2,FALSE) & VLOOKUP($C67,Letters!$C$29:$D$52,2,FALSE) -> CI | E67: [M2, U R2 U'] | F67: M2 U R2 U' M2 U R2 U' | G67: =(len($F67)-len(SUBSTITUTE($F67,"R","")))+(len($F67)-len(SUBSTITUTE($F67,"L","")))+(len($F67)-len(SUBSTITUTE($F67,"U","")))+(len($F67)-len(SUBSTITUTE($F67,"D","")))+(len($F67)-len(SUBSTITUTE($F67,"F","")))+(len($F67)-len(SUBSTITUTE($F67,"B","")))+(len($F67)-len(SUBSTITUTE($F67,"M","")))+(len($F67)-len(SUBSTITUTE($F67,"S","")))+(len($F67)-len(SUBSTITUTE($F67,"E",""))) -> 8 | H67: =(len($F67)-len(SUBSTITUTE($F67,"R","")))+(len($F67)-len(SUBSTITUTE($F67,"L","")))+(len($F67)-len(SUBSTITUTE($F67,"U","")))+(len($F67)-len(SUBSTITUTE($F67,"D","")))+(len($F67)-len(SUBSTITUTE($F67,"F","")))+(len($F67)-len(SUBSTITUTE($F67,"B","")))+(len($F67)-len(SUBSTITUTE($F67,"M","")))+(len($F67)-len(SUBSTITUTE($F67,"S","")))+(len($F67)-len(SUBSTITUTE($F67,"E","")))+(len($F67)-len(SUBSTITUTE($F67,"2",""))) -> 12 | I67: =AVERAGE(H48:H67) -> 10.2
B69: UR | C69: UF | D69: =VLOOKUP($B69,Letters!$C$29:$D$52,2,FALSE) & VLOOKUP($C69,Letters!$C$29:$D$52,2,FALSE) -> DA | E69: [U, M U2 M] | F69: U M U2 M U' M' U2 M' | G69: =(len($F69)-len(SUBSTITUTE($F69,"R","")))+(len($F69)-len(SUBSTITUTE($F69,"L","")))+(len($F69)-len(SUBSTITUTE($F69,"U","")))+(len($F69)-len(SUBSTITUTE($F69,"D","")))+(len($F69)-len(SUBSTITUTE($F69,"F","")))+(len($F69)-len(SUBSTITUTE($F69,"B","")))+(len($F69)-len(SUBSTITUTE($F69,"M","")))+(len($F69)-len(SUBSTITUTE($F69,"S","")))+(len($F69)-len(SUBSTITUTE($F69,"E",""))) -> 8 | H69: =(len($F69)-len(SUBSTITUTE($F69,"R","")))+(len($F69)-len(SUBSTITUTE($F69,"L","")))+(len($F69)-len(SUBSTITUTE($F69,"U","")))+(len($F69)-len(SUBSTITUTE($F69,"D","")))+(len($F69)-len(SUBSTITUTE($F69,"F","")))+(len($F69)-len(SUBSTITUTE($F69,"B","")))+(len($F69)-len(SUBSTITUTE($F69,"M","")))+(len($F69)-len(SUBSTITUTE($F69,"S","")))+(len($F69)-len(SUBSTITUTE($F69,"E","")))+(len($F69)-len(SUBSTITUTE($F69,"2",""))) -> 10
B70: UR | C70: UL | D70: =VLOOKUP($B70,Letters!$C$29:$D$52,2,FALSE) & VLOOKUP($C70,Letters!$C$29:$D$52,2,FALSE) -> DB | E70: [U': [M', U2]] | F70: U' M' U2 M U' | G70: =(len($F70)-len(SUBSTITUTE($F70,"R","")))+(len($F70)-len(SUBSTITUTE($F70,"L","")))+(len($F70)-len(SUBSTITUTE($F70,"U","")))+(len($F70)-len(SUBSTITUTE($F70,"D","")))+(len($F70)-len(SUBSTITUTE($F70,"F","")))+(len($F70)-len(SUBSTITUTE($F70,"B","")))+(len($F70)-len(SUBSTITUTE($F70,"M","")))+(len($F70)-len(SUBSTITUTE($F70,"S","")))+(len($F70)-len(SUBSTITUTE($F70,"E",""))) -> 5 | H70: =(len($F70)-len(SUBSTITUTE($F70,"R","")))+(len($F70)-len(SUBSTITUTE($F70,"L","")))+(len($F70)-len(SUBSTITUTE($F70,"U","")))+(len($F70)-len(SUBSTITUTE($F70,"D","")))+(len($F70)-len(SUBSTITUTE($F70,"F","")))+(len($F70)-len(SUBSTITUTE($F70,"B","")))+(len($F70)-len(SUBSTITUTE($F70,"M","")))+(len($F70)-len(SUBSTITUTE($F70,"S","")))+(len($F70)-len(SUBSTITUTE($F70,"E","")))+(len($F70)-len(SUBSTITUTE($F70,"2",""))) -> 6
B71: UR | C71: UB | D71: =VLOOKUP($B71,Letters!$C$29:$D$52,2,FALSE) & VLOOKUP($C71,Letters!$C$29:$D$52,2,FALSE) -> DC | E71: [R U R' U', M2] | F71: R U R' U' M2 U R U' Rw2' R | G71: =(len($F71)-len(SUBSTITUTE($F71,"R","")))+(len($F71)-len(SUBSTITUTE($F71,"L","")))+(len($F71)-len(SUBSTITUTE($F71,"U","")))+(len($F71)-len(SUBSTITUTE($F71,"D","")))+(len($F71)-len(SUBSTITUTE($F71,"F","")))+(len($F71)-len(SUBSTITUTE($F71,"B","")))+(len($F71)-len(SUBSTITUTE($F71,"M","")))+(len($F71)-len(SUBSTITUTE($F71,"S","")))+(len($F71)-len(SUBSTITUTE($F71,"E",""))) -> 10 | H71: =(len($F71)-len(SUBSTITUTE($F71,"R","")))+(len($F71)-len(SUBSTITUTE($F71,"L","")))+(len($F71)-len(SUBSTITUTE($F71,"U","")))+(len($F71)-len(SUBSTITUTE($F71,"D","")))+(len($F71)-len(SUBSTITUTE($F71,"F","")))+(len($F71)-len(SUBSTITUTE($F71,"B","")))+(len($F71)-len(SUBSTITUTE($F71,"M","")))+(len($F71)-len(SUBSTITUTE($F71,"S","")))+(len($F71)-len(SUBSTITUTE($F71,"E","")))+(len($F71)-len(SUBSTITUTE($F71,"2",""))) -> 12
B72: UR | C72: LD | D72: =VLOOKUP($B72,Letters!$C$29:$D$52,2,FALSE) & VLOOKUP($C72,Letters!$C$29:$D$52,2,FALSE) -> DE | E72: [L Fw L: [S, L2]] | F72: L Fw L S L2 S' L Fw' L' | G72: =(len($F72)-len(SUBSTITUTE($F72,"R","")))+(len($F72)-len(SUBSTITUTE($F72,"L","")))+(len($F72)-len(SUBSTITUTE($F72,"U","")))+(len($F72)-len(SUBSTITUTE($F72,"D","")))+(len($F72)-len(SUBSTITUTE($F72,"F","")))+(len($F72)-len(SUBSTITUTE($F72,"B","")))+(len($F72)-len(SUBSTITUTE($F72,"M","")))+(len($F72)-len(SUBSTITUTE($F72,"S","")))+(len($F72)-len(SUBSTITUTE($F72,"E",""))) -> 9 | H72: =(len($F72)-len(SUBSTITUTE($F72,"R","")))+(len($F72)-len(SUBSTITUTE($F72,"L","")))+(len($F72)-len(SUBSTITUTE($F72,"U","")))+(len($F72)-len(SUBSTITUTE($F72,"D","")))+(len($F72)-len(SUBSTITUTE($F72,"F","")))+(len($F72)-len(SUBSTITUTE($F72,"B","")))+(len($F72)-len(SUBSTITUTE($F72,"M","")))+(len($F72)-len(SUBSTITUTE($F72,"S","")))+(len($F72)-len(SUBSTITUTE($F72,"E","")))+(len($F72)-len(SUBSTITUTE($F72,"2",""))) -> 10
B73: UR | C73: LB | D73: =VLOOKUP($B73,Letters!$C$29:$D$52,2,FALSE) & VLOOKUP($C73,Letters!$C$29:$D$52,2,FALSE) -> DF | E73: [L: [S', L F L']] | F73: L S' L F L' S L F' L2 | G73: =(len($F73)-len(SUBSTITUTE($F73,"R","")))+(len($F73)-len(SUBSTITUTE($F73,"L","")))+(len($F73)-len(SUBSTITUTE($F73,"U","")))+(len($F73)-len(SUBSTITUTE($F73,"D","")))+(len($F73)-len(SUBSTITUTE($F73,"F","")))+(len($F73)-len(SUBSTITUTE($F73,"B","")))+(len($F73)-len(SUBSTITUTE($F73,"M","")))+(len($F73)-len(SUBSTITUTE($F73,"S","")))+(len($F73)-len(SUBSTITUTE($F73,"E",""))) -> 9 | H73: =(len($F73)-len(SUBSTITUTE($F73,"R","")))+(len($F73)-len(SUBSTITUTE($F73,"L","")))+(len($F73)-len(SUBSTITUTE($F73,"U","")))+(len($F73)-len(SUBSTITUTE($F73,"D","")))+(len($F73)-len(SUBSTITUTE($F73,"F","")))+(len($F73)-len(SUBSTITUTE($F73,"B","")))+(len($F73)-len(SUBSTITUTE($F73,"M","")))+(len($F73)-len(SUBSTITUTE($F73,"S","")))+(len($F73)-len(SUBSTITUTE($F73,"E","")))+(len($F73)-len(SUBSTITUTE($F73,"2",""))) -> 10
B74: UR | C74: LU | D74: =VLOOKUP($B74,Letters!$C$29:$D$52,2,FALSE) & VLOOKUP($C74,Letters!$C$29:$D$52,2,FALSE) -> DG | E74: [S', L F L'] | F74: S' L F L' S L F' L' | G74: =(len($F74)-len(SUBSTITUTE($F74,"R","")))+(len($F74)-len(SUBSTITUTE($F74,"L","")))+(len($F74)-len(SUBSTITUTE($F74,"U","")))+(len($F74)-len(SUBSTITUTE($F74,"D","")))+(len($F74)-len(SUBSTITUTE($F74,"F","")))+(len($F74)-len(SUBSTITUTE($F74,"B","")))+(len($F74)-len(SUBSTITUTE($F74,"M","")))+(len($F74)-len(SUBSTITUTE($F74,"S","")))+(len($F74)-len(SUBSTITUTE($F74,"E",""))) -> 8 | H74: =(len($F74)-len(SUBSTITUTE($F74,"R","")))+(len($F74)-len(SUBSTITUTE($F74,"L","")))+(len($F74)-len(SUBSTITUTE($F74,"U","")))+(len($F74)-len(SUBSTITUTE($F74,"D","")))+(len($F74)-len(SUBSTITUTE($F74,"F","")))+(len($F74)-len(SUBSTITUTE($F74,"B","")))+(len($F74)-len(SUBSTITUTE($F74,"M","")))+(len($F74)-len(SUBSTITUTE($F74,"S","")))+(len($F74)-len(SUBSTITUTE($F74,"E","")))+(len($F74)-len(SUBSTITUTE($F74,"2",""))) -> 8
B75: UR | C75: LF | D75: =VLOOKUP($B75,Letters!$C$29:$D$52,2,FALSE) & VLOOKUP($C75,Letters!$C$29:$D$52,2,FALSE) -> DH | E75: [L' S' L, F] | F75: L' S' L F L' S L F' | G75: =(len($F75)-len(SUBSTITUTE($F75,"R","")))+(len($F75)-len(SUBSTITUTE($F75,"L","")))+(len($F75)-len(SUBSTITUTE($F75,"U","")))+(len($F75)-len(SUBSTITUTE($F75,"D","")))+(len($F75)-len(SUBSTITUTE($F75,"F","")))+(len($F75)-len(SUBSTITUTE($F75,"B","")))+(len($F75)-len(SUBSTITUTE($F75,"M","")))+(len($F75)-len(SUBSTITUTE($F75,"S","")))+(len($F75)-len(SUBSTITUTE($F75,"E",""))) -> 8 | H75: =(len($F75)-len(SUBSTITUTE($F75,"R","")))+(len($F75)-len(SUBSTITUTE($F75,"L","")))+(len($F75)-len(SUBSTITUTE($F75,"U","")))+(len($F75)-len(SUBSTITUTE($F75,"D","")))+(len($F75)-len(SUBSTITUTE($F75,"F","")))+(len($F75)-len(SUBSTITUTE($F75,"B","")))+(len($F75)-len(SUBSTITUTE($F75,"M","")))+(len($F75)-len(SUBSTITUTE($F75,"S","")))+(len($F75)-len(SUBSTITUTE($F75,"E","")))+(len($F75)-len(SUBSTITUTE($F75,"2",""))) -> 8
B76: UR | C76: FL | D76: =VLOOKUP($B76,Letters!$C$29:$D$52,2,FALSE) & VLOOKUP($C76,Letters!$C$29:$D$52,2,FALSE) -> DJ | E76: [L' U': [M', U2]] | F76: L' U' M' U2 M U' L | G76: =(len($F76)-len(SUBSTITUTE($F76,"R","")))+(len($F76)-len(SUBSTITUTE($F76,"L","")))+(len($F76)-len(SUBSTITUTE($F76,"U","")))+(len($F76)-len(SUBSTITUTE($F76,"D","")))+(len($F76)-len(SUBSTITUTE($F76,"F","")))+(len($F76)-len(SUBSTITUTE($F76,"B","")))+(len($F76)-len(SUBSTITUTE($F76,"M","")))+(len($F76)-len(SUBSTITUTE($F76,"S","")))+(len($F76)-len(SUBSTITUTE($F76,"E",""))) -> 7 | H76: =(len($F76)-len(SUBSTITUTE($F76,"R","")))+(len($F76)-len(SUBSTITUTE($F76,"L","")))+(len($F76)-len(SUBSTITUTE($F76,"U","")))+(len($F76)-len(SUBSTITUTE($F76,"D","")))+(len($F76)-len(SUBSTITUTE($F76,"F","")))+(len($F76)-len(SUBSTITUTE($F76,"B","")))+(len($F76)-len(SUBSTITUTE($F76,"M","")))+(len($F76)-len(SUBSTITUTE($F76,"S","")))+(len($F76)-len(SUBSTITUTE($F76,"E","")))+(len($F76)-len(SUBSTITUTE($F76,"2",""))) -> 8
B77: UR | C77: FU | D77: =VLOOKUP($B77,Letters!$C$29:$D$52,2,FALSE) & VLOOKUP($C77,Letters!$C$29:$D$52,2,FALSE) -> DK | E77: [Rw: [U R' U' , M']] | F77: Rw U R' U' M' U R U Rw2' R | G77: =(len($F77)-len(SUBSTITUTE($F77,"R","")))+(len($F77)-len(SUBSTITUTE($F77,"L","")))+(len($F77)-len(SUBSTITUTE($F77,"U","")))+(len($F77)-len(SUBSTITUTE($F77,"D","")))+(len($F77)-len(SUBSTITUTE($F77,"F","")))+(len($F77)-len(SUBSTITUTE($F77,"B","")))+(len($F77)-len(SUBSTITUTE($F77,"M","")))+(len($F77)-len(SUBSTITUTE($F77,"S","")))+(len($F77)-len(SUBSTITUTE($F77,"E",""))) -> 10 | H77: =(len($F77)-len(SUBSTITUTE($F77,"R","")))+(len($F77)-len(SUBSTITUTE($F77,"L","")))+(len($F77)-len(SUBSTITUTE($F77,"U","")))+(len($F77)-len(SUBSTITUTE($F77,"D","")))+(len($F77)-len(SUBSTITUTE($F77,"F","")))+(len($F77)-len(SUBSTITUTE($F77,"B","")))+(len($F77)-len(SUBSTITUTE($F77,"M","")))+(len($F77)-len(SUBSTITUTE($F77,"S","")))+(len($F77)-len(SUBSTITUTE($F77,"E","")))+(len($F77)-len(SUBSTITUTE($F77,"2",""))) -> 11
B78: UR | C78: FR | D78: =VLOOKUP($B78,Letters!$C$29:$D$52,2,FALSE) & VLOOKUP($C78,Letters!$C$29:$D$52,2,FALSE) -> DL | E78: [U' M2 U, R] | F78: U' M2 U R U' M2 U R' | G78: =(len($F78)-len(SUBSTITUTE($F78,"R","")))+(len($F78)-len(SUBSTITUTE($F78,"L","")))+(len($F78)-len(SUBSTITUTE($F78,"U","")))+(len($F78)-len(SUBSTITUTE($F78,"D","")))+(len($F78)-len(SUBSTITUTE($F78,"F","")))+(len($F78)-len(SUBSTITUTE($F78,"B","")))+(len($F78)-len(SUBSTITUTE($F78,"M","")))+(len($F78)-len(SUBSTITUTE($F78,"S","")))+(len($F78)-len(SUBSTITUTE($F78,"E",""))) -> 8 | H78: =(len($F78)-len(SUBSTITUTE($F78,"R","")))+(len($F78)-len(SUBSTITUTE($F78,"L","")))+(len($F78)-len(SUBSTITUTE($F78,"U","")))+(len($F78)-len(SUBSTITUTE($F78,"D","")))+(len($F78)-len(SUBSTITUTE($F78,"F","")))+(len($F78)-len(SUBSTITUTE($F78,"B","")))+(len($F78)-len(SUBSTITUTE($F78,"M","")))+(len($F78)-len(SUBSTITUTE($F78,"S","")))+(len($F78)-len(SUBSTITUTE($F78,"E","")))+(len($F78)-len(SUBSTITUTE($F78,"2",""))) -> 10
B79: UR | C79: RD | D79: =VLOOKUP($B79,Letters!$C$29:$D$52,2,FALSE) & VLOOKUP($C79,Letters!$C$29:$D$52,2,FALSE) -> DM | E79: [S, R F' R'] | F79: S R F' R' S' R F R' | G79: =(len($F79)-len(SUBSTITUTE($F79,"R","")))+(len($F79)-len(SUBSTITUTE($F79,"L","")))+(len($F79)-len(SUBSTITUTE($F79,"U","")))+(len($F79)-len(SUBSTITUTE($F79,"D","")))+(len($F79)-len(SUBSTITUTE($F79,"F","")))+(len($F79)-len(SUBSTITUTE($F79,"B","")))+(len($F79)-len(SUBSTITUTE($F79,"M","")))+(len($F79)-len(SUBSTITUTE($F79,"S","")))+(len($F79)-len(SUBSTITUTE($F79,"E",""))) -> 8 | H79: =(len($F79)-len(SUBSTITUTE($F79,"R","")))+(len($F79)-len(SUBSTITUTE($F79,"L","")))+(len($F79)-len(SUBSTITUTE($F79,"U","")))+(len($F79)-len(SUBSTITUTE($F79,"D","")))+(len($F79)-len(SUBSTITUTE($F79,"F","")))+(len($F79)-len(SUBSTITUTE($F79,"B","")))+(len($F79)-len(SUBSTITUTE($F79,"M","")))+(len($F79)-len(SUBSTITUTE($F79,"S","")))+(len($F79)-len(SUBSTITUTE($F79,"E","")))+(len($F79)-len(SUBSTITUTE($F79,"2",""))) -> 8
B80: UR | C80: RF | D80: =VLOOKUP($B80,Letters!$C$29:$D$52,2,FALSE) & VLOOKUP($C80,Letters!$C$29:$D$52,2,FALSE) -> DN | E80: [Rw U2: [Rw' S' Rw, U']] | F80: Rw U2 Rw' S' Rw U' Rw' S Rw U' Rw' | G80: =(len($F80)-len(SUBSTITUTE($F80,"R","")))+(len($F80)-len(SUBSTITUTE($F80,"L","")))+(len($F80)-len(SUBSTITUTE($F80,"U","")))+(len($F80)-len(SUBSTITUTE($F80,"D","")))+(len($F80)-len(SUBSTITUTE($F80,"F","")))+(len($F80)-len(SUBSTITUTE($F80,"B","")))+(len($F80)-len(SUBSTITUTE($F80,"M","")))+(len($F80)-len(SUBSTITUTE($F80,"S","")))+(len($F80)-len(SUBSTITUTE($F80,"E",""))) -> 11 | H80: =(len($F80)-len(SUBSTITUTE($F80,"R","")))+(len($F80)-len(SUBSTITUTE($F80,"L","")))+(len($F80)-len(SUBSTITUTE($F80,"U","")))+(len($F80)-len(SUBSTITUTE($F80,"D","")))+(len($F80)-len(SUBSTITUTE($F80,"F","")))+(len($F80)-len(SUBSTITUTE($F80,"B","")))+(len($F80)-len(SUBSTITUTE($F80,"M","")))+(len($F80)-len(SUBSTITUTE($F80,"S","")))+(len($F80)-len(SUBSTITUTE($F80,"E","")))+(len($F80)-len(SUBSTITUTE($F80,"2",""))) -> 12
... B87: UR | C87: DL | D87: =VLOOKUP($B87,Letters!$C$29:$D$52,2,FALSE) & VLOOKUP($C87,Letters!$C$29:$D$52,2,FALSE) -> DV | E87: [L2 U': [M', U2]] | F87: L2 U' M' U2 M U' L2 | G87: =(len($F87)-len(SUBSTITUTE($F87,"R","")))+(len($F87)-len(SUBSTITUTE($F87,"L","")))+(len($F87)-len(SUBSTITUTE($F87,"U","")))+(len($F87)-len(SUBSTITUTE($F87,"D","")))+(len($F87)-len(SUBSTITUTE($F87,"F","")))+(len($F87)-len(SUBSTITUTE($F87,"B","")))+(len($F87)-len(SUBSTITUTE($F87,"M","")))+(len($F87)-len(SUBSTITUTE($F87,"S","")))+(len($F87)-len(SUBSTITUTE($F87,"E",""))) -> 7 | H87: =(len($F87)-len(SUBSTITUTE($F87,"R","")))+(len($F87)-len(SUBSTITUTE($F87,"L","")))+(len($F87)-len(SUBSTITUTE($F87,"U","")))+(len($F87)-len(SUBSTITUTE($F87,"D","")))+(len($F87)-len(SUBSTITUTE($F87,"F","")))+(len($F87)-len(SUBSTITUTE($F87,"B","")))+(len($F87)-len(SUBSTITUTE($F87,"M","")))+(len($F87)-len(SUBSTITUTE($F87,"S","")))+(len($F87)-len(SUBSTITUTE($F87,"E","")))+(len($F87)-len(SUBSTITUTE($F87,"2",""))) -> 10
B88: UR | C88: DR | D88: =VLOOKUP($B88,Letters!$C$29:$D$52,2,FALSE) & VLOOKUP($C88,Letters!$C$29:$D$52,2,FALSE) -> DI | E88: [U' M2 U, R2] | F88: U' M2 U R2 U' M2 U R2 | G88: =(len($F88)-len(SUBSTITUTE($F88,"R","")))+(len($F88)-len(SUBSTITUTE($F88,"L","")))+(len($F88)-len(SUBSTITUTE($F88,"U","")))+(len($F88)-len(SUBSTITUTE($F88,"D","")))+(len($F88)-len(SUBSTITUTE($F88,"F","")))+(len($F88)-len(SUBSTITUTE($F88,"B","")))+(len($F88)-len(SUBSTITUTE($F88,"M","")))+(len($F88)-len(SUBSTITUTE($F88,"S","")))+(len($F88)-len(SUBSTITUTE($F88,"E",""))) -> 8 | H88: =(len($F88)-len(SUBSTITUTE($F88,"R","")))+(len($F88)-len(SUBSTITUTE($F88,"L","")))+(len($F88)-len(SUBSTITUTE($F88,"U","")))+(len($F88)-len(SUBSTITUTE($F88,"D","")))+(len($F88)-len(SUBSTITUTE($F88,"F","")))+(len($F88)-len(SUBSTITUTE($F88,"B","")))+(len($F88)-len(SUBSTITUTE($F88,"M","")))+(len($F88)-len(SUBSTITUTE($F88,"S","")))+(len($F88)-len(SUBSTITUTE($F88,"E","")))+(len($F88)-len(SUBSTITUTE($F88,"2",""))) -> 12 | I88: =AVERAGE(H69:H88) -> 9.6
B90: LD | C90: UF | D90: =VLOOKUP($B90,Letters!$C$29:$D$52,2,FALSE) & VLOOKUP($C90,Letters!$C$29:$D$52,2,FALSE) -> EA | E90: [U: [Rw' D Rw, S']] | F90: U Rw' D Rw S' Rw' D' Rw S U' | G90: =(len($F90)-len(SUBSTITUTE($F90,"R","")))+(len($F90)-len(SUBSTITUTE($F90,"L","")))+(len($F90)-len(SUBSTITUTE($F90,"U","")))+(len($F90)-len(SUBSTITUTE($F90,"D","")))+(len($F90)-len(SUBSTITUTE($F90,"F","")))+(len($F90)-len(SUBSTITUTE($F90,"B","")))+(len($F90)-len(SUBSTITUTE($F90,"M","")))+(len($F90)-len(SUBSTITUTE($F90,"S","")))+(len($F90)-len(SUBSTITUTE($F90,"E",""))) -> 10 | H90: =(len($F90)-len(SUBSTITUTE($F90,"R","")))+(len($F90)-len(SUBSTITUTE($F90,"L","")))+(len($F90)-len(SUBSTITUTE($F90,"U","")))+(len($F90)-len(SUBSTITUTE($F90,"D","")))+(len($F90)-len(SUBSTITUTE($F90,"F","")))+(len($F90)-len(SUBSTITUTE($F90,"B","")))+(len($F90)-len(SUBSTITUTE($F90,"M","")))+(len($F90)-len(SUBSTITUTE($F90,"S","")))+(len($F90)-len(SUBSTITUTE($F90,"E","")))+(len($F90)-len(SUBSTITUTE($F90,"2",""))) -> 10
B91: LD | C91: UL | D91: =VLOOKUP($B91,Letters!$C$29:$D$52,2,FALSE) & VLOOKUP($C91,Letters!$C$29:$D$52,2,FALSE) -> EB | E91: [Rw' D Rw, S'] | F91: Rw' D Rw S' Rw' D' Rw S | G91: =(len($F91)-len(SUBSTITUTE($F91,"R","")))+(len($F91)-len(SUBSTITUTE($F91,"L","")))+(len($F91)-len(SUBSTITUTE($F91,"U","")))+(len($F91)-len(SUBSTITUTE($F91,"D","")))+(len($F91)-len(SUBSTITUTE($F91,"F","")))+(len($F91)-len(SUBSTITUTE($F91,"B","")))+(len($F91)-len(SUBSTITUTE($F91,"M","")))+(len($F91)-len(SUBSTITUTE($F91,"S","")))+(len($F91)-len(SUBSTITUTE($F91,"E",""))) -> 8 | H91: =(len($F91)-len(SUBSTITUTE($F91,"R","")))+(len($F91)-len(SUBSTITUTE($F91,"L","")))+(len($F91)-len(SUBSTITUTE($F91,"U","")))+(len($F91)-len(SUBSTITUTE($F91,"D","")))+(len($F91)-len(SUBSTITUTE($F91,"F","")))+(len($F91)-len(SUBSTITUTE($F91,"B","")))+(len($F91)-len(SUBSTITUTE($F91,"M","")))+(len($F91)-len(SUBSTITUTE($F91,"S","")))+(len($F91)-len(SUBSTITUTE($F91,"E","")))+(len($F91)-len(SUBSTITUTE($F91,"2",""))) -> 8
B92: LD | C92: UB | D92: =VLOOKUP($B92,Letters!$C$29:$D$52,2,FALSE) & VLOOKUP($C92,Letters!$C$29:$D$52,2,FALSE) -> EC | G92: =(len($F92)-len(SUBSTITUTE($F92,"R","")))+(len($F92)-len(SUBSTITUTE($F92,"L","")))+(len($F92)-len(SUBSTITUTE($F92,"U","")))+(len($F92)-len(SUBSTITUTE($F92,"D","")))+(len($F92)-len(SUBSTITUTE($F92,"F","")))+(len($F92)-len(SUBSTITUTE($F92,"B","")))+(len($F92)-len(SUBSTITUTE($F92,"M","")))+(len($F92)-len(SUBSTITUTE($F92,"S","")))+(len($F92)-len(SUBSTITUTE($F92,"E",""))) -> 0 | H92: =(len($F92)-len(SUBSTITUTE($F92,"R","")))+(len($F92)-len(SUBSTITUTE($F92,"L","")))+(len($F92)-len(SUBSTITUTE($F92,"U","")))+(len($F92)-len(SUBSTITUTE($F92,"D","")))+(len($F92)-len(SUBSTITUTE($F92,"F","")))+(len($F92)-len(SUBSTITUTE($F92,"B","")))+(len($F92)-len(SUBSTITUTE($F92,"M","")))+(len($F92)-len(SUBSTITUTE($F92,"S","")))+(len($F92)-len(SUBSTITUTE($F92,"E","")))+(len($F92)-len(SUBSTITUTE($F92,"2",""))) -> 0
B93: LD | C93: UR | D93: =VLOOKUP($B93,Letters!$C$29:$D$52,2,FALSE) & VLOOKUP($C93,Letters!$C$29:$D$52,2,FALSE) -> ED | G93: =(len($F93)-len(SUBSTITUTE($F93,"R","")))+(len($F93)-len(SUBSTITUTE($F93,"L","")))+(len($F93)-len(SUBSTITUTE($F93,"U","")))+(len($F93)-len(SUBSTITUTE($F93,"D","")))+(len($F93)-len(SUBSTITUTE($F93,"F","")))+(len($F93)-len(SUBSTITUTE($F93,"B","")))+(len($F93)-len(SUBSTITUTE($F93,"M","")))+(len($F93)-len(SUBSTITUTE($F93,"S","")))+(len($F93)-len(SUBSTITUTE($F93,"E",""))) -> 0 | H93: =(len($F93)-len(SUBSTITUTE($F93,"R","")))+(len($F93)-len(SUBSTITUTE($F93,"L","")))+(len($F93)-len(SUBSTITUTE($F93,"U","")))+(len($F93)-len(SUBSTITUTE($F93,"D","")))+(len($F93)-len(SUBSTITUTE($F93,"F","")))+(len($F93)-len(SUBSTITUTE($F93,"B","")))+(len($F93)-len(SUBSTITUTE($F93,"M","")))+(len($F93)-len(SUBSTITUTE($F93,"S","")))+(len($F93)-len(SUBSTITUTE($F93,"E","")))+(len($F93)-len(SUBSTITUTE($F93,"2",""))) -> 0
B94: LD | C94: LB | D94: =VLOOKUP($B94,Letters!$C$29:$D$52,2,FALSE) & VLOOKUP($C94,Letters!$C$29:$D$52,2,FALSE) -> EF | G94: =(len($F94)-len(SUBSTITUTE($F94,"R","")))+(len($F94)-len(SUBSTITUTE($F94,"L","")))+(len($F94)-len(SUBSTITUTE($F94,"U","")))+(len($F94)-len(SUBSTITUTE($F94,"D","")))+(len($F94)-len(SUBSTITUTE($F94,"F","")))+(len($F94)-len(SUBSTITUTE($F94,"B","")))+(len($F94)-len(SUBSTITUTE($F94,"M","")))+(len($F94)-len(SUBSTITUTE($F94,"S","")))+(len($F94)-len(SUBSTITUTE($F94,"E",""))) -> 0 | H94: =(len($F94)-len(SUBSTITUTE($F94,"R","")))+(len($F94)-len(SUBSTITUTE($F94,"L","")))+(len($F94)-len(SUBSTITUTE($F94,"U","")))+(len($F94)-len(SUBSTITUTE($F94,"D","")))+(len($F94)-len(SUBSTITUTE($F94,"F","")))+(len($F94)-len(SUBSTITUTE($F94,"B","")))+(len($F94)-len(SUBSTITUTE($F94,"M","")))+(len($F94)-len(SUBSTITUTE($F94,"S","")))+(len($F94)-len(SUBSTITUTE($F94,"E","")))+(len($F94)-len(SUBSTITUTE($F94,"2",""))) -> 0
B95: LD | C95: LU | D95: =VLOOKUP($B95,Letters!$C$29:$D$52,2,FALSE) & VLOOKUP($C95,Letters!$C$29:$D$52,2,FALSE) -> EG | G95: =(len($F95)-len(SUBSTITUTE($F95,"R","")))+(len($F95)-len(SUBSTITUTE($F95,"L","")))+(len($F95)-len(SUBSTITUTE($F95,"U","")))+(len($F95)-len(SUBSTITUTE($F95,"D","")))+(len($F95)-len(SUBSTITUTE($F95,"F","")))+(len($F95)-len(SUBSTITUTE($F95,"B","")))+(len($F95)-len(SUBSTITUTE($F95,"M","")))+(len($F95)-len(SUBSTITUTE($F95,"S","")))+(len($F95)-len(SUBSTITUTE($F95,"E",""))) -> 0 | H95: =(len($F95)-len(SUBSTITUTE($F95,"R","")))+(len($F95)-len(SUBSTITUTE($F95,"L","")))+(len($F95)-len(SUBSTITUTE($F95,"U","")))+(len($F95)-len(SUBSTITUTE($F95,"D","")))+(len($F95)-len(SUBSTITUTE($F95,"F","")))+(len($F95)-len(SUBSTITUTE($F95,"B","")))+(len($F95)-len(SUBSTITUTE($F95,"M","")))+(len($F95)-len(SUBSTITUTE($F95,"S","")))+(len($F95)-len(SUBSTITUTE($F95,"E","")))+(len($F95)-len(SUBSTITUTE($F95,"2",""))) -> 0
B96: LD | C96: LF | D96: =VLOOKUP($B96,Letters!$C$29:$D$52,2,FALSE) & VLOOKUP($C96,Letters!$C$29:$D$52,2,FALSE) -> EH | G96: =(len($F96)-len(SUBSTITUTE($F96,"R","")))+(len($F96)-len(SUBSTITUTE($F96,"L","")))+(len($F96)-len(SUBSTITUTE($F96,"U","")))+(len($F96)-len(SUBSTITUTE($F96,"D","")))+(len($F96)-len(SUBSTITUTE($F96,"F","")))+(len($F96)-len(SUBSTITUTE($F96,"B","")))+(len($F96)-len(SUBSTITUTE($F96,"M","")))+(len($F96)-len(SUBSTITUTE($F96,"S","")))+(len($F96)-len(SUBSTITUTE($F96,"E",""))) -> 0 | H96: =(len($F96)-len(SUBSTITUTE($F96,"R","")))+(len($F96)-len(SUBSTITUTE($F96,"L","")))+(len($F96)-len(SUBSTITUTE($F96,"U","")))+(len($F96)-len(SUBSTITUTE($F96,"D","")))+(len($F96)-len(SUBSTITUTE($F96,"F","")))+(len($F96)-len(SUBSTITUTE($F96,"B","")))+(len($F96)-len(SUBSTITUTE($F96,"M","")))+(len($F96)-len(SUBSTITUTE($F96,"S","")))+(len($F96)-len(SUBSTITUTE($F96,"E","")))+(len($F96)-len(SUBSTITUTE($F96,"2",""))) -> 0
B97: LD | C97: FL | D97: =VLOOKUP($B97,Letters!$C$29:$D$52,2,FALSE) & VLOOKUP($C97,Letters!$C$29:$D$52,2,FALSE) -> EJ | G97: =(len($F97)-len(SUBSTITUTE($F97,"R","")))+(len($F97)-len(SUBSTITUTE($F97,"L","")))+(len($F97)-len(SUBSTITUTE($F97,"U","")))+(len($F97)-len(SUBSTITUTE($F97,"D","")))+(len($F97)-len(SUBSTITUTE($F97,"F","")))+(len($F97)-len(SUBSTITUTE($F97,"B","")))+(len($F97)-len(SUBSTITUTE($F97,"M","")))+(len($F97)-len(SUBSTITUTE($F97,"S","")))+(len($F97)-len(SUBSTITUTE($F97,"E",""))) -> 0 | H97: =(len($F97)-len(SUBSTITUTE($F97,"R","")))+(len($F97)-len(SUBSTITUTE($F97,"L","")))+(len($F97)-len(SUBSTITUTE($F97,"U","")))+(len($F97)-len(SUBSTITUTE($F97,"D","")))+(len($F97)-len(SUBSTITUTE($F97,"F","")))+(len($F97)-len(SUBSTITUTE($F97,"B","")))+(len($F97)-len(SUBSTITUTE($F97,"M","")))+(len($F97)-len(SUBSTITUTE($F97,"S","")))+(len($F97)-len(SUBSTITUTE($F97,"E","")))+(len($F97)-len(SUBSTITUTE($F97,"2",""))) -> 0
B98: LD | C98: FU | D98: =VLOOKUP($B98,Letters!$C$29:$D$52,2,FALSE) & VLOOKUP($C98,Letters!$C$29:$D$52,2,FALSE) -> EK | G98: =(len($F98)-len(SUBSTITUTE($F98,"R","")))+(len($F98)-len(SUBSTITUTE($F98,"L","")))+(len($F98)-len(SUBSTITUTE($F98,"U","")))+(len($F98)-len(SUBSTITUTE($F98,"D","")))+(len($F98)-len(SUBSTITUTE($F98,"F","")))+(len($F98)-len(SUBSTITUTE($F98,"B","")))+(len($F98)-len(SUBSTITUTE($F98,"M","")))+(len($F98)-len(SUBSTITUTE($F98,"S","")))+(len($F98)-len(SUBSTITUTE($F98,"E",""))) -> 0 | H98: =(len($F98)-len(SUBSTITUTE($F98,"R","")))+(len($F98)-len(SUBSTITUTE($F98,"L","")))+(len($F98)-len(SUBSTITUTE($F98,"U","")))+(len($F98)-len(SUBSTITUTE($F98,"D","")))+(len($F98)-len(SUBSTITUTE($F98,"F","")))+(len($F98)-len(SUBSTITUTE($F98,"B","")))+(len($F98)-len(SUBSTITUTE($F98,"M","")))+(len($F98)-len(SUBSTITUTE($F98,"S","")))+(len($F98)-len(SUBSTITUTE($F98,"E","")))+(len($F98)-len(SUBSTITUTE($F98,"2",""))) -> 0
B99: LD | C99: FR | D99: =VLOOKUP($B99,Letters!$C$29:$D$52,2,FALSE) & VLOOKUP($C99,Letters!$C$29:$D$52,2,FALSE) -> EL | G99: =(len($F99)-len(SUBSTITUTE($F99,"R","")))+(len($F99)-len(SUBSTITUTE($F99,"L","")))+(len($F99)-len(SUBSTITUTE($F99,"U","")))+(len($F99)-len(SUBSTITUTE($F99,"D","")))+(len($F99)-len(SUBSTITUTE($F99,"F","")))+(len($F99)-len(SUBSTITUTE($F99,"B","")))+(len($F99)-len(SUBSTITUTE($F99,"M","")))+(len($F99)-len(SUBSTITUTE($F99,"S","")))+(len($F99)-len(SUBSTITUTE($F99,"E",""))) -> 0 | H99: =(len($F99)-len(SUBSTITUTE($F99,"R","")))+(len($F99)-len(SUBSTITUTE($F99,"L","")))+(len($F99)-len(SUBSTITUTE($F99,"U","")))+(len($F99)-len(SUBSTITUTE($F99,"D","")))+(len($F99)-len(SUBSTITUTE($F99,"F","")))+(len($F99)-len(SUBSTITUTE($F99,"B","")))+(len($F99)-len(SUBSTITUTE($F99,"M","")))+(len($F99)-len(SUBSTITUTE($F99,"S","")))+(len($F99)-len(SUBSTITUTE($F99,"E","")))+(len($F99)-len(SUBSTITUTE($F99,"2",""))) -> 0
B100: LD | C100: RD | D100: =VLOOKUP($B100,Letters!$C$29:$D$52,2,FALSE) & VLOOKUP($C100,Letters!$C$29:$D$52,2,FALSE) -> EM | G100: =(len($F100)-len(SUBSTITUTE($F100,"R","")))+(len($F100)-len(SUBSTITUTE($F100,"L","")))+(len($F100)-len(SUBSTITUTE($F100,"U","")))+(len($F100)-len(SUBSTITUTE($F100,"D","")))+(len($F100)-len(SUBSTITUTE($F100,"F","")))+(len($F100)-len(SUBSTITUTE($F100,"B","")))+(len($F100)-len(SUBSTITUTE($F100,"M","")))+(len($F100)-len(SUBSTITUTE($F100,"S","")))+(len($F100)-len(SUBSTITUTE($F100,"E",""))) -> 0 | H100: =(len($F100)-len(SUBSTITUTE($F100,"R","")))+(len($F100)-len(SUBSTITUTE($F100,"L","")))+(len($F100)-len(SUBSTITUTE($F100,"U","")))+(len($F100)-len(SUBSTITUTE($F100,"D","")))+(len($F100)-len(SUBSTITUTE($F100,"F","")))+(len($F100)-len(SUBSTITUTE($F100,"B","")))+(len($F100)-len(SUBSTITUTE($F100,"M","")))+(len($F100)-len(SUBSTITUTE($F100,"S","")))+(len($F100)-len(SUBSTITUTE($F100,"E","")))+(len($F100)-len(SUBSTITUTE($F100,"2",""))) -> 0
B101: LD | C101: RF | D101: =VLOOKUP($B101,Letters!$C$29:$D$52,2,FALSE) & VLOOKUP($C101,Letters!$C$29:$D$52,2,FALSE) -> EN | G101: =(len($F101)-len(SUBSTITUTE($F101,"R","")))+(len($F101)-len(SUBSTITUTE($F101,"L","")))+(len($F101)-len(SUBSTITUTE($F101,"U","")))+(len($F101)-len(SUBSTITUTE($F101,"D","")))+(len($F101)-len(SUBSTITUTE($F101,"F","")))+(len($F101)-len(SUBSTITUTE($F101,"B","")))+(len($F101)-len(SUBSTITUTE($F101,"M","")))+(len($F101)-len(SUBSTITUTE($F101,"S","")))+(len($F101)-len(SUBSTITUTE($F101,"E",""))) -> 0 | H101: =(len($F101)-len(SUBSTITUTE($F101,"R","")))+(len($F101)-len(SUBSTITUTE($F101,"L","")))+(len($F101)-len(SUBSTITUTE($F101,"U","")))+(len($F101)-len(SUBSTITUTE($F101,"D","")))+(len($F101)-len(SUBSTITUTE($F101,"F","")))+(len($F101)-len(SUBSTITUTE($F101,"B","")))+(len($F101)-len(SUBSTITUTE($F101,"M","")))+(len($F101)-len(SUBSTITUTE($F101,"S","")))+(len($F101)-len(SUBSTITUTE($F101,"E","")))+(len($F101)-len(SUBSTITUTE($F101,"2",""))) -> 0
B102: LD | C102: RU | D102: =VLOOKUP($B102,Letters!$C$29:$D$52,2,FALSE) & VLOOKUP($C102,Letters!$C$29:$D$52,2,FALSE) -> EO | G102: =(len($F102)-len(SUBSTITUTE($F102,"R","")))+(len($F102)-len(SUBSTITUTE($F102,"L","")))+(len($F102)-len(SUBSTITUTE($F102,"U","")))+(len($F102)-len(SUBSTITUTE($F102,"D","")))+(len($F102)-len(SUBSTITUTE($F102,"F","")))+(len($F102)-len(SUBSTITUTE($F102,"B","")))+(len($F102)-len(SUBSTITUTE($F102,"M","")))+(len($F102)-len(SUBSTITUTE($F102,"S","")))+(len($F102)-len(SUBSTITUTE($F102,"E",""))) -> 0 | H102: =(len($F102)-len(SUBSTITUTE($F102,"R","")))+(len($F102)-len(SUBSTITUTE($F102,"L","")))+(len($F102)-len(SUBSTITUTE($F102,"U","")))+(len($F102)-len(SUBSTITUTE($F102,"D","")))+(len($F102)-len(SUBSTITUTE($F102,"F","")))+(len($F102)-len(SUBSTITUTE($F102,"B","")))+(len($F102)-len(SUBSTITUTE($F102,"M","")))+(len($F102)-len(SUBSTITUTE($F102,"S","")))+(len($F102)-len(SUBSTITUTE($F102,"E","")))+(len($F102)-len(SUBSTITUTE($F102,"2",""))) -> 0
B103: LD | C103: RB | D103: =VLOOKUP($B103,Letters!$C$29:$D$52,2,FALSE) & VLOOKUP($C103,Letters!$C$29:$D$52,2,FALSE) -> EP | G103: =(len($F103)-len(SUBSTITUTE($F103,"R","")))+(len($F103)-len(SUBSTITUTE($F103,"L","")))+(len($F103)-len(SUBSTITUTE($F103,"U","")))+(len($F103)-len(SUBSTITUTE($F103,"D","")))+(len($F103)-len(SUBSTITUTE($F103,"F","")))+(len($F103)-len(SUBSTITUTE($F103,"B","")))+(len($F103)-len(SUBSTITUTE($F103,"M","")))+(len($F103)-len(SUBSTITUTE($F103,"S","")))+(len($F103)-len(SUBSTITUTE($F103,"E",""))) -> 0 | H103: =(len($F103)-len(SUBSTITUTE($F103,"R","")))+(len($F103)-len(SUBSTITUTE($F103,"L","")))+(len($F103)-len(SUBSTITUTE($F103,"U","")))+(len($F103)-len(SUBSTITUTE($F103,"D","")))+(len($F103)-len(SUBSTITUTE($F103,"F","")))+(len($F103)-len(SUBSTITUTE($F103,"B","")))+(len($F103)-len(SUBSTITUTE($F103,"M","")))+(len($F103)-len(SUBSTITUTE($F103,"S","")))+(len($F103)-len(SUBSTITUTE($F103,"E","")))+(len($F103)-len(SUBSTITUTE($F103,"2",""))) -> 0
... B108: LD | C108: DB | D108: =VLOOKUP($B108,Letters!$C$29:$D$52,2,FALSE) & VLOOKUP($C108,Letters!$C$29:$D$52,2,FALSE) -> EU | G108: =(len($F108)-len(SUBSTITUTE($F108,"R","")))+(len($F108)-len(SUBSTITUTE($F108,"L","")))+(len($F108)-len(SUBSTITUTE($F108,"U","")))+(len($F108)-len(SUBSTITUTE($F108,"D","")))+(len($F108)-len(SUBSTITUTE($F108,"F","")))+(len($F108)-len(SUBSTITUTE($F108,"B","")))+(len($F108)-len(SUBSTITUTE($F108,"M","")))+(len($F108)-len(SUBSTITUTE($F108,"S","")))+(len($F108)-len(SUBSTITUTE($F108,"E",""))) -> 0 | H108: =(len($F108)-len(SUBSTITUTE($F108,"R","")))+(len($F108)-len(SUBSTITUTE($F108,"L","")))+(len($F108)-len(SUBSTITUTE($F108,"U","")))+(len($F108)-len(SUBSTITUTE($F108,"D","")))+(len($F108)-len(SUBSTITUTE($F108,"F","")))+(len($F108)-len(SUBSTITUTE($F108,"B","")))+(len($F108)-len(SUBSTITUTE($F108,"M","")))+(len($F108)-len(SUBSTITUTE($F108,"S","")))+(len($F108)-len(SUBSTITUTE($F108,"E","")))+(len($F108)-len(SUBSTITUTE($F108,"2",""))) -> 0
B109: LD | C109: DR | D109: =VLOOKUP($B109,Letters!$C$29:$D$52,2,FALSE) & VLOOKUP($C109,Letters!$C$29:$D$52,2,FALSE) -> EI | E109: [S', Rw F Rw'] | F109: S' Rw F Rw' S Rw F' Rw' | G109: =(len($F109)-len(SUBSTITUTE($F109,"R","")))+(len($F109)-len(SUBSTITUTE($F109,"L","")))+(len($F109)-len(SUBSTITUTE($F109,"U","")))+(len($F109)-len(SUBSTITUTE($F109,"D","")))+(len($F109)-len(SUBSTITUTE($F109,"F","")))+(len($F109)-len(SUBSTITUTE($F109,"B","")))+(len($F109)-len(SUBSTITUTE($F109,"M","")))+(len($F109)-len(SUBSTITUTE($F109,"S","")))+(len($F109)-len(SUBSTITUTE($F109,"E",""))) -> 8 | H109: =(len($F109)-len(SUBSTITUTE($F109,"R","")))+(len($F109)-len(SUBSTITUTE($F109,"L","")))+(len($F109)-len(SUBSTITUTE($F109,"U","")))+(len($F109)-len(SUBSTITUTE($F109,"D","")))+(len($F109)-len(SUBSTITUTE($F109,"F","")))+(len($F109)-len(SUBSTITUTE($F109,"B","")))+(len($F109)-len(SUBSTITUTE($F109,"M","")))+(len($F109)-len(SUBSTITUTE($F109,"S","")))+(len($F109)-len(SUBSTITUTE($F109,"E","")))+(len($F109)-len(SUBSTITUTE($F109,"2",""))) -> 8 | I109: =AVERAGE(H90:H109) -> 1.3
B111: LB | C111: UF | D111: =VLOOKUP($B111,Letters!$C$29:$D$52,2,FALSE) & VLOOKUP($C111,Letters!$C$29:$D$52,2,FALSE) -> FA | G111: =(len($F111)-len(SUBSTITUTE($F111,"R","")))+(len($F111)-len(SUBSTITUTE($F111,"L","")))+(len($F111)-len(SUBSTITUTE($F111,"U","")))+(len($F111)-len(SUBSTITUTE($F111,"D","")))+(len($F111)-len(SUBSTITUTE($F111,"F","")))+(len($F111)-len(SUBSTITUTE($F111,"B","")))+(len($F111)-len(SUBSTITUTE($F111,"M","")))+(len($F111)-len(SUBSTITUTE($F111,"S","")))+(len($F111)-len(SUBSTITUTE($F111,"E",""))) -> 0 | H111: =(len($F111)-len(SUBSTITUTE($F111,"R","")))+(len($F111)-len(SUBSTITUTE($F111,"L","")))+(len($F111)-len(SUBSTITUTE($F111,"U","")))+(len($F111)-len(SUBSTITUTE($F111,"D","")))+(len($F111)-len(SUBSTITUTE($F111,"F","")))+(len($F111)-len(SUBSTITUTE($F111,"B","")))+(len($F111)-len(SUBSTITUTE($F111,"M","")))+(len($F111)-len(SUBSTITUTE($F111,"S","")))+(len($F111)-len(SUBSTITUTE($F111,"E","")))+(len($F111)-len(SUBSTITUTE($F111,"2",""))) -> 0
B112: LB | C112: UL | D112: =VLOOKUP($B112,Letters!$C$29:$D$52,2,FALSE) & VLOOKUP($C112,Letters!$C$29:$D$52,2,FALSE) -> FB | G112: =(len($F112)-len(SUBSTITUTE($F112,"R","")))+(len($F112)-len(SUBSTITUTE($F112,"L","")))+(len($F112)-len(SUBSTITUTE($F112,"U","")))+(len($F112)-len(SUBSTITUTE($F112,"D","")))+(len($F112)-len(SUBSTITUTE($F112,"F","")))+(len($F112)-len(SUBSTITUTE($F112,"B","")))+(len($F112)-len(SUBSTITUTE($F112,"M","")))+(len($F112)-len(SUBSTITUTE($F112,"S","")))+(len($F112)-len(SUBSTITUTE($F112,"E",""))) -> 0 | H112: =(len($F112)-len(SUBSTITUTE($F112,"R","")))+(len($F112)-len(SUBSTITUTE($F112,"L","")))+(len($F112)-len(SUBSTITUTE($F112,"U","")))+(len($F112)-len(SUBSTITUTE($F112,"D","")))+(len($F112)-len(SUBSTITUTE($F112,"F","")))+(len($F112)-len(SUBSTITUTE($F112,"B","")))+(len($F112)-len(SUBSTITUTE($F112,"M","")))+(len($F112)-len(SUBSTITUTE($F112,"S","")))+(len($F112)-len(SUBSTITUTE($F112,"E","")))+(len($F112)-len(SUBSTITUTE($F112,"2",""))) -> 0
B113: LB | C113: UB | D113: =VLOOKUP($B113,Letters!$C$29:$D$52,2,FALSE) & VLOOKUP($C113,Letters!$C$29:$D$52,2,FALSE) -> FC | G113: =(len($F113)-len(SUBSTITUTE($F113,"R","")))+(len($F113)-len(SUBSTITUTE($F113,"L","")))+(len($F113)-len(SUBSTITUTE($F113,"U","")))+(len($F113)-len(SUBSTITUTE($F113,"D","")))+(len($F113)-len(SUBSTITUTE($F113,"F","")))+(len($F113)-len(SUBSTITUTE($F113,"B","")))+(len($F113)-len(SUBSTITUTE($F113,"M","")))+(len($F113)-len(SUBSTITUTE($F113,"S","")))+(len($F113)-len(SUBSTITUTE($F113,"E",""))) -> 0 | H113: =(len($F113)-len(SUBSTITUTE($F113,"R","")))+(len($F113)-len(SUBSTITUTE($F113,"L","")))+(len($F113)-len(SUBSTITUTE($F113,"U","")))+(len($F113)-len(SUBSTITUTE($F113,"D","")))+(len($F113)-len(SUBSTITUTE($F113,"F","")))+(len($F113)-len(SUBSTITUTE($F113,"B","")))+(len($F113)-len(SUBSTITUTE($F113,"M","")))+(len($F113)-len(SUBSTITUTE($F113,"S","")))+(len($F113)-len(SUBSTITUTE($F113,"E","")))+(len($F113)-len(SUBSTITUTE($F113,"2",""))) -> 0
B114: LB | C114: UR | D114: =VLOOKUP($B114,Letters!$C$29:$D$52,2,FALSE) & VLOOKUP($C114,Letters!$C$29:$D$52,2,FALSE) -> FD | G114: =(len($F114)-len(SUBSTITUTE($F114,"R","")))+(len($F114)-len(SUBSTITUTE($F114,"L","")))+(len($F114)-len(SUBSTITUTE($F114,"U","")))+(len($F114)-len(SUBSTITUTE($F114,"D","")))+(len($F114)-len(SUBSTITUTE($F114,"F","")))+(len($F114)-len(SUBSTITUTE($F114,"B","")))+(len($F114)-len(SUBSTITUTE($F114,"M","")))+(len($F114)-len(SUBSTITUTE($F114,"S","")))+(len($F114)-len(SUBSTITUTE($F114,"E",""))) -> 0 | H114: =(len($F114)-len(SUBSTITUTE($F114,"R","")))+(len($F114)-len(SUBSTITUTE($F114,"L","")))+(len($F114)-len(SUBSTITUTE($F114,"U","")))+(len($F114)-len(SUBSTITUTE($F114,"D","")))+(len($F114)-len(SUBSTITUTE($F114,"F","")))+(len($F114)-len(SUBSTITUTE($F114,"B","")))+(len($F114)-len(SUBSTITUTE($F114,"M","")))+(len($F114)-len(SUBSTITUTE($F114,"S","")))+(len($F114)-len(SUBSTITUTE($F114,"E","")))+(len($F114)-len(SUBSTITUTE($F114,"2",""))) -> 0
B115: LB | C115: LD | D115: =VLOOKUP($B115,Letters!$C$29:$D$52,2,FALSE) & VLOOKUP($C115,Letters!$C$29:$D$52,2,FALSE) -> FE | G115: =(len($F115)-len(SUBSTITUTE($F115,"R","")))+(len($F115)-len(SUBSTITUTE($F115,"L","")))+(len($F115)-len(SUBSTITUTE($F115,"U","")))+(len($F115)-len(SUBSTITUTE($F115,"D","")))+(len($F115)-len(SUBSTITUTE($F115,"F","")))+(len($F115)-len(SUBSTITUTE($F115,"B","")))+(len($F115)-len(SUBSTITUTE($F115,"M","")))+(len($F115)-len(SUBSTITUTE($F115,"S","")))+(len($F115)-len(SUBSTITUTE($F115,"E",""))) -> 0 | H115: =(len($F115)-len(SUBSTITUTE($F115,"R","")))+(len($F115)-len(SUBSTITUTE($F115,"L","")))+(len($F115)-len(SUBSTITUTE($F115,"U","")))+(len($F115)-len(SUBSTITUTE($F115,"D","")))+(len($F115)-len(SUBSTITUTE($F115,"F","")))+(len($F115)-len(SUBSTITUTE($F115,"B","")))+(len($F115)-len(SUBSTITUTE($F115,"M","")))+(len($F115)-len(SUBSTITUTE($F115,"S","")))+(len($F115)-len(SUBSTITUTE($F115,"E","")))+(len($F115)-len(SUBSTITUTE($F115,"2",""))) -> 0
B116: LB | C116: LU | D116: =VLOOKUP($B116,Letters!$C$29:$D$52,2,FALSE) & VLOOKUP($C116,Letters!$C$29:$D$52,2,FALSE) -> FG | G116: =(len($F116)-len(SUBSTITUTE($F116,"R","")))+(len($F116)-len(SUBSTITUTE($F116,"L","")))+(len($F116)-len(SUBSTITUTE($F116,"U","")))+(len($F116)-len(SUBSTITUTE($F116,"D","")))+(len($F116)-len(SUBSTITUTE($F116,"F","")))+(len($F116)-len(SUBSTITUTE($F116,"B","")))+(len($F116)-len(SUBSTITUTE($F116,"M","")))+(len($F116)-len(SUBSTITUTE($F116,"S","")))+(len($F116)-len(SUBSTITUTE($F116,"E",""))) -> 0 | H116: =(len($F116)-len(SUBSTITUTE($F116,"R","")))+(len($F116)-len(SUBSTITUTE($F116,"L","")))+(len($F116)-len(SUBSTITUTE($F116,"U","")))+(len($F116)-len(SUBSTITUTE($F116,"D","")))+(len($F116)-len(SUBSTITUTE($F116,"F","")))+(len($F116)-len(SUBSTITUTE($F116,"B","")))+(len($F116)-len(SUBSTITUTE($F116,"M","")))+(len($F116)-len(SUBSTITUTE($F116,"S","")))+(len($F116)-len(SUBSTITUTE($F116,"E","")))+(len($F116)-len(SUBSTITUTE($F116,"2",""))) -> 0
B117: LB | C117: LF | D117: =VLOOKUP($B117,Letters!$C$29:$D$52,2,FALSE) & VLOOKUP($C117,Letters!$C$29:$D$52,2,FALSE) -> FH | G117: =(len($F117)-len(SUBSTITUTE($F117,"R","")))+(len($F117)-len(SUBSTITUTE($F117,"L","")))+(len($F117)-len(SUBSTITUTE($F117,"U","")))+(len($F117)-len(SUBSTITUTE($F117,"D","")))+(len($F117)-len(SUBSTITUTE($F117,"F","")))+(len($F117)-len(SUBSTITUTE($F117,"B","")))+(len($F117)-len(SUBSTITUTE($F117,"M","")))+(len($F117)-len(SUBSTITUTE($F117,"S","")))+(len($F117)-len(SUBSTITUTE($F117,"E",""))) -> 0 | H117: =(len($F117)-len(SUBSTITUTE($F117,"R","")))+(len($F117)-len(SUBSTITUTE($F117,"L","")))+(len($F117)-len(SUBSTITUTE($F117,"U","")))+(len($F117)-len(SUBSTITUTE($F117,"D","")))+(len($F117)-len(SUBSTITUTE($F117,"F","")))+(len($F117)-len(SUBSTITUTE($F117,"B","")))+(len($F117)-len(SUBSTITUTE($F117,"M","")))+(len($F117)-len(SUBSTITUTE($F117,"S","")))+(len($F117)-len(SUBSTITUTE($F117,"E","")))+(len($F117)-len(SUBSTITUTE($F117,"2",""))) -> 0
B118: LB | C118: FL | D118: =VLOOKUP($B118,Letters!$C$29:$D$52,2,FALSE) & VLOOKUP($C118,Letters!$C$29:$D$52,2,FALSE) -> FJ | G118: =(len($F118)-len(SUBSTITUTE($F118,"R","")))+(len($F118)-len(SUBSTITUTE($F118,"L","")))+(len($F118)-len(SUBSTITUTE($F118,"U","")))+(len($F118)-len(SUBSTITUTE($F118,"D","")))+(len($F118)-len(SUBSTITUTE($F118,"F","")))+(len($F118)-len(SUBSTITUTE($F118,"B","")))+(len($F118)-len(SUBSTITUTE($F118,"M","")))+(len($F118)-len(SUBSTITUTE($F118,"S","")))+(len($F118)-len(SUBSTITUTE($F118,"E",""))) -> 0 | H118: =(len($F118)-len(SUBSTITUTE($F118,"R","")))+(len($F118)-len(SUBSTITUTE($F118,"L","")))+(len($F118)-len(SUBSTITUTE($F118,"U","")))+(len($F118)-len(SUBSTITUTE($F118,"D","")))+(len($F118)-len(SUBSTITUTE($F118,"F","")))+(len($F118)-len(SUBSTITUTE($F118,"B","")))+(len($F118)-len(SUBSTITUTE($F118,"M","")))+(len($F118)-len(SUBSTITUTE($F118,"S","")))+(len($F118)-len(SUBSTITUTE($F118,"E","")))+(len($F118)-len(SUBSTITUTE($F118,"2",""))) -> 0
B119: LB | C119: FU | D119: =VLOOKUP($B119,Letters!$C$29:$D$52,2,FALSE) & VLOOKUP($C119,Letters!$C$29:$D$52,2,FALSE) -> FK | E119: [U L U', M'] | F119: U L U' M' U L' U' M | G119: =(len($F119)-len(SUBSTITUTE($F119,"R","")))+(len($F119)-len(SUBSTITUTE($F119,"L","")))+(len($F119)-len(SUBSTITUTE($F119,"U","")))+(len($F119)-len(SUBSTITUTE($F119,"D","")))+(len($F119)-len(SUBSTITUTE($F119,"F","")))+(len($F119)-len(SUBSTITUTE($F119,"B","")))+(len($F119)-len(SUBSTITUTE($F119,"M","")))+(len($F119)-len(SUBSTITUTE($F119,"S","")))+(len($F119)-len(SUBSTITUTE($F119,"E",""))) -> 8 | H119: =(len($F119)-len(SUBSTITUTE($F119,"R","")))+(len($F119)-len(SUBSTITUTE($F119,"L","")))+(len($F119)-len(SUBSTITUTE($F119,"U","")))+(len($F119)-len(SUBSTITUTE($F119,"D","")))+(len($F119)-len(SUBSTITUTE($F119,"F","")))+(len($F119)-len(SUBSTITUTE($F119,"B","")))+(len($F119)-len(SUBSTITUTE($F119,"M","")))+(len($F119)-len(SUBSTITUTE($F119,"S","")))+(len($F119)-len(SUBSTITUTE($F119,"E","")))+(len($F119)-len(SUBSTITUTE($F119,"2",""))) -> 8
B120: LB | C120: FR | D120: =VLOOKUP($B120,Letters!$C$29:$D$52,2,FALSE) & VLOOKUP($C120,Letters!$C$29:$D$52,2,FALSE) -> FL | G120: =(len($F120)-len(SUBSTITUTE($F120,"R","")))+(len($F120)-len(SUBSTITUTE($F120,"L","")))+(len($F120)-len(SUBSTITUTE($F120,"U","")))+(len($F120)-len(SUBSTITUTE($F120,"D","")))+(len($F120)-len(SUBSTITUTE($F120,"F","")))+(len($F120)-len(SUBSTITUTE($F120,"B","")))+(len($F120)-len(SUBSTITUTE($F120,"M","")))+(len($F120)-len(SUBSTITUTE($F120,"S","")))+(len($F120)-len(SUBSTITUTE($F120,"E",""))) -> 0 | H120: =(len($F120)-len(SUBSTITUTE($F120,"R","")))+(len($F120)-len(SUBSTITUTE($F120,"L","")))+(len($F120)-len(SUBSTITUTE($F120,"U","")))+(len($F120)-len(SUBSTITUTE($F120,"D","")))+(len($F120)-len(SUBSTITUTE($F120,"F","")))+(len($F120)-len(SUBSTITUTE($F120,"B","")))+(len($F120)-len(SUBSTITUTE($F120,"M","")))+(len($F120)-len(SUBSTITUTE($F120,"S","")))+(len($F120)-len(SUBSTITUTE($F120,"E","")))+(len($F120)-len(SUBSTITUTE($F120,"2",""))) -> 0
B121: LB | C121: RD | D121: =VLOOKUP($B121,Letters!$C$29:$D$52,2,FALSE) & VLOOKUP($C121,Letters!$C$29:$D$52,2,FALSE) -> FM | G121: =(len($F121)-len(SUBSTITUTE($F121,"R","")))+(len($F121)-len(SUBSTITUTE($F121,"L","")))+(len($F121)-len(SUBSTITUTE($F121,"U","")))+(len($F121)-len(SUBSTITUTE($F121,"D","")))+(len($F121)-len(SUBSTITUTE($F121,"F","")))+(len($F121)-len(SUBSTITUTE($F121,"B","")))+(len($F121)-len(SUBSTITUTE($F121,"M","")))+(len($F121)-len(SUBSTITUTE($F121,"S","")))+(len($F121)-len(SUBSTITUTE($F121,"E",""))) -> 0 | H121: =(len($F121)-len(SUBSTITUTE($F121,"R","")))+(len($F121)-len(SUBSTITUTE($F121,"L","")))+(len($F121)-len(SUBSTITUTE($F121,"U","")))+(len($F121)-len(SUBSTITUTE($F121,"D","")))+(len($F121)-len(SUBSTITUTE($F121,"F","")))+(len($F121)-len(SUBSTITUTE($F121,"B","")))+(len($F121)-len(SUBSTITUTE($F121,"M","")))+(len($F121)-len(SUBSTITUTE($F121,"S","")))+(len($F121)-len(SUBSTITUTE($F121,"E","")))+(len($F121)-len(SUBSTITUTE($F121,"2",""))) -> 0
B122: LB | C122: RF | D122: =VLOOKUP($B122,Letters!$C$29:$D$52,2,FALSE) & VLOOKUP($C122,Letters!$C$29:$D$52,2,FALSE) -> FN | G122: =(len($F122)-len(SUBSTITUTE($F122,"R","")))+(len($F122)-len(SUBSTITUTE($F122,"L","")))+(len($F122)-len(SUBSTITUTE($F122,"U","")))+(len($F122)-len(SUBSTITUTE($F122,"D","")))+(len($F122)-len(SUBSTITUTE($F122,"F","")))+(len($F122)-len(SUBSTITUTE($F122,"B","")))+(len($F122)-len(SUBSTITUTE($F122,"M","")))+(len($F122)-len(SUBSTITUTE($F122,"S","")))+(len($F122)-len(SUBSTITUTE($F122,"E",""))) -> 0 | H122: =(len($F122)-len(SUBSTITUTE($F122,"R","")))+(len($F122)-len(SUBSTITUTE($F122,"L","")))+(len($F122)-len(SUBSTITUTE($F122,"U","")))+(len($F122)-len(SUBSTITUTE($F122,"D","")))+(len($F122)-len(SUBSTITUTE($F122,"F","")))+(len($F122)-len(SUBSTITUTE($F122,"B","")))+(len($F122)-len(SUBSTITUTE($F122,"M","")))+(len($F122)-len(SUBSTITUTE($F122,"S","")))+(len($F122)-len(SUBSTITUTE($F122,"E","")))+(len($F122)-len(SUBSTITUTE($F122,"2",""))) -> 0
B123: LB | C123: RU | D123: =VLOOKUP($B123,Letters!$C$29:$D$52,2,FALSE) & VLOOKUP($C123,Letters!$C$29:$D$52,2,FALSE) -> FO | G123: =(len($F123)-len(SUBSTITUTE($F123,"R","")))+(len($F123)-len(SUBSTITUTE($F123,"L","")))+(len($F123)-len(SUBSTITUTE($F123,"U","")))+(len($F123)-len(SUBSTITUTE($F123,"D","")))+(len($F123)-len(SUBSTITUTE($F123,"F","")))+(len($F123)-len(SUBSTITUTE($F123,"B","")))+(len($F123)-len(SUBSTITUTE($F123,"M","")))+(len($F123)-len(SUBSTITUTE($F123,"S","")))+(len($F123)-len(SUBSTITUTE($F123,"E",""))) -> 0 | H123: =(len($F123)-len(SUBSTITUTE($F123,"R","")))+(len($F123)-len(SUBSTITUTE($F123,"L","")))+(len($F123)-len(SUBSTITUTE($F123,"U","")))+(len($F123)-len(SUBSTITUTE($F123,"D","")))+(len($F123)-len(SUBSTITUTE($F123,"F","")))+(len($F123)-len(SUBSTITUTE($F123,"B","")))+(len($F123)-len(SUBSTITUTE($F123,"M","")))+(len($F123)-len(SUBSTITUTE($F123,"S","")))+(len($F123)-len(SUBSTITUTE($F123,"E","")))+(len($F123)-len(SUBSTITUTE($F123,"2",""))) -> 0
B124: LB | C124: RB | D124: =VLOOKUP($B124,Letters!$C$29:$D$52,2,FALSE) & VLOOKUP($C124,Letters!$C$29:$D$52,2,FALSE) -> FP | G124: =(len($F124)-len(SUBSTITUTE($F124,"R","")))+(len($F124)-len(SUBSTITUTE($F124,"L","")))+(len($F124)-len(SUBSTITUTE($F124,"U","")))+(len($F124)-len(SUBSTITUTE($F124,"D","")))+(len($F124)-len(SUBSTITUTE($F124,"F","")))+(len($F124)-len(SUBSTITUTE($F124,"B","")))+(len($F124)-len(SUBSTITUTE($F124,"M","")))+(len($F124)-len(SUBSTITUTE($F124,"S","")))+(len($F124)-len(SUBSTITUTE($F124,"E",""))) -> 0 | H124: =(len($F124)-len(SUBSTITUTE($F124,"R","")))+(len($F124)-len(SUBSTITUTE($F124,"L","")))+(len($F124)-len(SUBSTITUTE($F124,"U","")))+(len($F124)-len(SUBSTITUTE($F124,"D","")))+(len($F124)-len(SUBSTITUTE($F124,"F","")))+(len($F124)-len(SUBSTITUTE($F124,"B","")))+(len($F124)-len(SUBSTITUTE($F124,"M","")))+(len($F124)-len(SUBSTITUTE($F124,"S","")))+(len($F124)-len(SUBSTITUTE($F124,"E","")))+(len($F124)-len(SUBSTITUTE($F124,"2",""))) -> 0
B125: LB | C125: BD | D125: =VLOOKUP($B125,Letters!$C$29:$D$52,2,FALSE) & VLOOKUP($C125,Letters!$C$29:$D$52,2,FALSE) -> FW | G125: =(len($F125)-len(SUBSTITUTE($F125,"R","")))+(len($F125)-len(SUBSTITUTE($F125,"L","")))+(len($F125)-len(SUBSTITUTE($F125,"U","")))+(len($F125)-len(SUBSTITUTE($F125,"D","")))+(len($F125)-len(SUBSTITUTE($F125,"F","")))+(len($F125)-len(SUBSTITUTE($F125,"B","")))+(len($F125)-len(SUBSTITUTE($F125,"M","")))+(len($F125)-len(SUBSTITUTE($F125,"S","")))+(len($F125)-len(SUBSTITUTE($F125,"E",""))) -> 0 | H125: =(len($F125)-len(SUBSTITUTE($F125,"R","")))+(len($F125)-len(SUBSTITUTE($F125,"L","")))+(len($F125)-len(SUBSTITUTE($F125,"U","")))+(len($F125)-len(SUBSTITUTE($F125,"D","")))+(len($F125)-len(SUBSTITUTE($F125,"F","")))+(len($F125)-len(SUBSTITUTE($F125,"B","")))+(len($F125)-len(SUBSTITUTE($F125,"M","")))+(len($F125)-len(SUBSTITUTE($F125,"S","")))+(len($F125)-len(SUBSTITUTE($F125,"E","")))+(len($F125)-len(SUBSTITUTE($F125,"2",""))) -> 0
B126: LB | C126: BR | D126: =VLOOKUP($B126,Letters!$C$29:$D$52,2,FALSE) & VLOOKUP($C126,Letters!$C$29:$D$52,2,FALSE) -> FR | G126: =(len($F126)-len(SUBSTITUTE($F126,"R","")))+(len($F126)-len(SUBSTITUTE($F126,"L","")))+(len($F126)-len(SUBSTITUTE($F126,"U","")))+(len($F126)-len(SUBSTITUTE($F126,"D","")))+(len($F126)-len(SUBSTITUTE($F126,"F","")))+(len($F126)-len(SUBSTITUTE($F126,"B","")))+(len($F126)-len(SUBSTITUTE($F126,"M","")))+(len($F126)-len(SUBSTITUTE($F126,"S","")))+(len($F126)-len(SUBSTITUTE($F126,"E",""))) -> 0 | H126: =(len($F126)-len(SUBSTITUTE($F126,"R","")))+(len($F126)-len(SUBSTITUTE($F126,"L","")))+(len($F126)-len(SUBSTITUTE($F126,"U","")))+(len($F126)-len(SUBSTITUTE($F126,"D","")))+(len($F126)-len(SUBSTITUTE($F126,"F","")))+(len($F126)-len(SUBSTITUTE($F126,"B","")))+(len($F126)-len(SUBSTITUTE($F126,"M","")))+(len($F126)-len(SUBSTITUTE($F126,"S","")))+(len($F126)-len(SUBSTITUTE($F126,"E","")))+(len($F126)-len(SUBSTITUTE($F126,"2",""))) -> 0
B127: LB | C127: BU | D127: =VLOOKUP($B127,Letters!$C$29:$D$52,2,FALSE) & VLOOKUP($C127,Letters!$C$29:$D$52,2,FALSE) -> FS | G127: =(len($F127)-len(SUBSTITUTE($F127,"R","")))+(len($F127)-len(SUBSTITUTE($F127,"L","")))+(len($F127)-len(SUBSTITUTE($F127,"U","")))+(len($F127)-len(SUBSTITUTE($F127,"D","")))+(len($F127)-len(SUBSTITUTE($F127,"F","")))+(len($F127)-len(SUBSTITUTE($F127,"B","")))+(len($F127)-len(SUBSTITUTE($F127,"M","")))+(len($F127)-len(SUBSTITUTE($F127,"S","")))+(len($F127)-len(SUBSTITUTE($F127,"E",""))) -> 0 | H127: =(len($F127)-len(SUBSTITUTE($F127,"R","")))+(len($F127)-len(SUBSTITUTE($F127,"L","")))+(len($F127)-len(SUBSTITUTE($F127,"U","")))+(len($F127)-len(SUBSTITUTE($F127,"D","")))+(len($F127)-len(SUBSTITUTE($F127,"F","")))+(len($F127)-len(SUBSTITUTE($F127,"B","")))+(len($F127)-len(SUBSTITUTE($F127,"M","")))+(len($F127)-len(SUBSTITUTE($F127,"S","")))+(len($F127)-len(SUBSTITUTE($F127,"E","")))+(len($F127)-len(SUBSTITUTE($F127,"2",""))) -> 0
B128: LB | C128: DB | D128: =VLOOKUP($B128,Letters!$C$29:$D$52,2,FALSE) & VLOOKUP($C128,Letters!$C$29:$D$52,2,FALSE) -> FU | G128: =(len($F128)-len(SUBSTITUTE($F128,"R","")))+(len($F128)-len(SUBSTITUTE($F128,"L","")))+(len($F128)-len(SUBSTITUTE($F128,"U","")))+(len($F128)-len(SUBSTITUTE($F128,"D","")))+(len($F128)-len(SUBSTITUTE($F128,"F","")))+(len($F128)-len(SUBSTITUTE($F128,"B","")))+(len($F128)-len(SUBSTITUTE($F128,"M","")))+(len($F128)-len(SUBSTITUTE($F128,"S","")))+(len($F128)-len(SUBSTITUTE($F128,"E",""))) -> 0 | H128: =(len($F128)-len(SUBSTITUTE($F128,"R","")))+(len($F128)-len(SUBSTITUTE($F128,"L","")))+(len($F128)-len(SUBSTITUTE($F128,"U","")))+(len($F128)-len(SUBSTITUTE($F128,"D","")))+(len($F128)-len(SUBSTITUTE($F128,"F","")))+(len($F128)-len(SUBSTITUTE($F128,"B","")))+(len($F128)-len(SUBSTITUTE($F128,"M","")))+(len($F128)-len(SUBSTITUTE($F128,"S","")))+(len($F128)-len(SUBSTITUTE($F128,"E","")))+(len($F128)-len(SUBSTITUTE($F128,"2",""))) -> 0
...

Sheet W
B2: 3-Cycles
D3: =SUM(A6:A533)&"/"&COUNTA(D6:D533) -> 105/506
B4: Target 1 | C4: Target 2 | D4: Letter Pair | E4: Commutator | F4: Algorithm | G4: STM | H4: QTM
B6: UFl | C6: ULb | D6: =VLOOKUP($B6,Letters!$C$56:$D$79,2,FALSE) & VLOOKUP($C6,Letters!$C$56:$D$79,2,FALSE) -> AB | E6: [U2 R: [r2, U R' U']] | F6: U2 R' Rw2 U R' U' r2 U R U' R' U2 | G6: =(len($F6)-len(SUBSTITUTE($F6,"R","")))+(len($F6)-len(SUBSTITUTE($F6,"L","")))+(len($F6)-len(SUBSTITUTE($F6,"U","")))+(len($F6)-len(SUBSTITUTE($F6,"D","")))+(len($F6)-len(SUBSTITUTE($F6,"F","")))+(len($F6)-len(SUBSTITUTE($F6,"B","")))+(len($F6)-len(SUBSTITUTE($F6,"r","")))+(len($F6)-len(SUBSTITUTE($F6,"l","")))+(len($F6)-len(SUBSTITUTE($F6,"u","")))+(len($F6)-len(SUBSTITUTE($F6,"d",""))) -> 12 | H6: =(len($F6)-len(SUBSTITUTE($F6,"R","")))+(len($F6)-len(SUBSTITUTE($F6,"L","")))+(len($F6)-len(SUBSTITUTE($F6,"U","")))+(len($F6)-len(SUBSTITUTE($F6,"D","")))+(len($F6)-len(SUBSTITUTE($F6,"F","")))+(len($F6)-len(SUBSTITUTE($F6,"B","")))+(len($F6)-len(SUBSTITUTE($F6,"r","")))+(len($F6)-len(SUBSTITUTE($F6,"l","")))+(len($F6)-len(SUBSTITUTE($F6,"u","")))+(len($F6)-len(SUBSTITUTE($F6,"d","")))+(len($F6)-len(SUBSTITUTE($F6,"2",""))) -> 16
B7: UFl | C7: UBr | D7: =VLOOKUP($B7,Letters!$C$56:$D$79,2,FALSE) & VLOOKUP($C7,Letters!$C$56:$D$79,2,FALSE) -> AC | E7: [U' R' U: [U R U', r2]] | F7: U' R' U2 R U' r2 U R' U' r2 U' R U | G7: =(len($F7)-len(SUBSTITUTE($F7,"R","")))+(len($F7)-len(SUBSTITUTE($F7,"L","")))+(len($F7)-len(SUBSTITUTE($F7,"U","")))+(len($F7)-len(SUBSTITUTE($F7,"D","")))+(len($F7)-len(SUBSTITUTE($F7,"F","")))+(len($F7)-len(SUBSTITUTE($F7,"B","")))+(len($F7)-len(SUBSTITUTE($F7,"r","")))+(len($F7)-len(SUBSTITUTE($F7,"l","")))+(len($F7)-len(SUBSTITUTE($F7,"u","")))+(len($F7)-len(SUBSTITUTE($F7,"d",""))) -> 13 | H7: =(len($F7)-len(SUBSTITUTE($F7,"R","")))+(len($F7)-len(SUBSTITUTE($F7,"L","")))+(len($F7)-len(SUBSTITUTE($F7,"U","")))+(len($F7)-len(SUBSTITUTE($F7,"D","")))+(len($F7)-len(SUBSTITUTE($F7,"F","")))+(len($F7)-len(SUBSTITUTE($F7,"B","")))+(len($F7)-len(SUBSTITUTE($F7,"r","")))+(len($F7)-len(SUBSTITUTE($F7,"l","")))+(len($F7)-len(SUBSTITUTE($F7,"u","")))+(len($F7)-len(SUBSTITUTE($F7,"d","")))+(len($F7)-len(SUBSTITUTE($F7,"2",""))) -> 16
B8: UFl | C8: URf | D8: =VLOOKUP($B8,Letters!$C$56:$D$79,2,FALSE) & VLOOKUP($C8,Letters!$C$56:$D$79,2,FALSE) -> AD | E8: [U' R: [U R' U', r2]] | F8: U' R U R' U' r2 U R U' Rw2' R U | G8: =(len($F8)-len(SUBSTITUTE($F8,"R","")))+(len($F8)-len(SUBSTITUTE($F8,"L","")))+(len($F8)-len(SUBSTITUTE($F8,"U","")))+(len($F8)-len(SUBSTITUTE($F8,"D","")))+(len($F8)-len(SUBSTITUTE($F8,"F","")))+(len($F8)-len(SUBSTITUTE($F8,"B","")))+(len($F8)-len(SUBSTITUTE($F8,"r","")))+(len($F8)-len(SUBSTITUTE($F8,"l","")))+(len($F8)-len(SUBSTITUTE($F8,"u","")))+(len($F8)-len(SUBSTITUTE($F8,"d",""))) -> 12 | H8: =(len($F8)-len(SUBSTITUTE($F8,"R","")))+(len($F8)-len(SUBSTITUTE($F8,"L","")))+(len($F8)-len(SUBSTITUTE($F8,"U","")))+(len($F8)-len(SUBSTITUTE($F8,"D","")))+(len($F8)-len(SUBSTITUTE($F8,"F","")))+(len($F8)-len(SUBSTITUTE($F8,"B","")))+(len($F8)-len(SUBSTITUTE($F8,"r","")))+(len($F8)-len(SUBSTITUTE($F8,"l","")))+(len($F8)-len(SUBSTITUTE($F8,"u","")))+(len($F8)-len(SUBSTITUTE($F8,"d","")))+(len($F8)-len(SUBSTITUTE($F8,"2",""))) -> 14
B9: UFl | C9: LDb | D9: =VLOOKUP($B9,Letters!$C$56:$D$79,2,FALSE) & VLOOKUP($C9,Letters!$C$56:$D$79,2,FALSE) -> AE | E9: [D: [U' R2 U, l'] | F9: D U' R2 U l' U' R2 U l D' | G9: =(len($F9)-len(SUBSTITUTE($F9,"R","")))+(len($F9)-len(SUBSTITUTE($F9,"L","")))+(len($F9)-len(SUBSTITUTE($F9,"U","")))+(len($F9)-len(SUBSTITUTE($F9,"D","")))+(len($F9)-len(SUBSTITUTE($F9,"F","")))+(len($F9)-len(SUBSTITUTE($F9,"B","")))+(len($F9)-len(SUBSTITUTE($F9,"r","")))+(len($F9)-len(SUBSTITUTE($F9,"l","")))+(len($F9)-len(SUBSTITUTE($F9,"u","")))+(len($F9)-len(SUBSTITUTE($F9,"d",""))) -> 10 | H9: =(len($F9)-len(SUBSTITUTE($F9,"R","")))+(len($F9)-len(SUBSTITUTE($F9,"L","")))+(len($F9)-len(SUBSTITUTE($F9,"U","")))+(len($F9)-len(SUBSTITUTE($F9,"D","")))+(len($F9)-len(SUBSTITUTE($F9,"F","")))+(len($F9)-len(SUBSTITUTE($F9,"B","")))+(len($F9)-len(SUBSTITUTE($F9,"r","")))+(len($F9)-len(SUBSTITUTE($F9,"l","")))+(len($F9)-len(SUBSTITUTE($F9,"u","")))+(len($F9)-len(SUBSTITUTE($F9,"d","")))+(len($F9)-len(SUBSTITUTE($F9,"2",""))) -> 12
B10: UFl | C10: LBu | D10: =VLOOKUP($B10,Letters!$C$56:$D$79,2,FALSE) & VLOOKUP($C10,Letters!$C$56:$D$79,2,FALSE) -> AF | E10: [Lw' U': [U' r U, L2]] | F10: Lw' U2 r U L2 U' r' U L2 U Lw | G10: =(len($F10)-len(SUBSTITUTE($F10,"R","")))+(len($F10)-len(SUBSTITUTE($F10,"L","")))+(len($F10)-len(SUBSTITUTE($F10,"U","")))+(len($F10)-len(SUBSTITUTE($F10,"D","")))+(len($F10)-len(SUBSTITUTE($F10,"F","")))+(len($F10)-len(SUBSTITUTE($F10,"B","")))+(len($F10)-len(SUBSTITUTE($F10,"r","")))+(len($F10)-len(SUBSTITUTE($F10,"l","")))+(len($F10)-len(SUBSTITUTE($F10,"u","")))+(len($F10)-len(SUBSTITUTE($F10,"d",""))) -> 11 | H10: =(len($F10)-len(SUBSTITUTE($F10,"R","")))+(len($F10)-len(SUBSTITUTE($F10,"L","")))+(len($F10)-len(SUBSTITUTE($F10,"U","")))+(len($F10)-len(SUBSTITUTE($F10,"D","")))+(len($F10)-len(SUBSTITUTE($F10,"F","")))+(len($F10)-len(SUBSTITUTE($F10,"B","")))+(len($F10)-len(SUBSTITUTE($F10,"r","")))+(len($F10)-len(SUBSTITUTE($F10,"l","")))+(len($F10)-len(SUBSTITUTE($F10,"u","")))+(len($F10)-len(SUBSTITUTE($F10,"d","")))+(len($F10)-len(SUBSTITUTE($F10,"2",""))) -> 14
B11: UFl | C11: LUf | D11: =VLOOKUP($B11,Letters!$C$56:$D$79,2,FALSE) & VLOOKUP($C11,Letters!$C$56:$D$79,2,FALSE) -> AG | E11: [U' Rw: [U R' U', r]] | F11: U' Rw U R' U' r U R U' Rw2' R U | G11: =(len($F11)-len(SUBSTITUTE($F11,"R","")))+(len($F11)-len(SUBSTITUTE($F11,"L","")))+(len($F11)-len(SUBSTITUTE($F11,"U","")))+(len($F11)-len(SUBSTITUTE($F11,"D","")))+(len($F11)-len(SUBSTITUTE($F11,"F","")))+(len($F11)-len(SUBSTITUTE($F11,"B","")))+(len($F11)-len(SUBSTITUTE($F11,"r","")))+(len($F11)-len(SUBSTITUTE($F11,"l","")))+(len($F11)-len(SUBSTITUTE($F11,"u","")))+(len($F11)-len(SUBSTITUTE($F11,"d",""))) -> 12 | H11: =(len($F11)-len(SUBSTITUTE($F11,"R","")))+(len($F11)-len(SUBSTITUTE($F11,"L","")))+(len($F11)-len(SUBSTITUTE($F11,"U","")))+(len($F11)-len(SUBSTITUTE($F11,"D","")))+(len($F11)-len(SUBSTITUTE($F11,"F","")))+(len($F11)-len(SUBSTITUTE($F11,"B","")))+(len($F11)-len(SUBSTITUTE($F11,"r","")))+(len($F11)-len(SUBSTITUTE($F11,"l","")))+(len($F11)-len(SUBSTITUTE($F11,"u","")))+(len($F11)-len(SUBSTITUTE($F11,"d","")))+(len($F11)-len(SUBSTITUTE($F11,"2",""))) -> 13
B12: UFl | C12: LFd | D12: =VLOOKUP($B12,Letters!$C$56:$D$79,2,FALSE) & VLOOKUP($C12,Letters!$C$56:$D$79,2,FALSE) -> AH | E12: [4Uw': [U' r2 U, R]] | F12: 4Uw' U' r2 U R U' r2 U R' 4Uw | G12: =(len($F12)-len(SUBSTITUTE($F12,"R","")))+(len($F12)-len(SUBSTITUTE($F12,"L","")))+(len($F12)-len(SUBSTITUTE($F12,"U","")))+(len($F12)-len(SUBSTITUTE($F12,"D","")))+(len($F12)-len(SUBSTITUTE($F12,"F","")))+(len($F12)-len(SUBSTITUTE($F12,"B","")))+(len($F12)-len(SUBSTITUTE($F12,"r","")))+(len($F12)-len(SUBSTITUTE($F12,"l","")))+(len($F12)-len(SUBSTITUTE($F12,"u","")))+(len($F12)-len(SUBSTITUTE($F12,"d",""))) -> 10 | H12: =(len($F12)-len(SUBSTITUTE($F12,"R","")))+(len($F12)-len(SUBSTITUTE($F12,"L","")))+(len($F12)-len(SUBSTITUTE($F12,"U","")))+(len($F12)-len(SUBSTITUTE($F12,"D","")))+(len($F12)-len(SUBSTITUTE($F12,"F","")))+(len($F12)-len(SUBSTITUTE($F12,"B","")))+(len($F12)-len(SUBSTITUTE($F12,"r","")))+(len($F12)-len(SUBSTITUTE($F12,"l","")))+(len($F12)-len(SUBSTITUTE($F12,"u","")))+(len($F12)-len(SUBSTITUTE($F12,"d","")))+(len($F12)-len(SUBSTITUTE($F12,"2",""))) -> 12
B13: UFl | C13: FDl | D13: =VLOOKUP($B13,Letters!$C$56:$D$79,2,FALSE) & VLOOKUP($C13,Letters!$C$56:$D$79,2,FALSE) -> AX | E13: [r': [D2, r' U2 r]] | F13: r' D2 r' U2 r D2 r' U2 r2 | G13: =(len($F13)-len(SUBSTITUTE($F13,"R","")))+(len($F13)-len(SUBSTITUTE($F13,"L","")))+(len($F13)-len(SUBSTITUTE($F13,"U","")))+(len($F13)-len(SUBSTITUTE($F13,"D","")))+(len($F13)-len(SUBSTITUTE($F13,"F","")))+(len($F13)-len(SUBSTITUTE($F13,"B","")))+(len($F13)-len(SUBSTITUTE($F13,"r","")))+(len($F13)-len(SUBSTITUTE($F13,"l","")))+(len($F13)-len(SUBSTITUTE($F13,"u","")))+(len($F13)-len(SUBSTITUTE($F13,"d",""))) -> 9 | H13: =(len($F13)-len(SUBSTITUTE($F13,"R","")))+(len($F13)-len(SUBSTITUTE($F13,"L","")))+(len($F13)-len(SUBSTITUTE($F13,"U","")))+(len($F13)-len(SUBSTITUTE($F13,"D","")))+(len($F13)-len(SUBSTITUTE($F13,"F","")))+(len($F13)-len(SUBSTITUTE($F13,"B","")))+(len($F13)-len(SUBSTITUTE($F13,"r","")))+(len($F13)-len(SUBSTITUTE($F13,"l","")))+(len($F13)-len(SUBSTITUTE($F13,"u","")))+(len($F13)-len(SUBSTITUTE($F13,"d","")))+(len($F13)-len(SUBSTITUTE($F13,"2",""))) -> 14
A14: 1 | B14: UFl | C14: FLu | D14: =VLOOKUP($B14,Letters!$C$56:$D$79,2,FALSE) & VLOOKUP($C14,Letters!$C$56:$D$79,2,FALSE) -> AJ | E14: [U: [U r2 U', L']] | F14: U2 r2 U' L' U r2 U' L U' | G14: =(len($F14)-len(SUBSTITUTE($F14,"R","")))+(len($F14)-len(SUBSTITUTE($F14,"L","")))+(len($F14)-len(SUBSTITUTE($F14,"U","")))+(len($F14)-len(SUBSTITUTE($F14,"D","")))+(len($F14)-len(SUBSTITUTE($F14,"F","")))+(len($F14)-len(SUBSTITUTE($F14,"B","")))+(len($F14)-len(SUBSTITUTE($F14,"r","")))+(len($F14)-len(SUBSTITUTE($F14,"l","")))+(len($F14)-len(SUBSTITUTE($F14,"u","")))+(len($F14)-len(SUBSTITUTE($F14,"d",""))) -> 9 | H14: =(len($F14)-len(SUBSTITUTE($F14,"R","")))+(len($F14)-len(SUBSTITUTE($F14,"L","")))+(len($F14)-len(SUBSTITUTE($F14,"U","")))+(len($F14)-len(SUBSTITUTE($F14,"D","")))+(len($F14)-len(SUBSTITUTE($F14,"F","")))+(len($F14)-len(SUBSTITUTE($F14,"B","")))+(len($F14)-len(SUBSTITUTE($F14,"r","")))+(len($F14)-len(SUBSTITUTE($F14,"l","")))+(len($F14)-len(SUBSTITUTE($F14,"u","")))+(len($F14)-len(SUBSTITUTE($F14,"d","")))+(len($F14)-len(SUBSTITUTE($F14,"2",""))) -> 12
A15: 1 | B15: UFl | C15: FUr | D15: =VLOOKUP($B15,Letters!$C$56:$D$79,2,FALSE) & VLOOKUP($C15,Letters!$C$56:$D$79,2,FALSE) -> AK | E15: [U2 Lw U2 Lw' U2, r] | F15: U2 Lw U2 Lw' U2 r U2 Lw U2 Lw' U2 r' | G15: =(len($F15)-len(SUBSTITUTE($F15,"R","")))+(len($F15)-len(SUBSTITUTE($F15,"L","")))+(len($F15)-len(SUBSTITUTE($F15,"U","")))+(len($F15)-len(SUBSTITUTE($F15,"D","")))+(len($F15)-len(SUBSTITUTE($F15,"F","")))+(len($F15)-len(SUBSTITUTE($F15,"B","")))+(len($F15)-len(SUBSTITUTE($F15,"r","")))+(len($F15)-len(SUBSTITUTE($F15,"l","")))+(len($F15)-len(SUBSTITUTE($F15,"u","")))+(len($F15)-len(SUBSTITUTE($F15,"d",""))) -> 12 | H15: =(len($F15)-len(SUBSTITUTE($F15,"R","")))+(len($F15)-len(SUBSTITUTE($F15,"L","")))+(len($F15)-len(SUBSTITUTE($F15,"U","")))+(len($F15)-len(SUBSTITUTE($F15,"D","")))+(len($F15)-len(SUBSTITUTE($F15,"F","")))+(len($F15)-len(SUBSTITUTE($F15,"B","")))+(len($F15)-len(SUBSTITUTE($F15,"r","")))+(len($F15)-len(SUBSTITUTE($F15,"l","")))+(len($F15)-len(SUBSTITUTE($F15,"u","")))+(len($F15)-len(SUBSTITUTE($F15,"d","")))+(len($F15)-len(SUBSTITUTE($F15,"2",""))) -> 18
A16: 1 | B16: UFl | C16: FRd | D16: =VLOOKUP($B16,Letters!$C$56:$D$79,2,FALSE) & VLOOKUP($C16,Letters!$C$56:$D$79,2,FALSE) -> AL | E16: [U': [U' r2 U, R]] | F16: U2 r2 U R U' r2 U R' U | G16: =(len($F16)-len(SUBSTITUTE($F16,"R","")))+(len($F16)-len(SUBSTITUTE($F16,"L","")))+(len($F16)-len(SUBSTITUTE($F16,"U","")))+(len($F16)-len(SUBSTITUTE($F16,"D","")))+(len($F16)-len(SUBSTITUTE($F16,"F","")))+(len($F16)-len(SUBSTITUTE($F16,"B","")))+(len($F16)-len(SUBSTITUTE($F16,"r","")))+(len($F16)-len(SUBSTITUTE($F16,"l","")))+(len($F16)-len(SUBSTITUTE($F16,"u","")))+(len($F16)-len(SUBSTITUTE($F16,"d",""))) -> 9 | H16: =(len($F16)-len(SUBSTITUTE($F16,"R","")))+(len($F16)-len(SUBSTITUTE($F16,"L","")))+(len($F16)-len(SUBSTITUTE($F16,"U","")))+(len($F16)-len(SUBSTITUTE($F16,"D","")))+(len($F16)-len(SUBSTITUTE($F16,"F","")))+(len($F16)-len(SUBSTITUTE($F16,"B","")))+(len($F16)-len(SUBSTITUTE($F16,"r","")))+(len($F16)-len(SUBSTITUTE($F16,"l","")))+(len($F16)-len(SUBSTITUTE($F16,"u","")))+(len($F16)-len(SUBSTITUTE($F16,"d","")))+(len($F16)-len(SUBSTITUTE($F16,"2",""))) -> 12
B17: UFl | C17: RDf | D17: =VLOOKUP($B17,Letters!$C$56:$D$79,2,FALSE) & VLOOKUP($C17,Letters!$C$56:$D$79,2,FALSE) -> AM | E17: [D': [U L2 U', l']] | F17: D' U L2 U' l' U L2 U' l D | G17: =(len($F17)-len(SUBSTITUTE($F17,"R","")))+(len($F17)-len(SUBSTITUTE($F17,"L","")))+(len($F17)-len(SUBSTITUTE($F17,"U","")))+(len($F17)-len(SUBSTITUTE($F17,"D","")))+(len($F17)-len(SUBSTITUTE($F17,"F","")))+(len($F17)-len(SUBSTITUTE($F17,"B","")))+(len($F17)-len(SUBSTITUTE($F17,"r","")))+(len($F17)-len(SUBSTITUTE($F17,"l","")))+(len($F17)-len(SUBSTITUTE($F17,"u","")))+(len($F17)-len(SUBSTITUTE($F17,"d",""))) -> 10 | H17: =(len($F17)-len(SUBSTITUTE($F17,"R","")))+(len($F17)-len(SUBSTITUTE($F17,"L","")))+(len($F17)-len(SUBSTITUTE($F17,"U","")))+(len($F17)-len(SUBSTITUTE($F17,"D","")))+(len($F17)-len(SUBSTITUTE($F17,"F","")))+(len($F17)-len(SUBSTITUTE($F17,"B","")))+(len($F17)-len(SUBSTITUTE($F17,"r","")))+(len($F17)-len(SUBSTITUTE($F17,"l","")))+(len($F17)-len(SUBSTITUTE($F17,"u","")))+(len($F17)-len(SUBSTITUTE($F17,"d","")))+(len($F17)-len(SUBSTITUTE($F17,"2",""))) -> 12
B18: UFl | C18: RFu | D18: =VLOOKUP($B18,Letters!$C$56:$D$79,2,FALSE) & VLOOKUP($C18,Letters!$C$56:$D$79,2,FALSE) -> AN | E18: [Uw': [U' r2 U, R']] | F18: Uw' U' r2 U R' U' r2 U R Uw | G18: =(len($F18)-len(SUBSTITUTE($F18,"R","")))+(len($F18)-len(SUBSTITUTE($F18,"L","")))+(len($F18)-len(SUBSTITUTE($F18,"U","")))+(len($F18)-len(SUBSTITUTE($F18,"D","")))+(len($F18)-len(SUBSTITUTE($F18,"F","")))+(len($F18)-len(SUBSTITUTE($F18,"B","")))+(len($F18)-len(SUBSTITUTE($F18,"r","")))+(len($F18)-len(SUBSTITUTE($F18,"l","")))+(len($F18)-len(SUBSTITUTE($F18,"u","")))+(len($F18)-len(SUBSTITUTE($F18,"d",""))) -> 10 | H18: =(len($F18)-len(SUBSTITUTE($F18,"R","")))+(len($F18)-len(SUBSTITUTE($F18,"L","")))+(len($F18)-len(SUBSTITUTE($F18,"U","")))+(len($F18)-len(SUBSTITUTE($F18,"D","")))+(len($F18)-len(SUBSTITUTE($F18,"F","")))+(len($F18)-len(SUBSTITUTE($F18,"B","")))+(len($F18)-len(SUBSTITUTE($F18,"r","")))+(len($F18)-len(SUBSTITUTE($F18,"l","")))+(len($F18)-len(SUBSTITUTE($F18,"u","")))+(len($F18)-len(SUBSTITUTE($F18,"d","")))+(len($F18)-len(SUBSTITUTE($F18,"2",""))) -> 12
B19: UFl | C19: RUb | D19: =VLOOKUP($B19,Letters!$C$56:$D$79,2,FALSE) & VLOOKUP($C19,Letters!$C$56:$D$79,2,FALSE) -> AO | E19: [Lw' U R: [U' R' U, r]] | F19: Lw' U R U' R' U r U' R U Rw' U' Lw | G19: =(len($F19)-len(SUBSTITUTE($F19,"R","")))+(len($F19)-len(SUBSTITUTE($F19,"L","")))+(len($F19)-len(SUBSTITUTE($F19,"U","")))+(len($F19)-len(SUBSTITUTE($F19,"D","")))+(len($F19)-len(SUBSTITUTE($F19,"F","")))+(len($F19)-len(SUBSTITUTE($F19,"B","")))+(len($F19)-len(SUBSTITUTE($F19,"r","")))+(len($F19)-len(SUBSTITUTE($F19,"l","")))+(len($F19)-len(SUBSTITUTE($F19,"u","")))+(len($F19)-len(SUBSTITUTE($F19,"d",""))) -> 13 | H19: =(len($F19)-len(SUBSTITUTE($F19,"R","")))+(len($F19)-len(SUBSTITUTE($F19,"L","")))+(len($F19)-len(SUBSTITUTE($F19,"U","")))+(len($F19)-len(SUBSTITUTE($F19,"D","")))+(len($F19)-len(SUBSTITUTE($F19,"F","")))+(len($F19)-len(SUBSTITUTE($F19,"B","")))+(len($F19)-len(SUBSTITUTE($F19,"r","")))+(len($F19)-len(SUBSTITUTE($F19,"l","")))+(len($F19)-len(SUBSTITUTE($F19,"u","")))+(len($F19)-len(SUBSTITUTE($F19,"d","")))+(len($F19)-len(SUBSTITUTE($F19,"2",""))) -> 13
B20: UFl | C20: RBd | D20: =VLOOKUP($B20,Letters!$C$56:$D$79,2,FALSE) & VLOOKUP($C20,Letters!$C$56:$D$79,2,FALSE) -> AP | E20: [Lw' U: [U r U', R']] | F20: Lw' U2 r U' R' U r' U' R U' Lw | G20: =(len($F20)-len(SUBSTITUTE($F20,"R","")))+(len($F20)-len(SUBSTITUTE($F20,"L","")))+(len($F20)-len(SUBSTITUTE($F20,"U","")))+(len($F20)-len(SUBSTITUTE($F20,"D","")))+(len($F20)-len(SUBSTITUTE($F20,"F","")))+(len($F20)-len(SUBSTITUTE($F20,"B","")))+(len($F20)-len(SUBSTITUTE($F20,"r","")))+(len($F20)-len(SUBSTITUTE($F20,"l","")))+(len($F20)-len(SUBSTITUTE($F20,"u","")))+(len($F20)-len(SUBSTITUTE($F20,"d",""))) -> 11 | H20: =(len($F20)-len(SUBSTITUTE($F20,"R","")))+(len($F20)-len(SUBSTITUTE($F20,"L","")))+(len($F20)-len(SUBSTITUTE($F20,"U","")))+(len($F20)-len(SUBSTITUTE($F20,"D","")))+(len($F20)-len(SUBSTITUTE($F20,"F","")))+(len($F20)-len(SUBSTITUTE($F20,"B","")))+(len($F20)-len(SUBSTITUTE($F20,"r","")))+(len($F20)-len(SUBSTITUTE($F20,"l","")))+(len($F20)-len(SUBSTITUTE($F20,"u","")))+(len($F20)-len(SUBSTITUTE($F20,"d","")))+(len($F20)-len(SUBSTITUTE($F20,"2",""))) -> 12
B21: UFl | C21: BDr | D21: =VLOOKUP($B21,Letters!$C$56:$D$79,2,FALSE) & VLOOKUP($C21,Letters!$C$56:$D$79,2,FALSE) -> AW | E21: [U' Rw': [U R U', r']] | F21: U' Rw' U R U' r' U R' U' R' Rw2 U | G21: =(len($F21)-len(SUBSTITUTE($F21,"R","")))+(len($F21)-len(SUBSTITUTE($F21,"L","")))+(len($F21)-len(SUBSTITUTE($F21,"U","")))+(len($F21)-len(SUBSTITUTE($F21,"D","")))+(len($F21)-len(SUBSTITUTE($F21,"F","")))+(len($F21)-len(SUBSTITUTE($F21,"B","")))+(len($F21)-len(SUBSTITUTE($F21,"r","")))+(len($F21)-len(SUBSTITUTE($F21,"l","")))+(len($F21)-len(SUBSTITUTE($F21,"u","")))+(len($F21)-len(SUBSTITUTE($F21,"d",""))) -> 12 | H21: =(len($F21)-len(SUBSTITUTE($F21,"R","")))+(len($F21)-len(SUBSTITUTE($F21,"L","")))+(len($F21)-len(SUBSTITUTE($F21,"U","")))+(len($F21)-len(SUBSTITUTE($F21,"D","")))+(len($F21)-len(SUBSTITUTE($F21,"F","")))+(len($F21)-len(SUBSTITUTE($F21,"B","")))+(len($F21)-len(SUBSTITUTE($F21,"r","")))+(len($F21)-len(SUBSTITUTE($F21,"l","")))+(len($F21)-len(SUBSTITUTE($F21,"u","")))+(len($F21)-len(SUBSTITUTE($F21,"d","")))+(len($F21)-len(SUBSTITUTE($F21,"2",""))) -> 13
A22: 1 | B22: UFl | C22: BRu | D22: =VLOOKUP($B22,Letters!$C$56:$D$79,2,FALSE) & VLOOKUP($C22,Letters!$C$56:$D$79,2,FALSE) -> AR | E22: [U': [U' r2 U, R']] | F22: U2 r2 U R' U' r2 U R U | G22: =(len($F22)-len(SUBSTITUTE($F22,"R","")))+(len($F22)-len(SUBSTITUTE($F22,"L","")))+(len($F22)-len(SUBSTITUTE($F22,"U","")))+(len($F22)-len(SUBSTITUTE($F22,"D","")))+(len($F22)-len(SUBSTITUTE($F22,"F","")))+(len($F22)-len(SUBSTITUTE($F22,"B","")))+(len($F22)-len(SUBSTITUTE($F22,"r","")))+(len($F22)-len(SUBSTITUTE($F22,"l","")))+(len($F22)-len(SUBSTITUTE($F22,"u","")))+(len($F22)-len(SUBSTITUTE($F22,"d",""))) -> 9 | H22: =(len($F22)-len(SUBSTITUTE($F22,"R","")))+(len($F22)-len(SUBSTITUTE($F22,"L","")))+(len($F22)-len(SUBSTITUTE($F22,"U","")))+(len($F22)-len(SUBSTITUTE($F22,"D","")))+(len($F22)-len(SUBSTITUTE($F22,"F","")))+(len($F22)-len(SUBSTITUTE($F22,"B","")))+(len($F22)-len(SUBSTITUTE($F22,"r","")))+(len($F22)-len(SUBSTITUTE($F22,"l","")))+(len($F22)-len(SUBSTITUTE($F22,"u","")))+(len($F22)-len(SUBSTITUTE($F22,"d","")))+(len($F22)-len(SUBSTITUTE($F22,"2",""))) -> 12
B23: UFl | C23: BUl | D23: =VLOOKUP($B23,Letters!$C$56:$D$79,2,FALSE) & VLOOKUP($C23,Letters!$C$56:$D$79,2,FALSE) -> AS | E23: [D': [U L2 U', l]] | F23: D' U L2 U' l U L2 U' l' D | G23: =(len($F23)-len(SUBSTITUTE($F23,"R","")))+(len($F23)-len(SUBSTITUTE($F23,"L","")))+(len($F23)-len(SUBSTITUTE($F23,"U","")))+(len($F23)-len(SUBSTITUTE($F23,"D","")))+(len($F23)-len(SUBSTITUTE($F23,"F","")))+(len($F23)-len(SUBSTITUTE($F23,"B","")))+(len($F23)-len(SUBSTITUTE($F23,"r","")))+(len($F23)-len(SUBSTITUTE($F23,"l","")))+(len($F23)-len(SUBSTITUTE($F23,"u","")))+(len($F23)-len(SUBSTITUTE($F23,"d",""))) -> 10 | H23: =(len($F23)-len(SUBSTITUTE($F23,"R","")))+(len($F23)-len(SUBSTITUTE($F23,"L","")))+(len($F23)-len(SUBSTITUTE($F23,"U","")))+(len($F23)-len(SUBSTITUTE($F23,"D","")))+(len($F23)-len(SUBSTITUTE($F23,"F","")))+(len($F23)-len(SUBSTITUTE($F23,"B","")))+(len($F23)-len(SUBSTITUTE($F23,"r","")))+(len($F23)-len(SUBSTITUTE($F23,"l","")))+(len($F23)-len(SUBSTITUTE($F23,"u","")))+(len($F23)-len(SUBSTITUTE($F23,"d","")))+(len($F23)-len(SUBSTITUTE($F23,"2",""))) -> 12
A24: 1 | B24: UFl | C24: BLd | D24: =VLOOKUP($B24,Letters!$C$56:$D$79,2,FALSE) & VLOOKUP($C24,Letters!$C$56:$D$79,2,FALSE) -> AT | E24: [U: [U r2 U', L]] | F24: U2 r2 U' L U r2 U' L' U' | G24: =(len($F24)-len(SUBSTITUTE($F24,"R","")))+(len($F24)-len(SUBSTITUTE($F24,"L","")))+(len($F24)-len(SUBSTITUTE($F24,"U","")))+(len($F24)-len(SUBSTITUTE($F24,"D","")))+(len($F24)-len(SUBSTITUTE($F24,"F","")))+(len($F24)-len(SUBSTITUTE($F24,"B","")))+(len($F24)-len(SUBSTITUTE($F24,"r","")))+(len($F24)-len(SUBSTITUTE($F24,"l","")))+(len($F24)-len(SUBSTITUTE($F24,"u","")))+(len($F24)-len(SUBSTITUTE($F24,"d",""))) -> 9 | H24: =(len($F24)-len(SUBSTITUTE($F24,"R","")))+(len($F24)-len(SUBSTITUTE($F24,"L","")))+(len($F24)-len(SUBSTITUTE($F24,"U","")))+(len($F24)-len(SUBSTITUTE($F24,"D","")))+(len($F24)-len(SUBSTITUTE($F24,"F","")))+(len($F24)-len(SUBSTITUTE($F24,"B","")))+(len($F24)-len(SUBSTITUTE($F24,"r","")))+(len($F24)-len(SUBSTITUTE($F24,"l","")))+(len($F24)-len(SUBSTITUTE($F24,"u","")))+(len($F24)-len(SUBSTITUTE($F24,"d","")))+(len($F24)-len(SUBSTITUTE($F24,"2",""))) -> 12
B25: UFl | C25: DBl | D25: =VLOOKUP($B25,Letters!$C$56:$D$79,2,FALSE) & VLOOKUP($C25,Letters!$C$56:$D$79,2,FALSE) -> AU | E25: [Lw' U Lw: [D2, r U r']] | F25: Lw' U Lw D2 r U r' D2 r U' r' Lw' U' Lw | G25: =(len($F25)-len(SUBSTITUTE($F25,"R","")))+(len($F25)-len(SUBSTITUTE($F25,"L","")))+(len($F25)-len(SUBSTITUTE($F25,"U","")))+(len($F25)-len(SUBSTITUTE($F25,"D","")))+(len($F25)-len(SUBSTITUTE($F25,"F","")))+(len($F25)-len(SUBSTITUTE($F25,"B","")))+(len($F25)-len(SUBSTITUTE($F25,"r","")))+(len($F25)-len(SUBSTITUTE($F25,"l","")))+(len($F25)-len(SUBSTITUTE($F25,"u","")))+(len($F25)-len(SUBSTITUTE($F25,"d",""))) -> 14 | H25: =(len($F25)-len(SUBSTITUTE($F25,"R","")))+(len($F25)-len(SUBSTITUTE($F25,"L","")))+(len($F25)-len(SUBSTITUTE($F25,"U","")))+(len($F25)-len(SUBSTITUTE($F25,"D","")))+(len($F25)-len(SUBSTITUTE($F25,"F","")))+(len($F25)-len(SUBSTITUTE($F25,"B","")))+(len($F25)-len(SUBSTITUTE($F25,"r","")))+(len($F25)-len(SUBSTITUTE($F25,"l","")))+(len($F25)-len(SUBSTITUTE($F25,"u","")))+(len($F25)-len(SUBSTITUTE($F25,"d","")))+(len($F25)-len(SUBSTITUTE($F25,"2",""))) -> 16
A26: 1 | B26: UFl | C26: DLf | D26: =VLOOKUP($B26,Letters!$C$56:$D$79,2,FALSE) & VLOOKUP($C26,Letters!$C$56:$D$79,2,FALSE) -> AV | E26: [U: [U r2 U', L2]] | F26: U2 r2 U' L2 U r2 U' L2 U' | G26: =(len($F26)-len(SUBSTITUTE($F26,"R","")))+(len($F26)-len(SUBSTITUTE($F26,"L","")))+(len($F26)-len(SUBSTITUTE($F26,"U","")))+(len($F26)-len(SUBSTITUTE($F26,"D","")))+(len($F26)-len(SUBSTITUTE($F26,"F","")))+(len($F26)-len(SUBSTITUTE($F26,"B","")))+(len($F26)-len(SUBSTITUTE($F26,"r","")))+(len($F26)-len(SUBSTITUTE($F26,"l","")))+(len($F26)-len(SUBSTITUTE($F26,"u","")))+(len($F26)-len(SUBSTITUTE($F26,"d",""))) -> 9 | H26: =(len($F26)-len(SUBSTITUTE($F26,"R","")))+(len($F26)-len(SUBSTITUTE($F26,"L","")))+(len($F26)-len(SUBSTITUTE($F26,"U","")))+(len($F26)-len(SUBSTITUTE($F26,"D","")))+(len($F26)-len(SUBSTITUTE($F26,"F","")))+(len($F26)-len(SUBSTITUTE($F26,"B","")))+(len($F26)-len(SUBSTITUTE($F26,"r","")))+(len($F26)-len(SUBSTITUTE($F26,"l","")))+(len($F26)-len(SUBSTITUTE($F26,"u","")))+(len($F26)-len(SUBSTITUTE($F26,"d","")))+(len($F26)-len(SUBSTITUTE($F26,"2",""))) -> 14
A27: 1 | B27: UFl | C27: DRb | D27: =VLOOKUP($B27,Letters!$C$56:$D$79,2,FALSE) & VLOOKUP($C27,Letters!$C$56:$D$79,2,FALSE) -> AI | E27: [U': [U' r2 U, R2]] | F27: U2 r2 U R2 U' r2 U R2 U | G27: =(len($F27)-len(SUBSTITUTE($F27,"R","")))+(len($F27)-len(SUBSTITUTE($F27,"L","")))+(len($F27)-len(SUBSTITUTE($F27,"U","")))+(len($F27)-len(SUBSTITUTE($F27,"D","")))+(len($F27)-len(SUBSTITUTE($F27,"F","")))+(len($F27)-len(SUBSTITUTE($F27,"B","")))+(len($F27)-len(SUBSTITUTE($F27,"r","")))+(len($F27)-len(SUBSTITUTE($F27,"l","")))+(len($F27)-len(SUBSTITUTE($F27,"u","")))+(len($F27)-len(SUBSTITUTE($F27,"d",""))) -> 9 | H27: =(len($F27)-len(SUBSTITUTE($F27,"R","")))+(len($F27)-len(SUBSTITUTE($F27,"L","")))+(len($F27)-len(SUBSTITUTE($F27,"U","")))+(len($F27)-len(SUBSTITUTE($F27,"D","")))+(len($F27)-len(SUBSTITUTE($F27,"F","")))+(len($F27)-len(SUBSTITUTE($F27,"B","")))+(len($F27)-len(SUBSTITUTE($F27,"r","")))+(len($F27)-len(SUBSTITUTE($F27,"l","")))+(len($F27)-len(SUBSTITUTE($F27,"u","")))+(len($F27)-len(SUBSTITUTE($F27,"d","")))+(len($F27)-len(SUBSTITUTE($F27,"2",""))) -> 14
B29: ULb | C29: UFl | D29: =VLOOKUP($B29,Letters!$C$56:$D$79,2,FALSE) & VLOOKUP($C29,Letters!$C$56:$D$79,2,FALSE) -> BA | E29: [U2 R: [U R' U', r2]] | F29: U2 R U R' U' r2 U R U' Rw2 R U2 | G29: =(len($F29)-len(SUBSTITUTE($F29,"R","")))+(len($F29)-len(SUBSTITUTE($F29,"L","")))+(len($F29)-len(SUBSTITUTE($F29,"U","")))+(len($F29)-len(SUBSTITUTE($F29,"D","")))+(len($F29)-len(SUBSTITUTE($F29,"F","")))+(len($F29)-len(SUBSTITUTE($F29,"B","")))+(len($F29)-len(SUBSTITUTE($F29,"r","")))+(len($F29)-len(SUBSTITUTE($F29,"l","")))+(len($F29)-len(SUBSTITUTE($F29,"u","")))+(len($F29)-len(SUBSTITUTE($F29,"d",""))) -> 12 | H29: =(len($F29)-len(SUBSTITUTE($F29,"R","")))+(len($F29)-len(SUBSTITUTE($F29,"L","")))+(len($F29)-len(SUBSTITUTE($F29,"U","")))+(len($F29)-len(SUBSTITUTE($F29,"D","")))+(len($F29)-len(SUBSTITUTE($F29,"F","")))+(len($F29)-len(SUBSTITUTE($F29,"B","")))+(len($F29)-len(SUBSTITUTE($F29,"r","")))+(len($F29)-len(SUBSTITUTE($F29,"l","")))+(len($F29)-len(SUBSTITUTE($F29,"u","")))+(len($F29)-len(SUBSTITUTE($F29,"d","")))+(len($F29)-len(SUBSTITUTE($F29,"2",""))) -> 16
B30: ULb | C30: UBr | D30: =VLOOKUP($B30,Letters!$C$56:$D$79,2,FALSE) & VLOOKUP($C30,Letters!$C$56:$D$79,2,FALSE) -> BC | E30: [U R: [r2, U R' U']] | F30: U R' Rw2 U R' U' r2 U R U' R' U' | G30: =(len($F30)-len(SUBSTITUTE($F30,"R","")))+(len($F30)-len(SUBSTITUTE($F30,"L","")))+(len($F30)-len(SUBSTITUTE($F30,"U","")))+(len($F30)-len(SUBSTITUTE($F30,"D","")))+(len($F30)-len(SUBSTITUTE($F30,"F","")))+(len($F30)-len(SUBSTITUTE($F30,"B","")))+(len($F30)-len(SUBSTITUTE($F30,"r","")))+(len($F30)-len(SUBSTITUTE($F30,"l","")))+(len($F30)-len(SUBSTITUTE($F30,"u","")))+(len($F30)-len(SUBSTITUTE($F30,"d",""))) -> 12 | H30: =(len($F30)-len(SUBSTITUTE($F30,"R","")))+(len($F30)-len(SUBSTITUTE($F30,"L","")))+(len($F30)-len(SUBSTITUTE($F30,"U","")))+(len($F30)-len(SUBSTITUTE($F30,"D","")))+(len($F30)-len(SUBSTITUTE($F30,"F","")))+(len($F30)-len(SUBSTITUTE($F30,"B","")))+(len($F30)-len(SUBSTITUTE($F30,"r","")))+(len($F30)-len(SUBSTITUTE($F30,"l","")))+(len($F30)-len(SUBSTITUTE($F30,"u","")))+(len($F30)-len(SUBSTITUTE($F30,"d","")))+(len($F30)-len(SUBSTITUTE($F30,"2",""))) -> 14
B31: ULb | C31: URf | D31: =VLOOKUP($B31,Letters!$C$56:$D$79,2,FALSE) & VLOOKUP($C31,Letters!$C$56:$D$79,2,FALSE) -> BD | E31: [Rw' U: [r', U R U']] | F31: Rw' U r' U R U' r U R' U2 Rw | G31: =(len($F31)-len(SUBSTITUTE($F31,"R","")))+(len($F31)-len(SUBSTITUTE($F31,"L","")))+(len($F31)-len(SUBSTITUTE($F31,"U","")))+(len($F31)-len(SUBSTITUTE($F31,"D","")))+(len($F31)-len(SUBSTITUTE($F31,"F","")))+(len($F31)-len(SUBSTITUTE($F31,"B","")))+(len($F31)-len(SUBSTITUTE($F31,"r","")))+(len($F31)-len(SUBSTITUTE($F31,"l","")))+(len($F31)-len(SUBSTITUTE($F31,"u","")))+(len($F31)-len(SUBSTITUTE($F31,"d",""))) -> 11 | H31: =(len($F31)-len(SUBSTITUTE($F31,"R","")))+(len($F31)-len(SUBSTITUTE($F31,"L","")))+(len($F31)-len(SUBSTITUTE($F31,"U","")))+(len($F31)-len(SUBSTITUTE($F31,"D","")))+(len($F31)-len(SUBSTITUTE($F31,"F","")))+(len($F31)-len(SUBSTITUTE($F31,"B","")))+(len($F31)-len(SUBSTITUTE($F31,"r","")))+(len($F31)-len(SUBSTITUTE($F31,"l","")))+(len($F31)-len(SUBSTITUTE($F31,"u","")))+(len($F31)-len(SUBSTITUTE($F31,"d","")))+(len($F31)-len(SUBSTITUTE($F31,"2",""))) -> 12
B32: ULb | C32: LDb | D32: =VLOOKUP($B32,Letters!$C$56:$D$79,2,FALSE) & VLOOKUP($C32,Letters!$C$56:$D$79,2,FALSE) -> BE | E32: [D': [L2, U r' U']] | F32: D' L2 U r' U' L2 U r U' D | G32: =(len($F32)-len(SUBSTITUTE($F32,"R","")))+(len($F32)-len(SUBSTITUTE($F32,"L","")))+(len($F32)-len(SUBSTITUTE($F32,"U","")))+(len($F32)-len(SUBSTITUTE($F32,"D","")))+(len($F32)-len(SUBSTITUTE($F32,"F","")))+(len($F32)-len(SUBSTITUTE($F32,"B","")))+(len($F32)-len(SUBSTITUTE($F32,"r","")))+(len($F32)-len(SUBSTITUTE($F32,"l","")))+(len($F32)-len(SUBSTITUTE($F32,"u","")))+(len($F32)-len(SUBSTITUTE($F32,"d",""))) -> 10 | H32: =(len($F32)-len(SUBSTITUTE($F32,"R","")))+(len($F32)-len(SUBSTITUTE($F32,"L","")))+(len($F32)-len(SUBSTITUTE($F32,"U","")))+(len($F32)-len(SUBSTITUTE($F32,"D","")))+(len($F32)-len(SUBSTITUTE($F32,"F","")))+(len($F32)-len(SUBSTITUTE($F32,"B","")))+(len($F32)-len(SUBSTITUTE($F32,"r","")))+(len($F32)-len(SUBSTITUTE($F32,"l","")))+(len($F32)-len(SUBSTITUTE($F32,"u","")))+(len($F32)-len(SUBSTITUTE($F32,"d","")))+(len($F32)-len(SUBSTITUTE($F32,"2",""))) -> 12
